Q0140,10
Q0160,10
YAL001C,10
YAL002W,10
YAL003W,10
YAL005C,10
YAL010C,10
YAL011W,10
YAL012W,10
YAL013W,10
YAL016W,10
YAL017W,10
YAL019W,10
YAL020C,10
YAL021C,10
YAL024C,10
YAL025C,10
YAL027W,10
YAL029C,10
YAL031C,10
YAL032C,10
YAL033W,10
YAL034C,10
YAL034W-A,10
YAL035W,10
YAL036C,10
YAL038W,10
YAL039C,10
YAL041W,10
YAL043C,10
YAL044C,10
YAL044W-A,10
YAL046C,10
YAL047C,10
YAL048C,10
YAL049C,10
YAL054C,10
YAL056W,10
YAL059W,10
YAL060W,10
YAL061W,10
YAL062W,10
YAR002W,10
YAR003W,10
YAR007C,10
YAR008W,10
YAR014C,10
YAR019C,10
YAR035W,10
YAR042W,10
YBL002W,10
YBL003C,10
YBL004W,10
YBL005W-B,10
YBL006C,10
YBL007C,10
YBL008W,10
YBL010C,10
YBL013W,10
YBL014C,10
YBL015W,10
YBL016W,10
YBL018C,10
YBL022C,10
YBL023C,10
YBL024W,10
YBL025W,10
YBL026W,10
YBL027W,10
YBL028C,10
YBL031W,10
YBL032W,10
YBL033C,10
YBL035C,10
YBL036C,10
YBL037W,10
YBL038W,10
YBL039C,10
YBL041W,10
YBL045C,10
YBL046W,10
YBL047C,10
YBL050W,10
YBL051C,10
YBL052C,10
YBL054W,10
YBL055C,10
YBL056W,10
YBL057C,10
YBL058W,10
YBL059C-A,10
YBL060W,10
YBL063W,10
YBL064C,10
YBL066C,10
YBL067C,10
YBL068W,10
YBL071W-A,10
YBL072C,10
YBL074C,10
YBL075C,10
YBL076C,10
YBL078C,10
YBL079W,10
YBL080C,10
YBL081W,10
YBL084C,10
YBL085W,10
YBL086C,10
YBL087C,10
YBL090W,10
YBL091C,10
YBL092W,10
YBL093C,10
YBL097W,10
YBL098W,10
YBL099W,10
YBL101C,10
YBL103C,10
YBL104C,10
YBL105C,10
YBR001C,10
YBR002C,10
YBR006W,10
YBR007C,10
YBR009C,10
YBR010W,10
YBR011C,10
YBR014C,10
YBR017C,10
YBR022W,10
YBR025C,10
YBR026C,10
YBR028C,10
YBR030W,10
YBR031W,10
YBR035C,10
YBR039W,10
YBR044C,10
YBR046C,10
YBR048W,10
YBR049C,10
YBR052C,10
YBR055C,10
YBR056W,10
YBR057C,10
YBR058C-A,10
YBR059C,10
YBR060C,10
YBR061C,10
YBR065C,10
YBR066C,10
YBR067C,10
YBR070C,10
YBR071W,10
YBR072W,10
YBR073W,10
YBR077C,10
YBR078W,10
YBR079C,10
YBR080C,10
YBR081C,10
YBR082C,10
YBR083W,10
YBR084C-A,10
YBR084W,10
YBR085C-A,10
YBR087W,10
YBR088C,10
YBR090C,10
YBR092C,10
YBR093C,10
YBR094W,10
YBR095C,10
YBR097W,10
YBR101C,10
YBR102C,10
YBR103W,10
YBR105C,10
YBR107C,10
YBR108W,10
YBR109C,10
YBR111C,10
YBR111W-A,10
YBR112C,10
YBR114W,10
YBR117C,10
YBR118W,10
YBR119W,10
YBR120C,10
YBR121C,10
YBR122C,10
YBR123C,10
YBR125C,10
YBR126C,10
YBR127C,10
YBR130C,10
YBR131W,10
YBR133C,10
YBR135W,10
YBR136W,10
YBR137W,10
YBR138C,10
YBR140C,10
YBR141C,10
YBR142W,10
YBR143C,10
YBR145W,10
YBR146W,10
YBR149W,10
YBR150C,10
YBR151W,10
YBR152W,10
YBR154C,10
YBR155W,10
YBR156C,10
YBR157C,10
YBR159W,10
YBR160W,10
YBR162C,10
YBR163W,10
YBR164C,10
YBR167C,10
YBR169C,10
YBR170C,10
YBR172C,10
YBR173C,10
YBR175W,10
YBR176W,10
YBR177C,10
YBR179C,10
YBR181C,10
YBR188C,10
YBR189W,10
YBR191W,10
YBR193C,10
YBR194W,10
YBR195C,10
YBR196C,10
YBR197C,10
YBR198C,10
YBR200W,10
YBR202W,10
YBR208C,10
YBR211C,10
YBR214W,10
YBR215W,10
YBR218C,10
YBR221C,10
YBR222C,10
YBR223C,10
YBR225W,10
YBR229C,10
YBR230C,10
YBR231C,10
YBR233W-A,10
YBR234C,10
YBR236C,10
YBR238C,10
YBR239C,10
YBR245C,10
YBR247C,10
YBR248C,10
YBR249C,10
YBR251W,10
YBR253W,10
YBR254C,10
YBR255W,10
YBR257W,10
YBR258C,10
YBR259W,10
YBR260C,10
YBR261C,10
YBR263W,10
YBR264C,10
YBR267W,10
YBR268W,10
YBR269C,10
YBR272C,10
YBR273C,10
YBR275C,10
YBR276C,10
YBR278W,10
YBR279W,10
YBR280C,10
YBR281C,10
YBR282W,10
YBR286W,10
YBR288C,10
YBR289W,10
YCL008C,10
YCL009C,10
YCL010C,10
YCL011C,10
YCL014W,10
YCL016C,10
YCL017C,10
YCL024W,10
YCL026C-A,10
YCL026C-B,10
YCL028W,10
YCL030C,10
YCL031C,10
YCL032W,10
YCL033C,10
YCL035C,10
YCL037C,10
YCL039W,10
YCL040W,10
YCL043C,10
YCL044C,10
YCL050C,10
YCL051W,10
YCL054W,10
YCL055W,10
YCL057W,10
YCL059C,10
YCL061C,10
YCL063W,10
YCL064C,10
YCR002C,10
YCR003W,10
YCR004C,10
YCR005C,10
YCR008W,10
YCR009C,10
YCR012W,10
YCR016W,10
YCR020C-A,10
YCR020W-B,10
YCR024C,10
YCR027C,10
YCR028C-A,10
YCR030C,10
YCR031C,10
YCR033W,10
YCR035C,10
YCR036W,10
YCR042C,10
YCR046C,10
YCR047C,10
YCR052W,10
YCR053W,10
YCR054C,10
YCR057C,10
YCR059C,10
YCR060W,10
YCR063W,10
YCR066W,10
YCR068W,10
YCR071C,10
YCR072C,10
YCR073W-A,10
YCR075W-A,10
YCR076C,10
YCR077C,10
YCR081W,10
YCR082W,10
YCR083W,10
YCR084C,10
YCR087C-A,10
YCR088W,10
YCR091W,10
YCR092C,10
YCR093W,10
YCR095C,10
YDL002C,10
YDL003W,10
YDL004W,10
YDL005C,10
YDL007W,10
YDL008W,10
YDL010W,10
YDL013W,10
YDL014W,10
YDL017W,10
YDL019C,10
YDL021W,10
YDL022W,10
YDL025C,10
YDL028C,10
YDL029W,10
YDL030W,10
YDL031W,10
YDL033C,10
YDL040C,10
YDL042C,10
YDL043C,10
YDL044C,10
YDL045C,10
YDL045W-A,10
YDL046W,10
YDL047W,10
YDL048C,10
YDL051W,10
YDL053C,10
YDL055C,10
YDL056W,10
YDL058W,10
YDL059C,10
YDL060W,10
YDL061C,10
YDL063C,10
YDL064W,10
YDL065C,10
YDL066W,10
YDL070W,10
YDL073W,10
YDL074C,10
YDL075W,10
YDL076C,10
YDL077C,10
YDL078C,10
YDL081C,10
YDL082W,10
YDL084W,10
YDL085C-A,10
YDL087C,10
YDL090C,10
YDL091C,10
YDL092W,10
YDL097C,10
YDL098C,10
YDL099W,10
YDL100C,10
YDL102W,10
YDL105W,10
YDL106C,10
YDL108W,10
YDL111C,10
YDL112W,10
YDL113C,10
YDL115C,10
YDL116W,10
YDL117W,10
YDL119C,10
YDL122W,10
YDL124W,10
YDL126C,10
YDL130W,10
YDL131W,10
YDL132W,10
YDL133C-A,10
YDL134C,10
YDL135C,10
YDL136W,10
YDL137W,10
YDL139C,10
YDL140C,10
YDL141W,10
YDL143W,10
YDL145C,10
YDL146W,10
YDL147W,10
YDL148C,10
YDL150W,10
YDL153C,10
YDL155W,10
YDL156W,10
YDL160C,10
YDL160C-A,10
YDL161W,10
YDL164C,10
YDL165W,10
YDL167C,10
YDL168W,10
YDL171C,10
YDL173W,10
YDL174C,10
YDL175C,10
YDL176W,10
YDL178W,10
YDL181W,10
YDL182W,10
YDL184C,10
YDL185W,10
YDL188C,10
YDL189W,10
YDL190C,10
YDL191W,10
YDL192W,10
YDL193W,10
YDL195W,10
YDL197C,10
YDL200C,10
YDL201W,10
YDL202W,10
YDL203C,10
YDL205C,10
YDL208W,10
YDL209C,10
YDL213C,10
YDL215C,10
YDL216C,10
YDL223C,10
YDL224C,10
YDL225W,10
YDL226C,10
YDL229W,10
YDL233W,10
YDL234C,10
YDL236W,10
YDL237W,10
YDL238C,10
YDL240W,10
YDR001C,10
YDR002W,10
YDR004W,10
YDR005C,10
YDR006C,10
YDR007W,10
YDR012W,10
YDR013W,10
YDR014W,10
YDR016C,10
YDR017C,10
YDR019C,10
YDR020C,10
YDR023W,10
YDR026C,10
YDR027C,10
YDR028C,10
YDR032C,10
YDR034C,10
YDR035W,10
YDR036C,10
YDR037W,10
YDR041W,10
YDR044W,10
YDR045C,10
YDR049W,10
YDR050C,10
YDR051C,10
YDR052C,10
YDR054C,10
YDR055W,10
YDR057W,10
YDR059C,10
YDR060W,10
YDR061W,10
YDR062W,10
YDR064W,10
YDR065W,10
YDR067C,10
YDR068W,10
YDR069C,10
YDR070C,10
YDR071C,10
YDR074W,10
YDR075W,10
YDR076W,10
YDR077W,10
YDR079C-A,10
YDR080W,10
YDR081C,10
YDR083W,10
YDR087C,10
YDR088C,10
YDR091C,10
YDR096W,10
YDR097C,10
YDR098C,10
YDR099W,10
YDR101C,10
YDR103W,10
YDR104C,10
YDR108W,10
YDR110W,10
YDR111C,10
YDR115W,10
YDR116C,10
YDR117C,10
YDR118W,10
YDR120C,10
YDR121W,10
YDR122W,10
YDR127W,10
YDR128W,10
YDR129C,10
YDR130C,10
YDR132C,10
YDR137W,10
YDR138W,10
YDR140W,10
YDR141C,10
YDR143C,10
YDR144C,10
YDR145W,10
YDR147W,10
YDR148C,10
YDR150W,10
YDR152W,10
YDR153C,10
YDR155C,10
YDR156W,10
YDR158W,10
YDR159W,10
YDR163W,10
YDR164C,10
YDR165W,10
YDR166C,10
YDR167W,10
YDR168W,10
YDR169C,10
YDR170C,10
YDR170W-A,10
YDR171W,10
YDR172W,10
YDR173C,10
YDR174W,10
YDR175C,10
YDR176W,10
YDR177W,10
YDR179C,10
YDR180W,10
YDR181C,10
YDR183W,10
YDR186C,10
YDR188W,10
YDR189W,10
YDR190C,10
YDR194C,10
YDR195W,10
YDR196C,10
YDR197W,10
YDR200C,10
YDR201W,10
YDR202C,10
YDR204W,10
YDR207C,10
YDR208W,10
YDR210W,10
YDR211W,10
YDR212W,10
YDR213W,10
YDR214W,10
YDR216W,10
YDR217C,10
YDR221W,10
YDR222W,10
YDR224C,10
YDR226W,10
YDR227W,10
YDR228C,10
YDR232W,10
YDR234W,10
YDR235W,10
YDR237W,10
YDR238C,10
YDR239C,10
YDR240C,10
YDR243C,10
YDR244W,10
YDR245W,10
YDR246W,10
YDR247W,10
YDR251W,10
YDR252W,10
YDR254W,10
YDR255C,10
YDR257C,10
YDR258C,10
YDR260C,10
YDR261C,10
YDR265W,10
YDR266C,10
YDR267C,10
YDR279W,10
YDR280W,10
YDR283C,10
YDR288W,10
YDR289C,10
YDR291W,10
YDR292C,10
YDR293C,10
YDR295C,10
YDR296W,10
YDR298C,10
YDR299W,10
YDR300C,10
YDR301W,10
YDR303C,10
YDR304C,10
YDR306C,10
YDR308C,10
YDR309C,10
YDR310C,10
YDR311W,10
YDR312W,10
YDR318W,10
YDR320C,10
YDR320C-A,10
YDR321W,10
YDR322C-A,10
YDR322W,10
YDR323C,10
YDR324C,10
YDR325W,10
YDR328C,10
YDR330W,10
YDR332W,10
YDR333C,10
YDR334W,10
YDR335W,10
YDR337W,10
YDR339C,10
YDR341C,10
YDR346C,10
YDR347W,10
YDR348C,10
YDR349C,10
YDR350C,10
YDR351W,10
YDR353W,10
YDR354W,10
YDR356W,10
YDR357C,10
YDR359C,10
YDR361C,10
YDR362C,10
YDR363W-A,10
YDR364C,10
YDR365C,10
YDR368W,10
YDR369C,10
YDR370C,10
YDR372C,10
YDR373W,10
YDR378C,10
YDR379C-A,10
YDR379W,10
YDR380W,10
YDR381C-A,10
YDR381W,10
YDR382W,10
YDR383C,10
YDR385W,10
YDR388W,10
YDR389W,10
YDR390C,10
YDR391C,10
YDR392W,10
YDR394W,10
YDR395W,10
YDR397C,10
YDR398W,10
YDR399W,10
YDR400W,10
YDR404C,10
YDR405W,10
YDR407C,10
YDR408C,10
YDR412W,10
YDR416W,10
YDR418W,10
YDR419W,10
YDR421W,10
YDR422C,10
YDR423C,10
YDR424C,10
YDR425W,10
YDR427W,10
YDR429C,10
YDR430C,10
YDR432W,10
YDR436W,10
YDR439W,10
YDR441C,10
YDR443C,10
YDR447C,10
YDR448W,10
YDR449C,10
YDR450W,10
YDR453C,10
YDR457W,10
YDR460W,10
YDR462W,10
YDR463W,10
YDR465C,10
YDR469W,10
YDR471W,10
YDR472W,10
YDR473C,10
YDR475C,10
YDR477W,10
YDR478W,10
YDR480W,10
YDR482C,10
YDR484W,10
YDR485C,10
YDR486C,10
YDR489W,10
YDR490C,10
YDR493W,10
YDR494W,10
YDR495C,10
YDR496C,10
YDR499W,10
YDR500C,10
YDR502C,10
YDR505C,10
YDR507C,10
YDR510W,10
YDR511W,10
YDR513W,10
YDR516C,10
YDR517W,10
YDR520C,10
YDR524C,10
YDR527W,10
YDR528W,10
YDR529C,10
YDR530C,10
YDR532C,10
YDR539W,10
YEL003W,10
YEL005C,10
YEL007W,10
YEL009C,10
YEL011W,10
YEL012W,10
YEL013W,10
YEL014C,10
YEL015W,10
YEL018W,10
YEL019C,10
YEL020C,10
YEL022W,10
YEL024W,10
YEL025C,10
YEL026W,10
YEL029C,10
YEL032W,10
YEL034W,10
YEL037C,10
YEL040W,10
YEL041W,10
YEL043W,10
YEL044W,10
YEL046C,10
YEL047C,10
YEL048C,10
YEL050C,10
YEL051W,10
YEL052W,10
YEL053C,10
YEL054C,10
YEL055C,10
YEL056W,10
YEL058W,10
YEL060C,10
YEL061C,10
YEL062W,10
YEL071W,10
YEL073C,10
YER002W,10
YER003C,10
YER006W,10
YER007C-A,10
YER007W,10
YER008C,10
YER011W,10
YER012W,10
YER013W,10
YER014W,10
YER015W,10
YER016W,10
YER018C,10
YER021W,10
YER022W,10
YER023W,10
YER024W,10
YER025W,10
YER027C,10
YER029C,10
YER030W,10
YER031C,10
YER032W,10
YER033C,10
YER035W,10
YER036C,10
YER037W,10
YER038C,10
YER040W,10
YER043C,10
YER045C,10
YER047C,10
YER048C,10
YER048W-A,10
YER049W,10
YER050C,10
YER052C,10
YER053C,10
YER054C,10
YER055C,10
YER056C-A,10
YER057C,10
YER059W,10
YER061C,10
YER062C,10
YER063W,10
YER065C,10
YER067W,10
YER068W,10
YER069W,10
YER070W,10
YER071C,10
YER073W,10
YER074W,10
YER075C,10
YER077C,10
YER078C,10
YER080W,10
YER081W,10
YER082C,10
YER086W,10
YER087W,10
YER088C,10
YER089C,10
YER090W,10
YER091C,10
YER092W,10
YER094C,10
YER095W,10
YER098W,10
YER099C,10
YER102W,10
YER103W,10
YER104W,10
YER105C,10
YER107C,10
YER110C,10
YER111C,10
YER112W,10
YER114C,10
YER116C,10
YER117W,10
YER122C,10
YER123W,10
YER124C,10
YER126C,10
YER127W,10
YER129W,10
YER131W,10
YER132C,10
YER133W,10
YER134C,10
YER136W,10
YER139C,10
YER143W,10
YER146W,10
YER147C,10
YER148W,10
YER149C,10
YER150W,10
YER151C,10
YER155C,10
YER156C,10
YER157W,10
YER158C,10
YER159C,10
YER161C,10
YER162C,10
YER163C,10
YER164W,10
YER165W,10
YER168C,10
YER170W,10
YER171W,10
YER172C,10
YER173W,10
YER174C,10
YER175C,10
YER176W,10
YER177W,10
YER178W,10
YER180C-A,10
YER182W,10
YER183C,10
YFL001W,10
YFL002C,10
YFL005W,10
YFL007W,10
YFL008W,10
YFL009W,10
YFL013C,10
YFL014W,10
YFL016C,10
YFL017C,10
YFL017W-A,10
YFL018C,10
YFL021W,10
YFL022C,10
YFL023W,10
YFL024C,10
YFL028C,10
YFL033C,10
YFL034C-A,10
YFL034C-B,10
YFL034W,10
YFL036W,10
YFL037W,10
YFL038C,10
YFL039C,10
YFL044C,10
YFL045C,10
YFL049W,10
YFR001W,10
YFR002W,10
YFR004W,10
YFR005C,10
YFR008W,10
YFR009W,10
YFR010W,10
YFR011C,10
YFR013W,10
YFR014C,10
YFR015C,10
YFR016C,10
YFR017C,10
YFR019W,10
YFR021W,10
YFR022W,10
YFR024C-A,10
YFR028C,10
YFR029W,10
YFR030W,10
YFR031C,10
YFR031C-A,10
YFR032C-A,10
YFR033C,10
YFR034C,10
YFR036W,10
YFR037C,10
YFR039C,10
YFR040W,10
YFR044C,10
YFR046C,10
YFR049W,10
YFR050C,10
YFR051C,10
YFR052W,10
YFR053C,10
YGL001C,10
YGL003C,10
YGL004C,10
YGL005C,10
YGL009C,10
YGL011C,10
YGL013C,10
YGL014W,10
YGL017W,10
YGL019W,10
YGL021W,10
YGL025C,10
YGL026C,10
YGL028C,10
YGL029W,10
YGL030W,10
YGL031C,10
YGL035C,10
YGL036W,10
YGL037C,10
YGL039W,10
YGL040C,10
YGL043W,10
YGL044C,10
YGL048C,10
YGL049C,10
YGL056C,10
YGL057C,10
YGL058W,10
YGL059W,10
YGL060W,10
YGL061C,10
YGL062W,10
YGL064C,10
YGL066W,10
YGL068W,10
YGL070C,10
YGL071W,10
YGL073W,10
YGL076C,10
YGL078C,10
YGL079W,10
YGL082W,10
YGL086W,10
YGL087C,10
YGL090W,10
YGL091C,10
YGL092W,10
YGL093W,10
YGL094C,10
YGL095C,10
YGL097W,10
YGL099W,10
YGL100W,10
YGL103W,10
YGL105W,10
YGL106W,10
YGL108C,10
YGL110C,10
YGL111W,10
YGL112C,10
YGL113W,10
YGL115W,10
YGL117W,10
YGL120C,10
YGL122C,10
YGL123W,10
YGL124C,10
YGL125W,10
YGL127C,10
YGL128C,10
YGL129C,10
YGL130W,10
YGL131C,10
YGL133W,10
YGL134W,10
YGL135W,10
YGL137W,10
YGL141W,10
YGL143C,10
YGL145W,10
YGL147C,10
YGL148W,10
YGL150C,10
YGL151W,10
YGL153W,10
YGL155W,10
YGL156W,10
YGL157W,10
YGL166W,10
YGL169W,10
YGL171W,10
YGL172W,10
YGL173C,10
YGL174W,10
YGL175C,10
YGL178W,10
YGL179C,10
YGL180W,10
YGL181W,10
YGL184C,10
YGL185C,10
YGL187C,10
YGL189C,10
YGL190C,10
YGL194C,10
YGL195W,10
YGL197W,10
YGL201C,10
YGL202W,10
YGL205W,10
YGL206C,10
YGL207W,10
YGL208W,10
YGL210W,10
YGL211W,10
YGL212W,10
YGL213C,10
YGL219C,10
YGL220W,10
YGL222C,10
YGL223C,10
YGL227W,10
YGL228W,10
YGL229C,10
YGL232W,10
YGL233W,10
YGL234W,10
YGL240W,10
YGL241W,10
YGL244W,10
YGL245W,10
YGL246C,10
YGL249W,10
YGL252C,10
YGL253W,10
YGL254W,10
YGL256W,10
YGR001C,10
YGR002C,10
YGR003W,10
YGR005C,10
YGR006W,10
YGR007W,10
YGR008C,10
YGR009C,10
YGR010W,10
YGR012W,10
YGR013W,10
YGR019W,10
YGR020C,10
YGR024C,10
YGR027C,10
YGR030C,10
YGR034W,10
YGR037C,10
YGR040W,10
YGR042W,10
YGR043C,10
YGR044C,10
YGR046W,10
YGR047C,10
YGR048W,10
YGR052W,10
YGR054W,10
YGR056W,10
YGR057C,10
YGR061C,10
YGR063C,10
YGR068C,10
YGR070W,10
YGR071C,10
YGR072W,10
YGR074W,10
YGR075C,10
YGR076C,10
YGR077C,10
YGR078C,10
YGR080W,10
YGR081C,10
YGR082W,10
YGR083C,10
YGR084C,10
YGR085C,10
YGR086C,10
YGR087C,10
YGR088W,10
YGR089W,10
YGR090W,10
YGR091W,10
YGR092W,10
YGR093W,10
YGR094W,10
YGR095C,10
YGR097W,10
YGR099W,10
YGR102C,10
YGR103W,10
YGR104C,10
YGR108W,10
YGR111W,10
YGR113W,10
YGR116W,10
YGR117C,10
YGR118W,10
YGR119C,10
YGR120C,10
YGR122W,10
YGR123C,10
YGR124W,10
YGR126W,10
YGR127W,10
YGR128C,10
YGR129W,10
YGR130C,10
YGR134W,10
YGR135W,10
YGR136W,10
YGR140W,10
YGR145W,10
YGR148C,10
YGR150C,10
YGR152C,10
YGR155W,10
YGR156W,10
YGR158C,10
YGR159C,10
YGR161C,10
YGR162W,10
YGR163W,10
YGR165W,10
YGR166W,10
YGR167W,10
YGR170W,10
YGR171C,10
YGR173W,10
YGR175C,10
YGR177C,10
YGR178C,10
YGR179C,10
YGR180C,10
YGR184C,10
YGR185C,10
YGR186W,10
YGR187C,10
YGR188C,10
YGR189C,10
YGR192C,10
YGR193C,10
YGR194C,10
YGR195W,10
YGR196C,10
YGR198W,10
YGR200C,10
YGR204W,10
YGR205W,10
YGR206W,10
YGR207C,10
YGR208W,10
YGR209C,10
YGR210C,10
YGR211W,10
YGR214W,10
YGR215W,10
YGR218W,10
YGR220C,10
YGR222W,10
YGR229C,10
YGR232W,10
YGR233C,10
YGR234W,10
YGR237C,10
YGR238C,10
YGR239C,10
YGR240C,10
YGR241C,10
YGR244C,10
YGR245C,10
YGR246C,10
YGR248W,10
YGR250C,10
YGR252W,10
YGR253C,10
YGR254W,10
YGR255C,10
YGR256W,10
YGR261C,10
YGR262C,10
YGR263C,10
YGR264C,10
YGR266W,10
YGR267C,10
YGR270W,10
YGR271C-A,10
YGR271W,10
YGR274C,10
YGR275W,10
YGR277C,10
YGR278W,10
YGR280C,10
YGR282C,10
YGR283C,10
YGR285C,10
YGR286C,10
YHL001W,10
YHL002W,10
YHL004W,10
YHL011C,10
YHL013C,10
YHL014C,10
YHL015W,10
YHL018W,10
YHL019C,10
YHL020C,10
YHL021C,10
YHL023C,10
YHL025W,10
YHL027W,10
YHL029C,10
YHL030W,10
YHL032C,10
YHL033C,10
YHL034C,10
YHL038C,10
YHR001W,10
YHR003C,10
YHR005C,10
YHR006W,10
YHR007C,10
YHR008C,10
YHR009C,10
YHR010W,10
YHR011W,10
YHR012W,10
YHR013C,10
YHR015W,10
YHR016C,10
YHR018C,10
YHR019C,10
YHR020W,10
YHR021C,10
YHR023W,10
YHR024C,10
YHR027C,10
YHR030C,10
YHR031C,10
YHR034C,10
YHR037W,10
YHR038W,10
YHR039C,10
YHR039C-A,10
YHR041C,10
YHR047C,10
YHR051W,10
YHR052W,10
YHR053C,10
YHR055C,10
YHR056C,10
YHR058C,10
YHR059W,10
YHR060W,10
YHR061C,10
YHR062C,10
YHR063C,10
YHR064C,10
YHR066W,10
YHR067W,10
YHR068W,10
YHR069C,10
YHR072W,10
YHR072W-A,10
YHR073W,10
YHR074W,10
YHR076W,10
YHR077C,10
YHR081W,10
YHR082C,10
YHR083W,10
YHR084W,10
YHR085W,10
YHR086W,10
YHR087W,10
YHR088W,10
YHR089C,10
YHR090C,10
YHR097C,10
YHR098C,10
YHR102W,10
YHR103W,10
YHR104W,10
YHR106W,10
YHR107C,10
YHR108W,10
YHR111W,10
YHR112C,10
YHR113W,10
YHR114W,10
YHR115C,10
YHR117W,10
YHR118C,10
YHR119W,10
YHR121W,10
YHR122W,10
YHR127W,10
YHR128W,10
YHR129C,10
YHR131C,10
YHR132C,10
YHR132W-A,10
YHR135C,10
YHR136C,10
YHR137W,10
YHR138C,10
YHR141C,10
YHR143W-A,10
YHR144C,10
YHR146W,10
YHR147C,10
YHR148W,10
YHR154W,10
YHR156C,10
YHR158C,10
YHR159W,10
YHR161C,10
YHR163W,10
YHR164C,10
YHR165C,10
YHR166C,10
YHR167W,10
YHR169W,10
YHR170W,10
YHR172W,10
YHR174W,10
YHR178W,10
YHR179W,10
YHR183W,10
YHR186C,10
YHR187W,10
YHR189W,10
YHR191C,10
YHR193C,10
YHR195W,10
YHR196W,10
YHR197W,10
YHR198C,10
YHR199C,10
YHR200W,10
YHR201C,10
YHR202W,10
YHR203C,10
YHR205W,10
YHR206W,10
YHR207C,10
YHR208W,10
YHR216W,10
YIL001W,10
YIL002C,10
YIL002W-A,10
YIL003W,10
YIL007C,10
YIL008W,10
YIL009W,10
YIL010W,10
YIL015W,10
YIL016W,10
YIL017C,10
YIL019W,10
YIL021W,10
YIL022W,10
YIL026C,10
YIL031W,10
YIL033C,10
YIL034C,10
YIL035C,10
YIL036W,10
YIL038C,10
YIL042C,10
YIL043C,10
YIL044C,10
YIL045W,10
YIL046W,10
YIL050W,10
YIL051C,10
YIL052C,10
YIL053W,10
YIL056W,10
YIL057C,10
YIL061C,10
YIL062C,10
YIL063C,10
YIL066C,10
YIL068C,10
YIL069C,10
YIL070C,10
YIL071C,10
YIL074C,10
YIL075C,10
YIL076W,10
YIL078W,10
YIL079C,10
YIL083C,10
YIL084C,10
YIL091C,10
YIL093C,10
YIL094C,10
YIL095W,10
YIL096C,10
YIL097W,10
YIL098C,10
YIL101C,10
YIL103W,10
YIL104C,10
YIL105C,10
YIL106W,10
YIL107C,10
YIL108W,10
YIL109C,10
YIL110W,10
YIL112W,10
YIL115C,10
YIL119C,10
YIL123W,10
YIL124W,10
YIL125W,10
YIL126W,10
YIL127C,10
YIL128W,10
YIL129C,10
YIL131C,10
YIL133C,10
YIL135C,10
YIL136W,10
YIL138C,10
YIL142W,10
YIL143C,10
YIL144W,10
YIL145C,10
YIL148W,10
YIL149C,10
YIL150C,10
YIL151C,10
YIL153W,10
YIL154C,10
YIL155C,10
YIL156W,10
YIL156W-B,10
YIL160C,10
YIL161W,10
YIR001C,10
YIR002C,10
YIR003W,10
YIR004W,10
YIR005W,10
YIR006C,10
YIR007W,10
YIR008C,2
YIR009W,10
YIR010W,10
YIR011C,10
YIR012W,10
YIR015W,10
YIR018W,10
YIR025W,10
YIR026C,10
YIR034C,10
YIR035C,10
YIR037W,10
YJL001W,10
YJL005W,10
YJL006C,10
YJL008C,10
YJL010C,10
YJL011C,10
YJL014W,10
YJL020C,10
YJL023C,10
YJL024C,10
YJL025W,10
YJL026W,10
YJL029C,10
YJL030W,10
YJL033W,10
YJL034W,10
YJL035C,10
YJL036W,10
YJL039C,10
YJL041W,10
YJL042W,10
YJL043W,10
YJL044C,10
YJL045W,10
YJL047C,10
YJL048C,10
YJL050W,10
YJL052W,10
YJL053W,10
YJL054W,10
YJL055W,10
YJL061W,10
YJL063C,10
YJL065C,10
YJL066C,10
YJL069C,10
YJL070C,10
YJL071W,10
YJL072C,10
YJL074C,10
YJL076W,10
YJL078C,10
YJL079C,10
YJL080C,10
YJL081C,10
YJL082W,10
YJL084C,10
YJL085W,10
YJL095W,10
YJL096W,10
YJL098W,10
YJL099W,10
YJL104W,10
YJL109C,10
YJL111W,10
YJL112W,10
YJL115W,10
YJL122W,10
YJL123C,10
YJL124C,10
YJL125C,10
YJL128C,10
YJL130C,10
YJL131C,10
YJL136C,10
YJL137C,10
YJL138C,10
YJL139C,10
YJL140W,10
YJL141C,10
YJL145W,10
YJL146W,10
YJL147C,10
YJL148W,10
YJL149W,10
YJL153C,10
YJL154C,10
YJL155C,10
YJL159W,10
YJL164C,10
YJL165C,10
YJL167W,10
YJL168C,10
YJL171C,10
YJL173C,10
YJL176C,10
YJL177W,10
YJL179W,10
YJL180C,10
YJL184W,10
YJL189W,10
YJL190C,10
YJL191W,10
YJL197W,10
YJL200C,10
YJL201W,10
YJL203W,10
YJL204C,10
YJL207C,10
YJL208C,10
YJL209W,10
YJL210W,10
YJL217W,10
YJR002W,10
YJR005W,10
YJR006W,10
YJR007W,10
YJR008W,10
YJR009C,10
YJR010W,10
YJR011C,10
YJR014W,10
YJR016C,10
YJR017C,10
YJR019C,10
YJR022W,10
YJR024C,10
YJR025C,10
YJR027W,10
YJR029W,10
YJR033C,10
YJR035W,10
YJR039W,10
YJR041C,10
YJR042W,10
YJR043C,10
YJR045C,10
YJR047C,10
YJR048W,10
YJR049C,10
YJR050W,10
YJR051W,10
YJR052W,10
YJR053W,10
YJR055W,10
YJR057W,10
YJR058C,10
YJR059W,10
YJR063W,10
YJR064W,10
YJR065C,10
YJR066W,10
YJR067C,10
YJR068W,10
YJR069C,10
YJR070C,10
YJR072C,10
YJR074W,10
YJR076C,10
YJR077C,10
YJR080C,10
YJR082C,10
YJR083C,10
YJR084W,10
YJR086W,10
YJR088C,10
YJR090C,10
YJR091C,10
YJR092W,10
YJR093C,10
YJR094W-A,10
YJR095W,10
YJR096W,10
YJR101W,10
YJR102C,10
YJR104C,10
YJR105W,10
YJR109C,10
YJR111C,10
YJR112W,10
YJR113C,10
YJR119C,10
YJR121W,10
YJR122W,10
YJR123W,10
YJR125C,10
YJR127C,10
YJR129C,10
YJR131W,10
YJR132W,10
YJR133W,10
YJR134C,10
YJR135C,10
YJR136C,10
YJR137C,10
YJR138W,10
YJR139C,10
YJR140C,10
YJR144W,10
YJR145C,10
YJR147W,10
YJR148W,10
YJR149W,10
YKL001C,10
YKL002W,10
YKL003C,10
YKL005C,10
YKL006W,10
YKL007W,10
YKL009W,10
YKL010C,10
YKL011C,10
YKL012W,10
YKL013C,10
YKL014C,10
YKL015W,10
YKL016C,10
YKL017C,10
YKL018C-A,10
YKL018W,10
YKL019W,10
YKL021C,10
YKL022C,10
YKL023W,10
YKL024C,10
YKL025C,10
YKL026C,10
YKL027W,10
YKL028W,10
YKL029C,10
YKL032C,10
YKL033W,10
YKL033W-A,10
YKL035W,10
YKL038W,10
YKL040C,10
YKL041W,10
YKL042W,10
YKL043W,10
YKL047W,10
YKL048C,10
YKL049C,10
YKL052C,10
YKL053C-A,10
YKL054C,10
YKL055C,10
YKL056C,10
YKL057C,10
YKL058W,10
YKL059C,10
YKL060C,10
YKL061W,10
YKL062W,10
YKL067W,10
YKL068W,10
YKL071W,10
YKL072W,10
YKL073W,10
YKL074C,10
YKL075C,10
YKL078W,10
YKL080W,10
YKL081W,10
YKL082C,10
YKL085W,10
YKL086W,10
YKL088W,10
YKL089W,10
YKL090W,10
YKL091C,10
YKL092C,10
YKL093W,10
YKL094W,10
YKL095W,10
YKL096W,10
YKL096W-A,10
YKL099C,10
YKL101W,10
YKL103C,10
YKL104C,10
YKL105C,10
YKL110C,10
YKL112W,10
YKL113C,10
YKL114C,10
YKL116C,10
YKL117W,10
YKL121W,10
YKL122C,10
YKL125W,10
YKL126W,10
YKL127W,10
YKL128C,10
YKL129C,10
YKL130C,10
YKL134C,10
YKL135C,10
YKL138C,10
YKL138C-A,10
YKL139W,10
YKL140W,10
YKL142W,10
YKL143W,10
YKL144C,10
YKL145W,10
YKL148C,10
YKL149C,10
YKL150W,10
YKL151C,10
YKL152C,10
YKL154W,10
YKL155C,10
YKL156W,10
YKL157W,10
YKL159C,10
YKL160W,10
YKL162C,10
YKL164C,10
YKL166C,10
YKL167C,10
YKL168C,10
YKL170W,10
YKL171W,10
YKL172W,10
YKL173W,10
YKL176C,10
YKL180W,10
YKL181W,10
YKL182W,10
YKL185W,10
YKL186C,10
YKL189W,10
YKL190W,10
YKL191W,10
YKL192C,10
YKL193C,10
YKL194C,10
YKL195W,10
YKL196C,10
YKL197C,10
YKL198C,10
YKL203C,10
YKL204W,10
YKL205W,7
YKL206C,10
YKL210W,10
YKL211C,10
YKL213C,10
YKL214C,10
YKL216W,10
YKL222C,10
YKR001C,10
YKR002W,10
YKR003W,10
YKR006C,10
YKR007W,10
YKR008W,10
YKR009C,10
YKR010C,10
YKR013W,10
YKR014C,10
YKR016W,10
YKR018C,10
YKR019C,10
YKR020W,10
YKR022C,10
YKR023W,10
YKR024C,10
YKR025W,10
YKR026C,10
YKR027W,10
YKR028W,10
YKR029C,10
YKR031C,10
YKR035W-A,10
YKR036C,10
YKR037C,10
YKR038C,10
YKR041W,10
YKR042W,10
YKR043C,10
YKR048C,10
YKR049C,10
YKR052C,10
YKR057W,10
YKR058W,10
YKR059W,10
YKR060W,10
YKR062W,10
YKR063C,10
YKR064W,10
YKR066C,10
YKR068C,10
YKR071C,10
YKR072C,10
YKR079C,10
YKR080W,10
YKR081C,10
YKR082W,10
YKR083C,10
YKR084C,10
YKR085C,10
YKR086W,10
YKR087C,10
YKR089C,10
YKR090W,10
YKR092C,10
YKR094C,10
YKR095W,10
YKR095W-A,10
YKR096W,10
YKR099W,10
YLL001W,10
YLL002W,10
YLL003W,10
YLL004W,10
YLL007C,10
YLL008W,10
YLL010C,10
YLL011W,10
YLL012W,10
YLL013C,10
YLL018C,10
YLL021W,10
YLL022C,10
YLL024C,10
YLL026W,10
YLL027W,10
YLL029W,10
YLL032C,10
YLL033W,10
YLL034C,10
YLL035W,10
YLL036C,10
YLL040C,10
YLL041C,10
YLL045C,10
YLL050C,10
YLL054C,10
YLR002C,10
YLR003C,10
YLR005W,10
YLR006C,10
YLR007W,10
YLR008C,10
YLR009W,10
YLR011W,10
YLR015W,10
YLR016C,10
YLR017W,10
YLR021W,10
YLR022C,10
YLR024C,10
YLR025W,10
YLR027C,10
YLR028C,10
YLR029C,10
YLR032W,10
YLR033W,10
YLR035C,10
YLR035C-A,10
YLR038C,10
YLR039C,10
YLR043C,10
YLR044C,10
YLR045C,10
YLR048W,10
YLR051C,10
YLR052W,10
YLR055C,10
YLR058C,10
YLR060W,10
YLR061W,10
YLR071C,10
YLR074C,10
YLR075W,10
YLR079W,10
YLR085C,10
YLR086W,10
YLR089C,10
YLR090W,10
YLR091W,10
YLR094C,10
YLR095C,10
YLR096W,10
YLR097C,10
YLR100W,10
YLR102C,10
YLR103C,10
YLR104W,10
YLR105C,10
YLR107W,10
YLR108C,10
YLR109W,10
YLR110C,10
YLR113W,10
YLR115W,10
YLR116W,10
YLR117C,10
YLR118C,10
YLR120C,10
YLR127C,10
YLR129W,10
YLR131C,10
YLR132C,10
YLR133W,10
YLR134W,10
YLR135W,10
YLR136C,10
YLR139C,10
YLR141W,10
YLR143W,10
YLR145W,10
YLR146C,10
YLR147C,10
YLR148W,10
YLR149C,10
YLR150W,10
YLR153C,10
YLR154C,10
YLR163C,10
YLR166C,10
YLR168C,10
YLR170C,10
YLR175W,10
YLR176C,10
YLR177W,10
YLR178C,10
YLR180W,10
YLR181C,10
YLR182W,10
YLR183C,10
YLR185W,10
YLR186W,10
YLR189C,10
YLR190W,10
YLR191W,10
YLR192C,10
YLR193C,10
YLR194C,10
YLR195C,10
YLR196W,10
YLR197W,10
YLR199C,10
YLR200W,10
YLR201C,10
YLR203C,10
YLR206W,10
YLR208W,10
YLR210W,10
YLR211C,10
YLR212C,10
YLR215C,10
YLR216C,10
YLR219W,10
YLR221C,10
YLR222C,10
YLR223C,10
YLR224W,10
YLR225C,10
YLR226W,10
YLR227W-B,10
YLR228C,10
YLR229C,10
YLR231C,10
YLR234W,10
YLR238W,10
YLR239C,10
YLR240W,10
YLR243W,10
YLR244C,10
YLR247C,10
YLR248W,10
YLR249W,10
YLR250W,10
YLR253W,10
YLR257W,10
YLR258W,10
YLR259C,10
YLR260W,10
YLR262C,10
YLR264W,10
YLR266C,10
YLR270W,10
YLR271W,10
YLR272C,10
YLR274W,10
YLR275W,10
YLR276C,10
YLR277C,10
YLR278C,10
YLR281C,10
YLR285W,10
YLR287C-A,10
YLR290C,10
YLR291C,10
YLR292C,10
YLR293C,10
YLR295C,10
YLR298C,10
YLR299W,10
YLR300W,10
YLR304C,10
YLR305C,10
YLR309C,10
YLR310C,10
YLR312W-A,10
YLR313C,10
YLR314C,10
YLR315W,10
YLR316C,10
YLR319C,10
YLR321C,10
YLR323C,10
YLR325C,10
YLR327C,10
YLR328W,10
YLR330W,10
YLR333C,10
YLR335W,10
YLR336C,10
YLR337C,10
YLR340W,10
YLR344W,10
YLR345W,10
YLR347C,10
YLR351C,10
YLR352W,10
YLR354C,10
YLR355C,10
YLR357W,10
YLR359W,10
YLR360W,10
YLR362W,10
YLR363C,10
YLR363W-A,10
YLR367W,10
YLR369W,10
YLR370C,10
YLR371W,10
YLR373C,10
YLR376C,10
YLR380W,10
YLR381W,10
YLR382C,10
YLR383W,10
YLR384C,10
YLR385C,10
YLR386W,10
YLR387C,10
YLR388W,10
YLR390W-A,10
YLR392C,10
YLR393W,10
YLR396C,10
YLR397C,10
YLR398C,10
YLR399C,10
YLR401C,10
YLR403W,10
YLR405W,10
YLR406C,10
YLR407W,10
YLR408C,10
YLR409C,10
YLR410W,10
YLR417W,10
YLR418C,10
YLR419W,10
YLR420W,10
YLR421C,10
YLR422W,10
YLR424W,10
YLR425W,10
YLR427W,10
YLR430W,10
YLR432W,10
YLR433C,10
YLR435W,10
YLR436C,10
YLR438C-A,10
YLR438W,10
YLR439W,10
YLR440C,10
YLR441C,10
YLR442C,10
YLR447C,10
YLR448W,10
YLR449W,10
YLR452C,10
YLR454W,10
YLR455W,10
YLR456W,10
YLR457C,10
YML001W,10
YML004C,10
YML005W,10
YML006C,10
YML007W,10
YML008C,10
YML009C,10
YML010W,10
YML013W,10
YML014W,10
YML015C,10
YML016C,10
YML017W,10
YML020W,10
YML021C,10
YML022W,10
YML023C,10
YML024W,10
YML025C,10
YML026C,10
YML027W,10
YML028W,10
YML032C,10
YML035C,10
YML036W,10
YML037C,10
YML039W,10
YML041C,10
YML042W,10
YML043C,10
YML046W,10
YML048W,10
YML049C,10
YML051W,10
YML056C,10
YML057W,10
YML058W,10
YML058W-A,10
YML060W,10
YML061C,10
YML062C,10
YML063W,10
YML065W,10
YML069W,10
YML070W,10
YML071C,10
YML073C,10
YML074C,10
YML077W,10
YML078W,10
YML079W,10
YML080W,10
YML081W,10
YML082W,10
YML085C,10
YML088W,10
YML091C,10
YML092C,10
YML093W,10
YML094W,10
YML095C,10
YML098W,10
YML099C,10
YML100W,10
YML102W,10
YML103C,10
YML105C,10
YML106W,10
YML107C,10
YML109W,10
YML110C,10
YML111W,10
YML112W,10
YML114C,10
YML115C,10
YML117W,10
YML119W,10
YML120C,10
YML121W,10
YML124C,10
YML127W,10
YML130C,10
YMR001C,10
YMR002W,10
YMR005W,10
YMR008C,10
YMR012W,10
YMR014W,10
YMR021C,10
YMR022W,10
YMR024W,10
YMR025W,10
YMR026C,10
YMR027W,10
YMR028W,10
YMR029C,10
YMR031C,10
YMR032W,10
YMR033W,10
YMR036C,10
YMR037C,10
YMR038C,10
YMR039C,10
YMR042W,10
YMR043W,10
YMR044W,10
YMR047C,10
YMR048W,10
YMR049C,10
YMR052W,10
YMR059W,10
YMR060C,10
YMR061W,10
YMR064W,10
YMR066W,10
YMR067C,10
YMR069W,10
YMR070W,10
YMR072W,10
YMR074C,10
YMR075W,10
YMR076C,10
YMR077C,10
YMR078C,10
YMR079W,10
YMR080C,10
YMR083W,10
YMR086W,10
YMR091C,10
YMR092C,10
YMR093W,10
YMR094W,10
YMR097C,10
YMR098C,10
YMR099C,10
YMR100W,10
YMR102C,10
YMR104C,10
YMR106C,10
YMR108W,10
YMR109W,10
YMR110C,10
YMR112C,10
YMR115W,10
YMR116C,10
YMR117C,10
YMR120C,10
YMR121C,10
YMR124W,10
YMR125W,10
YMR127C,10
YMR128W,10
YMR130W,10
YMR131C,10
YMR135C,10
YMR138W,10
YMR139W,10
YMR142C,10
YMR143W,10
YMR144W,10
YMR145C,10
YMR146C,10
YMR153W,10
YMR157C,10
YMR158W,10
YMR159C,10
YMR160W,10
YMR163C,10
YMR164C,10
YMR165C,10
YMR167W,10
YMR168C,10
YMR169C,10
YMR170C,10
YMR172W,10
YMR173W,10
YMR174C,10
YMR175W,10
YMR176W,10
YMR178W,10
YMR179W,10
YMR186W,10
YMR188C,10
YMR189W,10
YMR190C,10
YMR192W,10
YMR193W,10
YMR194W,10
YMR195W,10
YMR198W,10
YMR199W,10
YMR200W,10
YMR202W,10
YMR203W,10
YMR205C,10
YMR206W,10
YMR207C,10
YMR209C,10
YMR210W,10
YMR212C,10
YMR213W,10
YMR214W,10
YMR215W,10
YMR216C,10
YMR217W,10
YMR218C,10
YMR219W,10
YMR223W,10
YMR224C,10
YMR225C,10
YMR226C,10
YMR227C,10
YMR229C,10
YMR230W,10
YMR231W,10
YMR232W,10
YMR233W,10
YMR235C,10
YMR236W,10
YMR237W,10
YMR240C,10
YMR241W,10
YMR242C,10
YMR246W,10
YMR251W-A,10
YMR255W,10
YMR258C,10
YMR259C,10
YMR260C,10
YMR261C,10
YMR263W,10
YMR265C,10
YMR267W,10
YMR269W,10
YMR270C,10
YMR271C,10
YMR273C,10
YMR275C,10
YMR276W,10
YMR277W,10
YMR280C,10
YMR282C,10
YMR283C,10
YMR284W,10
YMR285C,10
YMR286W,10
YMR287C,10
YMR288W,10
YMR290C,10
YMR291W,10
YMR293C,10
YMR294W,10
YMR295C,10
YMR297W,10
YMR299C,10
YMR300C,10
YMR303C,10
YMR304W,10
YMR307W,10
YMR308C,10
YMR309C,10
YMR310C,10
YMR311C,10
YMR312W,10
YMR313C,10
YMR314W,10
YMR315W,10
YMR316W,10
YMR318C,10
YNL001W,10
YNL002C,10
YNL003C,10
YNL004W,10
YNL005C,10
YNL006W,10
YNL007C,10
YNL010W,10
YNL014W,10
YNL015W,10
YNL016W,10
YNL020C,10
YNL021W,10
YNL022C,10
YNL023C,10
YNL025C,10
YNL030W,10
YNL031C,10
YNL032W,10
YNL035C,10
YNL036W,10
YNL037C,10
YNL039W,10
YNL041C,10
YNL042W,10
YNL047C,10
YNL049C,10
YNL050C,10
YNL051W,10
YNL053W,10
YNL054W-B,10
YNL055C,10
YNL056W,10
YNL059C,10
YNL061W,10
YNL062C,10
YNL063W,10
YNL064C,10
YNL066W,10
YNL067W,10
YNL068C,10
YNL069C,10
YNL071W,10
YNL072W,10
YNL073W,10
YNL074C,10
YNL075W,10
YNL076W,10
YNL077W,10
YNL078W,10
YNL079C,10
YNL081C,10
YNL082W,10
YNL084C,10
YNL085W,10
YNL086W,10
YNL088W,10
YNL091W,10
YNL094W,10
YNL096C,10
YNL097C,10
YNL098C,10
YNL099C,10
YNL100W,10
YNL102W,10
YNL103W,10
YNL104C,10
YNL106C,10
YNL107W,10
YNL108C,10
YNL110C,10
YNL112W,10
YNL113W,10
YNL116W,10
YNL117W,10
YNL118C,10
YNL119W,10
YNL121C,10
YNL122C,10
YNL123W,10
YNL124W,10
YNL126W,10
YNL127W,10
YNL129W,10
YNL132W,10
YNL133C,10
YNL134C,10
YNL135C,10
YNL136W,10
YNL137C,10
YNL138W,10
YNL139C,10
YNL141W,10
YNL147W,10
YNL148C,10
YNL151C,10
YNL153C,10
YNL154C,10
YNL155W,10
YNL157W,10
YNL160W,10
YNL161W,10
YNL162W,10
YNL163C,10
YNL164C,10
YNL166C,10
YNL167C,10
YNL168C,10
YNL172W,10
YNL173C,10
YNL175C,10
YNL177C,10
YNL178W,10
YNL181W,10
YNL182C,10
YNL183C,10
YNL185C,10
YNL186W,10
YNL189W,10
YNL190W,10
YNL191W,10
YNL197C,10
YNL199C,10
YNL201C,10
YNL206C,10
YNL207W,10
YNL208W,10
YNL209W,10
YNL212W,10
YNL213C,10
YNL215W,10
YNL216W,10
YNL217W,10
YNL218W,10
YNL220W,10
YNL221C,10
YNL222W,10
YNL224C,10
YNL225C,10
YNL227C,10
YNL229C,10
YNL230C,10
YNL231C,10
YNL232W,10
YNL233W,10
YNL234W,10
YNL236W,10
YNL241C,10
YNL242W,10
YNL243W,10
YNL244C,10
YNL245C,10
YNL246W,10
YNL247W,10
YNL248C,10
YNL250W,10
YNL251C,10
YNL252C,10
YNL253W,10
YNL258C,10
YNL261W,10
YNL262W,10
YNL264C,10
YNL265C,10
YNL267W,10
YNL271C,10
YNL272C,10
YNL273W,10
YNL278W,10
YNL282W,10
YNL284C,10
YNL287W,10
YNL288W,10
YNL290W,10
YNL292W,10
YNL295W,10
YNL297C,10
YNL298W,10
YNL299W,10
YNL301C,10
YNL302C,10
YNL306W,10
YNL307C,10
YNL308C,10
YNL309W,10
YNL310C,10
YNL311C,10
YNL312W,10
YNL313C,10
YNL314W,10
YNL315C,10
YNL316C,10
YNL317W,10
YNL322C,10
YNL325C,10
YNL327W,10
YNL329C,10
YNL330C,10
YNR001C,10
YNR003C,10
YNR004W,10
YNR006W,10
YNR007C,10
YNR010W,10
YNR011C,10
YNR012W,10
YNR016C,10
YNR017W,10
YNR022C,10
YNR023W,10
YNR024W,10
YNR027W,10
YNR029C,10
YNR031C,10
YNR032W,10
YNR034W,10
YNR034W-A,10
YNR035C,10
YNR036C,10
YNR037C,10
YNR038W,10
YNR040W,10
YNR043W,10
YNR044W,10
YNR046W,10
YNR047W,10
YNR049C,10
YNR050C,10
YNR051C,10
YNR052C,10
YNR053C,10
YNR054C,10
YNR067C,10
YOL001W,10
YOL004W,10
YOL005C,10
YOL006C,10
YOL008W,10
YOL010W,10
YOL012C,10
YOL016C,10
YOL017W,10
YOL021C,10
YOL023W,10
YOL028C,10
YOL030W,10
YOL031C,10
YOL032W,10
YOL033W,10
YOL034W,10
YOL036W,10
YOL038W,10
YOL039W,10
YOL040C,10
YOL041C,10
YOL049W,10
YOL051W,10
YOL052C,10
YOL052C-A,10
YOL054W,10
YOL055C,10
YOL057W,10
YOL059W,10
YOL061W,10
YOL062C,10
YOL063C,10
YOL064C,10
YOL066C,10
YOL067C,10
YOL068C,10
YOL069W,10
YOL070C,10
YOL071W,10
YOL072W,10
YOL076W,10
YOL077C,10
YOL077W-A,10
YOL078W,10
YOL080C,10
YOL081W,10
YOL082W,10
YOL087C,10
YOL088C,10
YOL089C,10
YOL090W,10
YOL091W,10
YOL093W,10
YOL094C,10
YOL096C,10
YOL097C,10
YOL100W,10
YOL103W-B,10
YOL109W,10
YOL111C,10
YOL113W,10
YOL115W,10
YOL117W,10
YOL121C,10
YOL123W,10
YOL124C,10
YOL125W,10
YOL126C,10
YOL127W,10
YOL135C,10
YOL136C,10
YOL138C,10
YOL139C,10
YOL140W,10
YOL141W,10
YOL142W,10
YOL144W,10
YOL145C,10
YOL146W,10
YOL148C,10
YOL149W,10
YOL151W,10
YOL155C,10
YOR001W,10
YOR004W,10
YOR006C,10
YOR007C,10
YOR014W,10
YOR017W,10
YOR018W,10
YOR020C,10
YOR022C,10
YOR023C,10
YOR026W,10
YOR027W,10
YOR032C,10
YOR035C,10
YOR038C,10
YOR039W,10
YOR040W,10
YOR043W,10
YOR046C,10
YOR048C,10
YOR051C,10
YOR054C,10
YOR056C,10
YOR057W,10
YOR060C,10
YOR061W,10
YOR062C,10
YOR063W,10
YOR064C,10
YOR069W,10
YOR070C,10
YOR074C,10
YOR076C,10
YOR077W,10
YOR078W,10
YOR081C,10
YOR083W,10
YOR089C,10
YOR090C,10
YOR091W,10
YOR093C,10
YOR094W,10
YOR095C,10
YOR096W,10
YOR098C,10
YOR101W,10
YOR107W,10
YOR108W,10
YOR109W,10
YOR110W,10
YOR112W,10
YOR113W,10
YOR115C,10
YOR116C,10
YOR117W,10
YOR118W,10
YOR119C,10
YOR120W,10
YOR122C,10
YOR123C,10
YOR124C,10
YOR125C,10
YOR128C,10
YOR131C,10
YOR132W,10
YOR133W,10
YOR136W,10
YOR138C,10
YOR140W,10
YOR141C,10
YOR142W,10
YOR143C,10
YOR144C,10
YOR145C,10
YOR148C,10
YOR150W,10
YOR151C,10
YOR156C,10
YOR157C,10
YOR158W,10
YOR159C,10
YOR164C,10
YOR167C,10
YOR168W,10
YOR171C,10
YOR173W,10
YOR174W,10
YOR176W,10
YOR178C,10
YOR179C,10
YOR180C,10
YOR181W,10
YOR182C,10
YOR184W,10
YOR185C,10
YOR187W,10
YOR188W,10
YOR189W,10
YOR193W,10
YOR194C,10
YOR196C,10
YOR198C,10
YOR201C,10
YOR204W,10
YOR205C,10
YOR206W,10
YOR207C,10
YOR208W,10
YOR210W,10
YOR212W,10
YOR213C,10
YOR217W,10
YOR220W,10
YOR221C,10
YOR222W,10
YOR224C,10
YOR226C,10
YOR227W,10
YOR229W,10
YOR230W,10
YOR231W,10
YOR232W,10
YOR233W,10
YOR234C,10
YOR236W,10
YOR239W,10
YOR241W,10
YOR243C,10
YOR244W,10
YOR246C,10
YOR249C,10
YOR250C,10
YOR252W,10
YOR253W,10
YOR257W,10
YOR259C,10
YOR260W,10
YOR261C,10
YOR262W,10
YOR264W,10
YOR265W,10
YOR267C,10
YOR269W,10
YOR272W,10
YOR274W,10
YOR276W,10
YOR279C,10
YOR281C,10
YOR283W,10
YOR284W,10
YOR285W,10
YOR287C,10
YOR288C,10
YOR290C,10
YOR293W,10
YOR294W,10
YOR295W,10
YOR298C-A,10
YOR299W,10
YOR303W,10
YOR304C-A,10
YOR304W,10
YOR305W,10
YOR308C,10
YOR310C,10
YOR312C,10
YOR317W,10
YOR319W,10
YOR322C,10
YOR323C,10
YOR326W,10
YOR329C,10
YOR330C,10
YOR332W,10
YOR336W,10
YOR337W,10
YOR340C,10
YOR341W,10
YOR342C,10
YOR346W,10
YOR347C,10
YOR349W,10
YOR350C,10
YOR352W,10
YOR353C,10
YOR354C,10
YOR355W,10
YOR356W,10
YOR358W,10
YOR359W,10
YOR360C,10
YOR361C,10
YOR362C,10
YOR369C,10
YOR370C,10
YOR371C,10
YOR372C,10
YOR373W,10
YOR374W,10
YOR375C,10
YOR385W,10
YOR386W,10
YPL001W,10
YPL002C,10
YPL004C,10
YPL005W,10
YPL007C,10
YPL009C,10
YPL010W,10
YPL011C,10
YPL012W,10
YPL013C,10
YPL016W,10
YPL018W,10
YPL020C,10
YPL022W,10
YPL023C,10
YPL024W,10
YPL026C,10
YPL028W,10
YPL029W,10
YPL030W,10
YPL031C,10
YPL032C,10
YPL037C,10
YPL042C,10
YPL043W,10
YPL045W,10
YPL046C,10
YPL047W,10
YPL048W,10
YPL049C,10
YPL050C,10
YPL055C,10
YPL059W,10
YPL061W,10
YPL063W,10
YPL064C,10
YPL065W,10
YPL066W,10
YPL067C,10
YPL068C,10
YPL069C,10
YPL070W,10
YPL072W,10
YPL074W,10
YPL075W,10
YPL079W,10
YPL081W,10
YPL082C,10
YPL083C,10
YPL084W,10
YPL085W,10
YPL086C,10
YPL089C,10
YPL090C,10
YPL091W,10
YPL093W,10
YPL096W,10
YPL097W,10
YPL101W,10
YPL104W,10
YPL105C,10
YPL106C,10
YPL107W,10
YPL108W,10
YPL109C,10
YPL110C,10
YPL111W,10
YPL112C,10
YPL115C,10
YPL116W,10
YPL117C,10
YPL118W,10
YPL120W,10
YPL122C,10
YPL123C,10
YPL124W,10
YPL125W,10
YPL126W,10
YPL127C,10
YPL128C,10
YPL129W,10
YPL131W,10
YPL133C,10
YPL135W,10
YPL137C,10
YPL138C,10
YPL139C,10
YPL141C,10
YPL143W,10
YPL144W,10
YPL146C,10
YPL148C,10
YPL149W,10
YPL150W,10
YPL151C,10
YPL153C,10
YPL154C,10
YPL155C,10
YPL157W,10
YPL158C,10
YPL159C,10
YPL160W,10
YPL161C,10
YPL163C,10
YPL168W,10
YPL169C,10
YPL171C,10
YPL173W,10
YPL174C,10
YPL175W,10
YPL178W,10
YPL179W,10
YPL180W,10
YPL181W,10
YPL183C,10
YPL183W-A,10
YPL188W,10
YPL190C,10
YPL191C,10
YPL193W,10
YPL195W,10
YPL198W,10
YPL203W,10
YPL204W,10
YPL206C,10
YPL207W,10
YPL208W,10
YPL210C,10
YPL211W,10
YPL213W,10
YPL214C,10
YPL215W,10
YPL217C,10
YPL218W,10
YPL219W,10
YPL220W,10
YPL222W,10
YPL225W,10
YPL226W,10
YPL227C,10
YPL228W,10
YPL231W,10
YPL233W,10
YPL235W,10
YPL237W,10
YPL239W,10
YPL240C,10
YPL242C,10
YPL243W,10
YPL245W,10
YPL247C,10
YPL249C,10
YPL249C-A,10
YPL254W,10
YPL255W,10
YPL259C,10
YPL260W,10
YPL262W,10
YPL263C,10
YPL266W,10
YPL269W,10
YPL271W,10
YPL273W,10
YPR002W,10
YPR004C,10
YPR006C,10
YPR008W,10
YPR010C,10
YPR013C,10
YPR016C,10
YPR017C,10
YPR018W,10
YPR019W,10
YPR022C,10
YPR023C,10
YPR025C,10
YPR029C,10
YPR031W,10
YPR033C,10
YPR034W,10
YPR035W,10
YPR036W,10
YPR037C,10
YPR040W,10
YPR041W,10
YPR042C,10
YPR043W,10
YPR045C,10
YPR046W,10
YPR047W,10
YPR048W,10
YPR049C,10
YPR051W,10
YPR055W,10
YPR056W,10
YPR057W,10
YPR067W,10
YPR069C,10
YPR070W,10
YPR072W,10
YPR074C,10
YPR080W,10
YPR081C,10
YPR082C,10
YPR085C,10
YPR086W,10
YPR088C,10
YPR089W,10
YPR094W,10
YPR095C,10
YPR097W,10
YPR100W,10
YPR101W,10
YPR102C,10
YPR103W,10
YPR105C,10
YPR107C,10
YPR108W,10
YPR110C,10
YPR111W,10
YPR112C,10
YPR115W,10
YPR116W,10
YPR118W,10
YPR119W,10
YPR120C,10
YPR122W,10
YPR129W,10
YPR131C,10
YPR132W,10
YPR133C,10
YPR134W,10
YPR135W,10
YPR137W,10
YPR140W,10
YPR141C,10
YPR143W,10
YPR144C,10
YPR145W,10
YPR148C,10
YPR152C,10
YPR154W,10
YPR155C,10
YPR158C-D,10
YPR160W,10
YPR161C,10
YPR162C,10
YPR163C,10
YPR164W,10
YPR165W,10
YPR166C,10
YPR168W,10
YPR169W,10
YPR171W,10
YPR172W,10
YPR173C,10
YPR174C,10
YPR175W,10
YPR178W,10
YPR179C,10
YPR180W,10
YPR181C,10
YPR182W,10
YPR184W,10
YPR185W,10
YPR186C,10
YPR187W,10
YPR188C,10
YPR189W,10
YPR190C,10
YPR191W,10
