Residue,score
M1,0.45454639196395874
P2,0.0004445534141268581
P3,0.9513580203056335
S4,0.17522694170475006
L5,0.9724549055099487
R6,0.18551363050937653
K7,0.07853491604328156
A8,0.9356193542480469
V9,0.9717417359352112
A10,0.14285197854042053
A11,0.6249656677246094
A12,0.9876800775527954
I13,0.31657978892326355
G14,0.09826605021953583
G15,0.9986769556999207
G16,0.9999802112579346
A17,0.1285862773656845
I18,0.516595721244812
A19,0.9556745290756226
I20,0.9927031993865967
A21,0.9898814558982849
S22,0.2063012421131134
V23,0.3596534729003906
L24,0.9977902173995972
I25,0.9674841165542603
T26,0.10352988541126251
G27,0.9999978542327881
P28,0.9996034502983093
S29,0.34033602476119995
G30,0.9999744892120361
N31,0.4341411292552948
D32,0.9797083735466003
G33,1.0
L34,0.995621383190155
E35,0.02689521014690399
G36,0.9825783967971802
V37,0.6329063177108765
S38,0.665398359298706
Y39,0.48884695768356323
I40,0.23976421356201172
P41,0.9914512038230896
Y42,0.9937866926193237
K43,0.5727575421333313
D44,0.9990503191947937
I45,0.15815530717372894
V46,0.6137054562568665
G47,0.9990412592887878
V48,0.46906885504722595
W49,0.9398784637451172
T50,0.9998406171798706
V51,0.9840511679649353
C52,0.9989715814590454
H53,0.40468865633010864
G54,0.9999996423721313
H55,0.9998444318771362
T56,0.9037622213363647
G57,0.9999972581863403
K58,0.2373998910188675
D59,0.9881933331489563
I60,0.994365930557251
M61,0.0020362536888569593
L62,0.9358819127082825
G63,0.9621894359588623
K64,0.946100115776062
T65,0.31583166122436523
Y66,0.9998348951339722
T67,0.6782628297805786
K68,0.29050689935684204
A69,0.25385475158691406
E70,0.9801218509674072
C71,0.9999896287918091
K72,0.04398778825998306
A73,0.8430653214454651
L74,0.12817032635211945
L75,0.9981472492218018
N76,0.06955043226480484
K77,0.4446801245212555
D78,0.9990828037261963
L79,0.9999516010284424
A80,0.5567246079444885
T81,0.10681714862585068
V82,0.910706639289856
A83,0.04482376202940941
R84,0.2723977863788605
Q85,0.0923602506518364
I86,0.9944480657577515
N87,0.037903591990470886
P88,0.9999256134033203
Y89,0.5441223978996277
I90,0.9538492560386658
K91,0.8460179567337036
V92,0.976471483707428
D93,0.05456310510635376
I94,0.5006347298622131
P95,0.32582566142082214
E96,0.4769446849822998
T97,0.9437351822853088
T98,0.9911096096038818
R99,0.31870853900909424
G100,0.9999996423721313
A101,0.9406177997589111
L102,0.9257993698120117
Y103,0.9434932470321655
S104,0.7950984239578247
F105,0.9801645278930664
V106,0.5095217823982239
Y107,0.9256209135055542
N108,0.9946725964546204
V109,0.7802055478096008
G110,0.9999814033508301
A111,0.5798713564872742
G112,0.8406335115432739
N113,0.20249386131763458
F114,0.9876982569694519
R115,0.16671006381511688
T116,0.23803479969501495
S117,0.9997206330299377
T118,0.5662977695465088
L119,0.9756032228469849
L120,0.9987485408782959
R121,0.691982090473175
K122,0.7528727650642395
I123,0.7001957893371582
N124,0.9999909400939941
Q125,0.20144735276699066
G126,0.9647894501686096
D127,0.7810919284820557
I128,0.9176696538925171
K129,0.3804263770580292
G130,0.9952560067176819
A131,0.9970819354057312
C132,0.9996457099914551
D133,0.6409752368927002
Q134,0.14748720824718475
L135,0.9135488271713257
R136,0.0503404401242733
R137,0.12416156381368637
W138,0.905850350856781
T139,0.367156982421875
Y140,0.09443540126085281
A141,0.9202905893325806
G142,0.9950036406517029
G143,0.9930973649024963
K144,0.7051493525505066
Q145,0.3277485966682434
W146,0.044064439833164215
K147,0.25820454955101013
G148,0.997456967830658
L149,0.9971599578857422
M150,0.006324417889118195
T151,0.09501215815544128
R152,0.999910831451416
R153,0.9998136162757874
E154,0.6423107981681824
I155,0.4788047671318054
E156,0.999786913394928
R157,0.5221844911575317
E158,0.14438559114933014
V159,0.9811521768569946
C160,0.9999628067016602
L161,0.9762622117996216
W162,0.4823657274246216
G163,0.999675989151001
Q164,0.04710659012198448
Q165,0.11596386879682541
dG_IF,108.6923509373737
dG_kcalmol,11.934800654267583
