"_wks_percentile_bucket","_wkshell","name","selected","shared name"
"30","3","YSC0019","false","YSC0019"
"80","23","YJL092W","false","YJL092W"
"60","11","Q0085","false","Q0085"
"95","78","YCR106W","false","YCR106W"
"60","11","TORF1","false","TORF1"
"40","5","TORF19","false","TORF19"
"85","34","YDR361C","false","YDR361C"
"50","7","TORF21","false","TORF21"
"95","61","YKR048C","false","YKR048C"
"60","11","TORF47","false","TORF47"
"5","1","YAL005C","false","YAL005C"
"5","1","YBR101C","false","YBR101C"
,,"YAL012W","false","YAL012W"
"45","6","YAL016W","false","YAL016W"
"80","28","YIL065C","false","YIL065C"
"45","6","YNL127W","false","YNL127W"
"5","1","YAL020C","false","YAL020C"
"5","1","YBL071W-A","false","YBL071W-A"
"75","19","YAL021C","false","YAL021C"
"95","60","YJL112W","false","YJL112W"
"90","39","YMR124W","false","YMR124W"
"70","16","YMR181C","false","YMR181C"
"75","20","YNR052C","false","YNR052C"
"35","4","YAL024C","false","YAL024C"
"75","21","YHR158C","false","YHR158C"
"20","2","YAL027W","false","YAL027W"
"40","5","YPL022W","false","YPL022W"
"65","13","YAL028W","false","YAL028W"
"95","80","YDL239C","false","YDL239C"
"90","44","YAL032C","false","YAL032C"
"85","33","YDR416W","false","YDR416W"
"95","79","YDR448W","false","YDR448W"
"75","19","YDR532C","false","YDR532C"
"85","34","YLR345W","false","YLR345W"
"95","93","YLR423C","false","YLR423C"
"95","60","YNL229C","false","YNL229C"
"50","7","YPL151C","false","YPL151C"
"75","20","YAL034W-A","false","YAL034W-A"
"75","19","YGL172W","false","YGL172W"
"95","74","YGR120C","false","YGR120C"
"30","3","YJR112W","false","YJR112W"
"95","73","YKL103C","false","YKL103C"
"85","39","YAL036C","false","YAL036C"
"35","4","YDR152W","false","YDR152W"
"90","46","YOR174W","false","YOR174W"
"30","3","YAL040C","false","YAL040C"
"70","16","YJL013C","false","YJL013C"
"20","2","YAL041W","false","YAL041W"
"30","3","YBR200W","false","YBR200W"
"60","11","YAL044W-A","false","YAL044W-A"
"65","11","YDR098C","false","YDR098C"
"55","8","YER174C","false","YER174C"
"60","11","YNL218W","false","YNL218W"
"50","7","YNL249C","false","YNL249C"
"65","12","YAL046C","false","YAL046C"
"95","72","YKR034W","false","YKR034W"
"35","4","YAL049C","false","YAL049C"
"80","26","YNL094W","false","YNL094W"
"90","39","YAL054C","false","YAL054C"
"20","2","YDR216W","false","YDR216W"
"35","4","YLR049C","false","YLR049C"
"95","94","YNL189W","false","YNL189W"
"70","15","YAL055W","false","YAL055W"
"95","88","YDL100C","false","YDL100C"
"20","2","YGR133W","false","YGR133W"
"55","9","YAL060W","false","YAL060W"
"95","71","YER081W","false","YER081W"
"20","2","YAL062W","false","YAL062W"
"50","6","YLR267W","false","YLR267W"
"35","4","YAR003W","false","YAR003W"
"20","2","YBR175W","false","YBR175W"
"45","5","YDR140W","false","YDR140W"
"20","2","YAR007C","false","YAR007C"
"30","3","YJL173C","false","YJL173C"
"20","2","YAR014C","false","YAR014C"
"30","3","YER133W","false","YER133W"
,,"YAR018C","false","YAR018C"
"95","81","YAR027W","false","YAR027W"
"70","17","YAR028W","false","YAR028W"
"70","16","YBR042C","false","YBR042C"
"95","87","YDR100W","false","YDR100W"
"85","34","YDR411C","false","YDR411C"
"85","34","YEL042W","false","YEL042W"
"85","34","YER087C-A","false","YER087C-A"
"85","31","YGL104C","false","YGL104C"
"85","34","YGL225W","false","YGL225W"
"80","25","YGR284C","false","YGR284C"
"85","35","YJL097W","false","YJL097W"
"85","34","YJL117W","false","YJL117W"
"75","22","YJR013W","false","YJR013W"
"70","16","YJR044C","false","YJR044C"
"65","13","YLR279W","false","YLR279W"
"80","31","YLR350W","false","YLR350W"
"85","34","YML055W","false","YML055W"
"90","40","YMR071C","false","YMR071C"
"85","34","YNL219C","false","YNL219C"
"90","43","YNL263C","false","YNL263C"
"85","36","YNL315C","false","YNL315C"
"70","17","YOL129W","false","YOL129W"
"85","38","YPL020C","false","YPL020C"
"95","52","YPR113W","false","YPR113W"
"85","34","YPR159C-A","false","YPR159C-A"
"45","5","YAR031W","false","YAR031W"
"85","39","YBR217W","false","YBR217W"
"40","5","YCR030C","false","YCR030C"
"50","7","YAR033W","false","YAR033W"
"30","3","YGL051W","false","YGL051W"
"5","1","YAR035W","false","YAR035W"
"5","1","YER024W","false","YER024W"
"20","2","YAR066W","false","YAR066W"
"30","3","YDR074W","false","YDR074W"
,,"YBL001C","false","YBL001C"
"35","4","YBL006C","false","YBL006C"
"75","23","YDR489W","false","YDR489W"
"30","3","YBL007C","false","YBL007C"
"65","13","YHR016C","false","YHR016C"
"20","2","YBL010C","false","YBL010C"
"60","10","YKR022C","false","YKR022C"
"40","5","YBL014C","false","YBL014C"
"90","44","YJL025W","false","YJL025W"
"75","19","YBL016W","false","YBL016W"
"95","63","YDR480W","false","YDR480W"
"95","82","YPL049C","false","YPL049C"
"80","27","YBL020W","false","YBL020W"
"95","89","YDR479C","false","YDR479C"
"95","92","YIR038C","false","YIR038C"
"50","7","YBL021C","false","YBL021C"
"90","39","YGL237C","false","YGL237C"
"65","12","YOR358W","false","YOR358W"
"95","48","YBL023C","false","YBL023C"
"60","11","YDR122W","false","YDR122W"
"90","39","YDR473C","false","YDR473C"
"35","4","YLR096W","false","YLR096W"
"95","95","YLR291C","false","YLR291C"
"90","44","YMR314W","false","YMR314W"
"45","6","YPL144W","false","YPL144W"
"35","4","YPR019W","false","YPR019W"
"20","2","YBL025W","false","YBL025W"
"30","3","YMR270C","false","YMR270C"
"60","10","YBL026W","false","YBL026W"
"60","10","YCR077C","false","YCR077C"
"55","8","YGR158C","false","YGR158C"
"95","56","YLR438C-A","false","YLR438C-A"
"30","3","YBL033C","false","YBL033C"
"20","2","YNL105W","false","YNL105W"
"20","2","YPR172W","false","YPR172W"
"20","2","YBL035C","false","YBL035C"
"35","4","YNL102W","false","YNL102W"
"65","13","YBL037W","false","YBL037W"
"55","9","YFR043C","false","YFR043C"
"50","7","YJR058C","false","YJR058C"
"5","1","YBL039C","false","YBL039C"
"5","1","YJR103W","false","YJR103W"
"20","2","YBL042C","false","YBL042C"
"30","3","YER021W","false","YER021W"
"45","6","YBL043W","false","YBL043W"
"65","13","YBL101W-A","false","YBL101W-A"
"70","16","YDR099W","false","YDR099W"
"20","2","YBL045C","false","YBL045C"
"70","16","YPR191W","false","YPR191W"
"30","3","YBL046W","false","YBL046W"
"75","19","YNL201C","false","YNL201C"
"45","5","YBL047C","false","YBL047C"
"75","22","YGR241C","false","YGR241C"
"30","3","YBL051C","false","YBL051C"
"40","5","YIL151C","false","YIL151C"
"20","2","YKR096W","false","YKR096W"
"20","2","YBL056W","false","YBL056W"
"30","3","YDR071C","false","YDR071C"
"20","2","YBL057C","false","YBL057C"
"55","9","YMR276W","false","YMR276W"
"90","43","YBL058W","false","YBL058W"
"75","18","YDL190C","false","YDL190C"
"60","11","YFL044C","false","YFL044C"
"60","11","YNL155W","false","YNL155W"
"5","1","YBL060W","false","YBL060W"
"5","1","YOR094W","false","YOR094W"
"20","2","YBL068W","false","YBL068W"
"35","4","YOL061W","false","YOL061W"
"70","16","YBL069W","false","YBL069W"
,,"YBL077W","false","YBL077W"
"60","11","YBL078C","false","YBL078C"
"65","13","YHR171W","false","YHR171W"
"30","3","YNL223W","false","YNL223W"
"45","6","YNR007C","false","YNR007C"
"90","47","YOL083W","false","YOL083W"
"20","2","YBL081W","false","YBL081W"
"30","3","YDL167C","false","YDL167C"
"35","4","YBL091C","false","YBL091C"
"85","34","YGR142W","false","YGR142W"
"85","34","YBL091C-A","false","YBL091C-A"
"95","67","YML029W","false","YML029W"
"95","84","YPL094C","false","YPL094C"
"70","15","YBL093C","false","YBL093C"
"95","86","YML051W","false","YML051W"
"20","2","YBL101C","false","YBL101C"
"30","3","YNL225C","false","YNL225C"
"45","6","YFL002W-A","false","YFL002W-A"
"30","3","YJL162C","false","YJL162C"
"40","5","YBL102W","false","YBL102W"
"35","4","YGR068C","false","YGR068C"
"35","4","YLR453C","false","YLR453C"
"40","4","YOR036W","false","YOR036W"
"20","2","YBL105C","false","YBL105C"
"30","3","YML109W","false","YML109W"
"30","3","YBR006W","false","YBR006W"
"20","2","YDR382W","false","YDR382W"
"30","3","YKL023W","false","YKL023W"
,,"YBR019C","false","YBR019C"
"80","27","YBR029C","false","YBR029C"
"95","69","YIR033W","false","YIR033W"
"20","2","YBR030W","false","YBR030W"
"30","3","YLR244C","false","YLR244C"
"30","3","YBR034C","false","YBR034C"
"20","2","YGR165W","false","YGR165W"
"20","2","YIL061C","false","YIL061C"
"5","1","YBR038W","false","YBR038W"
"5","1","YPR106W","false","YPR106W"
"30","3","YBR040W","false","YBR040W"
"90","39","YCL040W","false","YCL040W"
"20","2","YBR041W","false","YBR041W"
"40","5","YDL153C","false","YDL153C"
"30","3","YBR052C","false","YBR052C"
"95","48","YDR032C","false","YDR032C"
"35","4","YBR055C","false","YBR055C"
"30","3","YLR446W","false","YLR446W"
"70","17","YPR082C","false","YPR082C"
"5","1","YBR056W","false","YBR056W"
"5","1","YFR007W","false","YFR007W"
"90","45","YBR057C","false","YBR057C"
"55","9","YCL055W","false","YCL055W"
"75","23","YDR206W","false","YDR206W"
"75","22","YER018C","false","YER018C"
"55","9","YGL036W","false","YGL036W"
"55","9","YGL192W","false","YGL192W"
"95","54","YHL004W","false","YHL004W"
"95","60","YJL058C","false","YJL058C"
"45","6","YJL085W","false","YJL085W"
"85","32","YPL135W","false","YPL135W"
"55","9","YBR059C","false","YBR059C"
"90","48","YER144C","false","YER144C"
"50","7","YGL213C","false","YGL213C"
"50","7","YML014W","false","YML014W"
"95","48","YBR072W","false","YBR072W"
"95","90","YBR261C","false","YBR261C"
"95","77","YML064C","false","YML064C"
"45","6","YBR077C","false","YBR077C"
"20","2","YGR201C","false","YGR201C"
"30","3","YKR007W","false","YKR007W"
"90","43","YMR004W","false","YMR004W"
"95","58","YBR080C","false","YBR080C"
"65","12","YIL046W","false","YIL046W"
"95","55","YJL030W","false","YJL030W"
"95","58","YNL288W","false","YNL288W"
"95","85","YPL070W","false","YPL070W"
"50","7","YBR087W","false","YBR087W"
"75","21","YDR229W","false","YDR229W"
"65","13","YJR068W","false","YJR068W"
"75","23","YBR088C","false","YBR088C"
"95","91","YDR510W","false","YDR510W"
"55","9","YBR094W","false","YBR094W"
"65","13","YLR264W","false","YLR264W"
"85","39","YOL149W","false","YOL149W"
"85","39","YBR102C","false","YBR102C"
"75","21","YBR103W","false","YBR103W"
"45","6","YGR262C","false","YGR262C"
"35","4","YIL112W","false","YIL112W"
"55","8","YJR141W","false","YJR141W"
"45","5","YMR061W","false","YMR061W"
"85","39","YPL173W","false","YPL173W"
"65","14","YBR107C","false","YBR107C"
"30","3","YDR421W","false","YDR421W"
"60","11","YGL071W","false","YGL071W"
"95","68","YHR113W","false","YHR113W"
"65","12","YBR108W","false","YBR108W"
"65","14","YCR009C","false","YCR009C"
"80","30","YDR388W","false","YDR388W"
"90","39","YGR136W","false","YGR136W"
"5","1","YBR109C","false","YBR109C"
"5","1","YGL106W","false","YGL106W"
"75","20","YBR111C","false","YBR111C"
"95","58","YLR245C","false","YLR245C"
"20","2","YBR122C","false","YBR122C"
"50","7","YGR211W","false","YGR211W"
"85","39","YBR123C","false","YBR123C"
"20","2","YBR125C","false","YBR125C"
"30","3","YBR126C","false","YBR126C"
"20","2","YML100W","false","YML100W"
"20","2","YMR261C","false","YMR261C"
"80","26","YBR126W-A","false","YBR126W-A"
,,"YBR130C","false","YBR130C"
"20","2","YBR131W","false","YBR131W"
"55","8","YGL124C","false","YGL124C"
"50","6","YBR133C","false","YBR133C"
"75","19","YDL154W","false","YDL154W"
"65","12","YGL187C","false","YGL187C"
"60","11","YBR134W","false","YBR134W"
"85","34","YOR128C","false","YOR128C"
"70","17","YBR135W","false","YBR135W"
"35","4","YBR160W","false","YBR160W"
"95","48","YBR252W","false","YBR252W"
"50","7","YDL155W","false","YDL155W"
"50","7","YER102W","false","YER102W"
"35","4","YGR108W","false","YGR108W"
"70","17","YPR119W","false","YPR119W"
"90","39","YBR137W","false","YBR137W"
"95","70","YMR047C","false","YMR047C"
"30","3","YBR141C","false","YBR141C"
"20","2","YDR372C","false","YDR372C"
"20","2","YGL091C","false","YGL091C"
"55","8","YBR150C","false","YBR150C"
"20","2","YOL089C","false","YOL089C"
"20","2","YBR152W","false","YBR152W"
"70","15","YGR075C","false","YGR075C"
,,"YBR153W","false","YBR153W"
"20","2","YBR154C","false","YBR154C"
"35","4","YFL023W","false","YFL023W"
"55","9","YBR155W","false","YBR155W"
"5","1","YBR156C","false","YBR156C"
"5","1","YPL209C","false","YPL209C"
"65","14","YBR162W-A","false","YBR162W-A"
"90","43","YBR166C","false","YBR166C"
"55","9","YBR170C","false","YBR170C"
"75","18","YDL126C","false","YDL126C"
"35","4","YGR048W","false","YGR048W"
"90","42","YBR176W","false","YBR176W"
"70","17","YLR347C","false","YLR347C"
"85","39","YBR182C","false","YBR182C"
"95","64","YER125W","false","YER125W"
"75","22","YBR186W","false","YBR186W"
"20","2","YLR032W","false","YLR032W"
"20","2","YBR187W","false","YBR187W"
"35","4","YNR032W","false","YNR032W"
"75","19","YBR188C","false","YBR188C"
"55","8","YLR117C","false","YLR117C"
"20","2","YBR190W","false","YBR190W"
"70","15","YBR193C","false","YBR193C"
"75","20","YER022W","false","YER022W"
"90","44","YGL127C","false","YGL127C"
"30","3","YGR104C","false","YGR104C"
"80","29","YLR295C","false","YLR295C"
"40","5","YBR194W","false","YBR194W"
"80","25","YMR070W","false","YMR070W"
"55","8","YPR152C","false","YPR152C"
"30","3","YBR195C","false","YBR195C"
"30","3","YLR017W","false","YLR017W"
"20","2","YPR018W","false","YPR018W"
"40","5","YBR196C","false","YBR196C"
"80","30","YGL229C","false","YGL229C"
"30","3","YBR198C","false","YBR198C"
"60","11","YGL112C","false","YGL112C"
"20","2","YJL157C","false","YJL157C"
"55","9","YBR201W","false","YBR201W"
"80","26","YBR205W","false","YBR205W"
"40","5","YPR107C","false","YPR107C"
"30","3","YBR212W","false","YBR212W"
"20","2","YPL184C","false","YPL184C"
"30","3","YBR216C","false","YBR216C"
"75","18","YML007W","false","YML007W"
"60","11","YMR159C","false","YMR159C"
"75","19","YPL149W","false","YPL149W"
"50","7","YBR221C","false","YBR221C"
"70","17","YKL117W","false","YKL117W"
"20","2","YBR222C","false","YBR222C"
"30","3","YDL006W","false","YDL006W"
"75","23","YBR223C","false","YBR223C"
"20","2","YBR228W","false","YBR228W"
"30","3","YLR135W","false","YLR135W"
"95","58","YBR233W","false","YBR233W"
"45","6","YDR116C","false","YDR116C"
"90","45","YGL122C","false","YGL122C"
"85","39","YIL079C","false","YIL079C"
"85","39","YKL074C","false","YKL074C"
"45","6","YMR294W-A","false","YMR294W-A"
"45","6","YNL075W","false","YNL075W"
"30","3","YBR234C","false","YBR234C"
"20","2","YDL029W","false","YDL029W"
"65","12","YDR063W","false","YDR063W"
"20","2","YBR237W","false","YBR237W"
"30","3","YDR073W","false","YDR073W"
"20","2","YBR239C","false","YBR239C"
"30","3","YPL133C","false","YPL133C"
"80","31","YBR241C","false","YBR241C"
,,"YBR242W","false","YBR242W"
"80","26","YBR243C","false","YBR243C"
"65","13","YBR244W","false","YBR244W"
"95","75","YCR086W","false","YCR086W"
"40","5","YBR246W","false","YBR246W"
"95","51","YDR520C","false","YDR520C"
"20","2","YBR247C","false","YBR247C"
"35","4","YKL159C","false","YKL159C"
"75","23","YBR249C","false","YBR249C"
"5","1","YBR253W","false","YBR253W"
"5","1","YMR112C","false","YMR112C"
"45","6","YBR254C","false","YBR254C"
"45","6","YDR472W","false","YDR472W"
"75","19","YKR068C","false","YKR068C"
"20","2","YBR255W","false","YBR255W"
"40","5","YIL106W","false","YIL106W"
"75","18","YBR260C","false","YBR260C"
"30","3","YDR239C","false","YDR239C"
"30","3","YGR196C","false","YGR196C"
"90","47","YMR032W","false","YMR032W"
"95","63","YCL028W","false","YCL028W"
"85","38","YCR007C","false","YCR007C"
"95","56","YDR256C","false","YDR256C"
"95","56","YER086W","false","YER086W"
"95","58","YFL059W","false","YFL059W"
"90","48","YGL037C","false","YGL037C"
"95","48","YGR088W","false","YGR088W"
"95","52","YGR267C","false","YGR267C"
"95","58","YHL018W","false","YHL018W"
"75","22","YHR074W","false","YHR074W"
"95","50","YHR111W","false","YHR111W"
"95","50","YHR112C","false","YHR112C"
"95","48","YIL074C","false","YIL074C"
"85","34","YJL151C","false","YJL151C"
"95","51","YJL199C","false","YJL199C"
"95","58","YJL218W","false","YJL218W"
"85","34","YKL151C","false","YKL151C"
"95","48","YLL001W","false","YLL001W"
"95","51","YLR098C","false","YLR098C"
"95","58","YML042W","false","YML042W"
"85","34","YMR021C","false","YMR021C"
"95","58","YMR095C","false","YMR095C"
"95","65","YNL044W","false","YNL044W"
"75","22","YNL239W","false","YNL239W"
"95","48","YOL143C","false","YOL143C"
"95","52","YOR095C","false","YOR095C"
"75","22","YOR108W","false","YOR108W"
"95","48","YOR192C-A","false","YOR192C-A"
"95","65","YOR284W","false","YOR284W"
"90","48","YPL069C","false","YPL069C"
"95","58","YPL088W","false","YPL088W"
"35","4","YBR264C","false","YBR264C"
"80","24","YOR370C","false","YOR370C"
"90","44","YBR270C","false","YBR270C"
"90","44","YDR259C","false","YDR259C"
"40","5","YER093C","false","YER093C"
"90","39","YIL105C","false","YIL105C"
"90","47","YKR026C","false","YKR026C"
"70","16","YMR236W","false","YMR236W"
"80","30","YNL047C","false","YNL047C"
"95","48","YPL124W","false","YPL124W"
"80","25","YPL255W","false","YPL255W"
"55","8","YBR273C","false","YBR273C"
"50","7","YBR274W","false","YBR274W"
"90","48","YLR258W","false","YLR258W"
"65","13","YMR255W","false","YMR255W"
"55","9","YBR276C","false","YBR276C"
"20","2","YBR278W","false","YBR278W"
"35","4","YDR121W","false","YDR121W"
"5","1","YBR279W","false","YBR279W"
"5","1","YOR123C","false","YOR123C"
"30","3","YBR281C","false","YBR281C"
"20","2","YNL287W","false","YNL287W"
"35","4","YBR284W","false","YBR284W"
"20","2","YDL238C","false","YDL238C"
"75","20","YML035C","false","YML035C"
"35","4","YBR288C","false","YBR288C"
"90","44","YGR261C","false","YGR261C"
"20","2","YBR289W","false","YBR289W"
"80","23","YPL129W","false","YPL129W"
"30","3","YCL010C","false","YCL010C"
"90","39","YDR176W","false","YDR176W"
"40","5","YCL019W","false","YCL019W"
"50","7","YDR261W-A","false","YDR261W-A"
"40","5","YDR261W-B","false","YDR261W-B"
"80","23","YCL020W","false","YCL020W"
"65","14","YCL021W-A","false","YCL021W-A"
"50","7","YCL024W","false","YCL024W"
"65","11","YCR060W","false","YCR060W"
"60","10","YHR034C","false","YHR034C"
"50","7","YKL040C","false","YKL040C"
"80","25","YOL111C","false","YOL111C"
"65","11","YOL123W","false","YOL123W"
"60","11","YOR007C","false","YOR007C"
"20","2","YCL029C","false","YCL029C"
"35","4","YER016W","false","YER016W"
"85","39","YCL032W","false","YCL032W"
"20","2","YLR362W","false","YLR362W"
"70","15","YCL033C","false","YCL033C"
"95","66","YOL082W","false","YOL082W"
"5","1","YCL039W","false","YCL039W"
"5","1","YMR135C","false","YMR135C"
"30","3","YDR516C","false","YDR516C"
"90","47","YML099C","false","YML099C"
"40","5","YCL046W","false","YCL046W"
"95","48","YGL115W","false","YGL115W"
"40","5","YCL054W","false","YCL054W"
"80","29","YNL154C","false","YNL154C"
"75","19","YCL056C","false","YCL056C"
"35","4","YDL157C","false","YDL157C"
"80","28","YDR142C","false","YDR142C"
"45","6","YJL185C","false","YJL185C"
"35","4","YNL131W","false","YNL131W"
"35","4","YOR037W","false","YOR037W"
"40","5","YCL059C","false","YCL059C"
"30","3","YGL201C","false","YGL201C"
"90","39","YOR229W","false","YOR229W"
"85","39","YCL063W","false","YCL063W"
"75","21","YCL066W","false","YCL066W"
"75","22","YHR084W","false","YHR084W"
"30","3","YCR004C","false","YCR004C"
,,"YCR005C","false","YCR005C"
"75","21","YDL120W","false","YDL120W"
"80","27","YDL164C","false","YDL164C"
"55","8","YKR066C","false","YKR066C"
"85","38","YMR079W","false","YMR079W"
"30","3","YMR232W","false","YMR232W"
"40","5","YCR011C","false","YCR011C"
"90","43","YCR020C","false","YCR020C"
"55","8","YCR020C-A","false","YCR020C-A"
"55","8","YEL053C","false","YEL053C"
"55","8","YIL119C","false","YIL119C"
"90","44","YKL025C","false","YKL025C"
"75","19","YCR021C","false","YCR021C"
"45","6","YCR022C","false","YCR022C"
"90","41","YDL017W","false","YDL017W"
"5","1","YCR023C","false","YCR023C"
"5","1","YMR075C-A","false","YMR075C-A"
"20","2","YCR024C","false","YCR024C"
"30","3","YNL243W","false","YNL243W"
"35","4","YCR027C","false","YCR027C"
"60","11","YCR035C","false","YCR035C"
"95","76","YHR114W","false","YHR114W"
"60","10","YCR036W","false","YCR036W"
"95","74","YGL153W","false","YGL153W"
"30","3","YCR045C","false","YCR045C"
"55","9","YOR348C","false","YOR348C"
"45","6","YCR050C","false","YCR050C"
"5","1","YCR051W","false","YCR051W"
"5","1","YER184C","false","YER184C"
"35","4","YCR052W","false","YCR052W"
"40","5","YFR037C","false","YFR037C"
"90","43","YOR232W","false","YOR232W"
"5","1","YCR057C","false","YCR057C"
"5","1","YGR154C","false","YGR154C"
"30","3","YCR059C","false","YCR059C"
"20","2","YDR400W","false","YDR400W"
"20","2","YJL160C","false","YJL160C"
"60","10","YCR063W","false","YCR063W"
"65","14","YDR408C","false","YDR408C"
"75","22","YOL135C","false","YOL135C"
"70","15","YCR065W","false","YCR065W"
"45","5","YCR066W","false","YCR066W"
"30","3","YGL058W","false","YGL058W"
"40","5","YCR067C","false","YCR067C"
"80","27","YCR068W","false","YCR068W"
"80","27","YNL111C","false","YNL111C"
"40","5","YCR073C","false","YCR073C"
"30","3","YLR006C","false","YLR006C"
"85","39","YCR076C","false","YCR076C"
"60","10","YDL139C","false","YDL139C"
"30","3","YDL175C","false","YDL175C"
"60","11","YJL124C","false","YJL124C"
"40","5","YCR082W","false","YCR082W"
"20","2","YOR023C","false","YOR023C"
"70","18","YCR083W","false","YCR083W"
"75","21","YDL089W","false","YDL089W"
"60","11","YDR061W","false","YDR061W"
"60","11","YDR439W","false","YDR439W"
"60","11","YER106W","false","YER106W"
"95","48","YGL175C","false","YGL175C"
"60","11","YGR155W","false","YGR155W"
"90","39","YIL152W","false","YIL152W"
"80","28","YJL110C","false","YJL110C"
"60","11","YKR010C","false","YKR010C"
"65","13","YNL311C","false","YNL311C"
"60","11","YOL020W","false","YOL020W"
"65","11","YOR264W","false","YOR264W"
"60","11","YOR281C","false","YOR281C"
"20","2","YCR087C-A","false","YCR087C-A"
"45","6","YKR092C","false","YKR092C"
"55","8","YCR088W","false","YCR088W"
"20","2","YCR093W","false","YCR093W"
"30","3","YDR376W","false","YDR376W"
"20","2","YCR095C","false","YCR095C"
"45","6","YNL099C","false","YNL099C"
,,"YCR105W","false","YCR105W"
"60","11","YDR222W","false","YDR222W"
"60","11","YEL072W","false","YEL072W"
"60","11","YGL247W","false","YGL247W"
"60","11","YGR081C","false","YGR081C"
"60","11","YGR140W","false","YGR140W"
"65","14","YHR130C","false","YHR130C"
"60","11","YJL006C","false","YJL006C"
"60","11","YJL077W-B","false","YJL077W-B"
"60","11","YJL135W","false","YJL135W"
"60","11","YMR060C","false","YMR060C"
"60","11","YMR141C","false","YMR141C"
"60","11","YNL171C","false","YNL171C"
"60","11","YPL034W","false","YPL034W"
"60","11","YPL243W","false","YPL243W"
"60","11","YPL267W","false","YPL267W"
"65","11","YPR046W","false","YPR046W"
"45","6","YDL001W","false","YDL001W"
"20","2","YDL133W","false","YDL133W"
"55","8","YDL002C","false","YDL002C"
"85","39","YER092W","false","YER092W"
"55","8","YGL150C","false","YGL150C"
"55","8","YLR052W","false","YLR052W"
"70","15","YDL005C","false","YDL005C"
"85","39","YHR167W","false","YHR167W"
"15","2","YDR162C","false","YDR162C"
"15","2","YDL011C","false","YDL011C"
"45","6","YEL023C","false","YEL023C"
"80","24","YDL012C","false","YDL012C"
"35","4","YDR151C","false","YDR151C"
"90","39","YFR047C","false","YFR047C"
"35","4","YHR032W","false","YHR032W"
"80","26","YHR140W","false","YHR140W"
"35","4","YIL172C","false","YIL172C"
"45","6","YJL065C","false","YJL065C"
"95","48","YOR355W","false","YOR355W"
"80","23","YDL013W","false","YDL013W"
"30","3","YER116C","false","YER116C"
"95","83","YJR091C","false","YJR091C"
"80","31","YMR111C","false","YMR111C"
"80","26","YDL015C","false","YDL015C"
"70","16","YOR324C","false","YOR324C"
"70","16","YDL160C","false","YDL160C"
"45","6","YFR057W","false","YFR057W"
"85","32","YGR099W","false","YGR099W"
"45","6","YJL088W","false","YJL088W"
"45","6","YKL039W","false","YKL039W"
"65","14","YNR048W","false","YNR048W"
"45","6","YOR006C","false","YOR006C"
"35","4","YDL022W","false","YDL022W"
"15","2","YDL025C","false","YDL025C"
"55","8","YPL260W","false","YPL260W"
"15","2","YDL030W","false","YDL030W"
"30","3","YDR026C","false","YDR026C"
"50","7","YDL031W","false","YDL031W"
"95","60","YPL004C","false","YPL004C"
"45","6","YDL044C","false","YDL044C"
"95","56","YLR386W","false","YLR386W"
"5","1","YDL045C","false","YDL045C"
"5","1","YGR077C","false","YGR077C"
"35","4","YDL053C","false","YDL053C"
"75","22","YGR178C","false","YGR178C"
"75","23","YDL055C","false","YDL055C"
"5","1","YDL056W","false","YDL056W"
"5","1","YMR197C","false","YMR197C"
"75","21","YDL057W","false","YDL057W"
"25","3","YDL063C","false","YDL063C"
"15","2","YDR381W","false","YDR381W"
"15","2","YPL131W","false","YPL131W"
"75","23","YDL064W","false","YDL064W"
"75","20","YDL065C","false","YDL065C"
"90","39","YGR119C","false","YGR119C"
"80","27","YGR218W","false","YGR218W"
"25","3","YLR071C","false","YLR071C"
"45","5","YMR163C","false","YMR163C"
"25","3","YDL066W","false","YDL066W"
"60","10","YDL070W","false","YDL070W"
"60","11","YLR227C","false","YLR227C"
"45","6","YLR399C","false","YLR399C"
"45","6","YMR227C","false","YMR227C"
"45","6","YNR034W","false","YNR034W"
"65","13","YDL071C","false","YDL071C"
"25","3","YDR183W","false","YDR183W"
"25","3","YEL068C","false","YEL068C"
"70","16","YFL017C","false","YFL017C"
"25","3","YGR269W","false","YGR269W"
"55","9","YDL072C","false","YDL072C"
"25","3","YDL073W","false","YDL073W"
"75","19","YER118C","false","YER118C"
"40","5","YDL076C","false","YDL076C"
"45","6","YDL081C","false","YDL081C"
"45","6","YGR209C","false","YGR209C"
"40","5","YLR340W","false","YLR340W"
"35","4","YPR086W","false","YPR086W"
"80","23","YDL084W","false","YDL084W"
"25","3","YER063W","false","YER063W"
"25","3","YKL214C","false","YKL214C"
"55","8","YDL088C","false","YDL088C"
"55","8","YML031W","false","YML031W"
"85","35","YMR153W","false","YMR153W"
"45","6","YDR233C","false","YDR233C"
"80","24","YLR324W","false","YLR324W"
"50","6","YML008C","false","YML008C"
"70","17","YMR316C-B","false","YMR316C-B"
"70","16","YPR028W","false","YPR028W"
"65","12","YDL090C","false","YDL090C"
"70","18","YKL019W","false","YKL019W"
"80","24","YMR139W","false","YMR139W"
"5","1","YDL092W","false","YDL092W"
"5","1","YKL122C","false","YKL122C"
"15","2","YDL097C","false","YDL097C"
"45","6","YEL009C","false","YEL009C"
"15","2","YDL098C","false","YDL098C"
"70","15","YDL121C","false","YDL121C"
"70","15","YDR304C","false","YDR304C"
"70","15","YDR513W","false","YDR513W"
"70","15","YDR526C","false","YDR526C"
"70","15","YER017C","false","YER017C"
"70","15","YER150W","false","YER150W"
"70","15","YGR028W","false","YGR028W"
"70","15","YGR189C","false","YGR189C"
"70","15","YHR057C","false","YHR057C"
"70","15","YHR128W","false","YHR128W"
"70","15","YHR180W","false","YHR180W"
"70","15","YIL162W","false","YIL162W"
"70","15","YJL153C","false","YJL153C"
"70","15","YKL154W","false","YKL154W"
"70","15","YKR100C","false","YKR100C"
"70","15","YLR297W","false","YLR297W"
"70","15","YML101C","false","YML101C"
"70","15","YNL149C","false","YNL149C"
"80","24","YNL199C","false","YNL199C"
"70","15","YNR067C","false","YNR067C"
"80","27","YOL018C","false","YOL018C"
"80","27","YOL126C","false","YOL126C"
"70","15","YOR164C","false","YOR164C"
"70","15","YPR075C","false","YPR075C"
"5","1","YDL101C","false","YDL101C"
"5","1","YPL269W","false","YPL269W"
"45","6","YDL105W","false","YDL105W"
"95","59","YOL034W","false","YOL034W"
"70","15","YDL106C","false","YDL106C"
"45","6","YDL108W","false","YDL108W"
"55","8","YGL134W","false","YGL134W"
"90","44","YNL025C","false","YNL025C"
"45","5","YDL110C","false","YDL110C"
"70","15","YKL015W","false","YKL015W"
"40","5","YOR078W","false","YOR078W"
"15","2","YDL111C","false","YDL111C"
"15","2","YDL113C","false","YDL113C"
"85","39","YJL036W","false","YJL036W"
"25","3","YDL116W","false","YDL116W"
"25","3","YDR113C","false","YDR113C"
"15","2","YKR082W","false","YKR082W"
"35","4","YDL117W","false","YDL117W"
"35","4","YDL118W","false","YDL118W"
"45","6","YDL125C","false","YDL125C"
"35","4","YGL108C","false","YGL108C"
"65","14","YMR067C","false","YMR067C"
"15","2","YDL127W","false","YDL127W"
"70","15","YDR146C","false","YDR146C"
"55","8","YDL130W","false","YDL130W"
"90","39","YKL002W","false","YKL002W"
"15","2","YLR287C","false","YLR287C"
"45","5","YDL132W","false","YDL132W"
"80","29","YOL133W","false","YOL133W"
"50","7","YDL133C-A","false","YDL133C-A"
"65","11","YDL134C","false","YDL134C"
"40","5","YMR028W","false","YMR028W"
"60","11","YPR040W","false","YPR040W"
"5","1","YDL135C","false","YDL135C"
"5","1","YLR229C","false","YLR229C"
"90","43","YDL144C","false","YDL144C"
"15","2","YDR088C","false","YDR088C"
"5","1","YDL146W","false","YDL146W"
"5","1","YKL070W","false","YKL070W"
"65","14","YDL147W","false","YDL147W"
"5","1","YDL149W","false","YDL149W"
"5","1","YLR065C","false","YLR065C"
"5","1","YDL150W","false","YDL150W"
"5","1","YKR025W","false","YKR025W"
"15","2","YNL280C","false","YNL280C"
"35","4","YFL003C","false","YFL003C"
"50","6","YGL025C","false","YGL025C"
"60","11","YGL170C","false","YGL170C"
"95","51","YIL144W","false","YIL144W"
"45","6","YMR224C","false","YMR224C"
"75","20","YEL015W","false","YEL015W"
"35","4","YDL161W","false","YDL161W"
"90","47","YOR111W","false","YOR111W"
"90","40","YGL053W","false","YGL053W"
"55","8","YDL165W","false","YDL165W"
"75","19","YGR014W","false","YGR014W"
"40","5","YDL166C","false","YDL166C"
"80","23","YER047C","false","YER047C"
"25","3","YNL329C","false","YNL329C"
"55","9","YDL168W","false","YDL168W"
"50","7","YDL184C","false","YDL184C"
"40","5","YDL188C","false","YDL188C"
"75","22","YDL189W","false","YDL189W"
"80","25","YIL122W","false","YIL122W"
"25","3","YLR186W","false","YLR186W"
"50","6","YDL195W","false","YDL195W"
"85","37","YIL109C","false","YIL109C"
"45","6","YLR208W","false","YLR208W"
"55","9","YDL203C","false","YDL203C"
"70","18","YGR058W","false","YGR058W"
"15","2","YOR372C","false","YOR372C"
"25","3","YDL204W","false","YDL204W"
"15","2","YDL207W","false","YDL207W"
"55","9","YDR192C","false","YDR192C"
"80","23","YDL208W","false","YDL208W"
"55","9","YHR072W-A","false","YHR072W-A"
"50","7","YLR175W","false","YLR175W"
"70","17","YNL124W","false","YNL124W"
"25","3","YDL209C","false","YDL209C"
"60","10","YLL036C","false","YLL036C"
"15","2","YDL210W","false","YDL210W"
"45","6","YGL230C","false","YGL230C"
"65","14","YDL212W","false","YDL212W"
"15","2","YDR508C","false","YDR508C"
"45","6","YDL215C","false","YDL215C"
"65","14","YLR432W","false","YLR432W"
"70","18","YPR048W","false","YPR048W"
"25","3","YDL216C","false","YDL216C"
"70","16","YMR025W","false","YMR025W"
"60","11","YDL217C","false","YDL217C"
"15","2","YDL218W","false","YDL218W"
"40","5","YGL044C","false","YGL044C"
"15","2","YDL220C","false","YDL220C"
"25","3","YDR082W","false","YDR082W"
"25","3","YDL224C","false","YDL224C"
"65","12","YER059W","false","YER059W"
"85","35","YDL226C","false","YDL226C"
"70","16","YGL198W","false","YGL198W"
"70","15","YGR172C","false","YGR172C"
"40","5","YKR088C","false","YKR088C"
"50","7","YOR327C","false","YOR327C"
"50","7","YPR183W","false","YPR183W"
"15","2","YDL235C","false","YDL235C"
"85","39","YDL236W","false","YDL236W"
"5","1","YDL237W","false","YDL237W"
"5","1","YPR148C","false","YPR148C"
"80","26","YDR148C","false","YDR148C"
"75","20","YDR273W","false","YDR273W"
"95","49","YGR268C","false","YGR268C"
"70","16","YHR184W","false","YHR184W"
"80","25","YLR072W","false","YLR072W"
"95","48","YNR012W","false","YNR012W"
"65","13","YOL091W","false","YOL091W"
"80","24","YOR304C-A","false","YOR304C-A"
"95","58","YOR380W","false","YOR380W"
"15","2","YDL246C","false","YDL246C"
"90","39","YJR159W","false","YJR159W"
"5","1","YDR001C","false","YDR001C"
"5","1","YLR270W","false","YLR270W"
"50","7","YDR002W","false","YDR002W"
"15","2","YDR004W","false","YDR004W"
"25","3","YDR076W","false","YDR076W"
"55","9","YDR005C","false","YDR005C"
"65","14","YDR008C","false","YDR008C"
"45","6","YDR013W","false","YDR013W"
"55","9","YPR135W","false","YPR135W"
"70","16","YDR016C","false","YDR016C"
"50","7","YDR320C-A","false","YDR320C-A"
"70","16","YGL061C","false","YGL061C"
"90","40","YGR113W","false","YGR113W"
"90","39","YKR037C","false","YKR037C"
"35","4","YDR017C","false","YDR017C"
"35","4","YDR020C","false","YDR020C"
"85","39","YDR022C","false","YDR022C"
"15","2","YDR110W","false","YDR110W"
"15","2","YDR027C","false","YDR027C"
"25","3","YFL029C","false","YFL029C"
"45","6","YDR034C","false","YDR034C"
"25","3","YER043C","false","YER043C"
"65","13","YDR036C","false","YDR036C"
"95","58","YKL142W","false","YKL142W"
"45","6","YLR397C","false","YLR397C"
"5","1","YDR044W","false","YDR044W"
"5","1","YDR077W","false","YDR077W"
"70","16","YDR045C","false","YDR045C"
,,"YDR047W","false","YDR047W"
"90","43","YDR051C","false","YDR051C"
"85","39","YDR052C","false","YDR052C"
"45","6","YDR054C","false","YDR054C"
"90","40","YNL236W","false","YNL236W"
"15","2","YDR059C","false","YDR059C"
"50","7","YPR093C","false","YPR093C"
"15","2","YDR124W","false","YDR124W"
"35","4","YDR070C","false","YDR070C"
"15","2","YML068W","false","YML068W"
"15","2","YER019C-A","false","YER019C-A"
"35","4","YER095W","false","YER095W"
"60","10","YDR078C","false","YDR078C"
"60","11","YHL006C","false","YHL006C"
"15","2","YLR010C","false","YLR010C"
"65","12","YDR084C","false","YDR084C"
"60","11","YGL161C","false","YGL161C"
"85","39","YDR085C","false","YDR085C"
"25","3","YDR086C","false","YDR086C"
"75","20","YPR071W","false","YPR071W"
"5","1","YDR091C","false","YDR091C"
"5","1","YLR192C","false","YLR192C"
"5","1","YDR092W","false","YDR092W"
"5","1","YGL087C","false","YGL087C"
"45","6","YGL220W","false","YGL220W"
"40","5","YKL168C","false","YKL168C"
"60","11","YLR177W","false","YLR177W"
"80","23","YNL042W","false","YNL042W"
"70","17","YER101C","false","YER101C"
"85","36","YGR177C","false","YGR177C"
"70","16","YGR223C","false","YGR223C"
"70","17","YHR105W","false","YHR105W"
"75","21","YJL104W","false","YJL104W"
"70","16","YKL003W-A","false","YKL003W-A"
"70","16","YLR108C","false","YLR108C"
"70","16","YLR393W","false","YLR393W"
"80","25","YML110C","false","YML110C"
"80","25","YMR024W","false","YMR024W"
"70","16","YNL198C","false","YNL198C"
"70","16","YNL204C","false","YNL204C"
"70","16","YOR109W","false","YOR109W"
"70","16","YPL095C","false","YPL095C"
"70","16","YPL100W","false","YPL100W"
"70","16","YPL218W","false","YPL218W"
"85","32","YPR174C","false","YPR174C"
"55","9","YDR105C","false","YDR105C"
"35","4","YDR106W","false","YDR106W"
"80","29","YHR129C","false","YHR129C"
"35","4","YDR107C","false","YDR107C"
"5","1","YDR108W","false","YDR108W"
"5","1","YGR234W","false","YGR234W"
"15","2","YGR098C","false","YGR098C"
"50","7","YDR115W","false","YDR115W"
"70","15","YDR123C","false","YDR123C"
"65","14","YOL108C","false","YOL108C"
"15","2","YDR128W","false","YDR128W"
"75","20","YDR132C","false","YDR132C"
"50","6","YFL009W","false","YFL009W"
"95","48","YHL009C","false","YHL009C"
"35","4","YHR170W","false","YHR170W"
"75","19","YJR102C","false","YJR102C"
"35","4","YPL018W","false","YPL018W"
"85","39","YDR138W","false","YDR138W"
"70","15","YKL171W","false","YKL171W"
"45","5","YNR046W","false","YNR046W"
"50","7","YGR239C","false","YGR239C"
"50","7","YHR160C","false","YHR160C"
"50","7","YIL160C","false","YIL160C"
"5","1","YDR145W","false","YDR145W"
"5","1","YLR390W","false","YLR390W"
"50","7","YDR335W","false","YDR335W"
"60","10","YFR049W","false","YFR049W"
"25","3","YKL010C","false","YKL010C"
"80","26","YNL092W","false","YNL092W"
"15","2","YGR173W","false","YGR173W"
"85","39","YDR159W","false","YDR159W"
"55","8","YDR167W","false","YDR167W"
"70","18","YML015C","false","YML015C"
"15","2","YML114C","false","YML114C"
"80","23","YDR171W","false","YDR171W"
"25","3","YDR173C","false","YDR173C"
"15","2","YMR042W","false","YMR042W"
"15","2","YMR043W","false","YMR043W"
"90","39","YDR174W","false","YDR174W"
"35","4","YIL013C","false","YIL013C"
"35","4","YPR104C","false","YPR104C"
"15","2","YDR177W","false","YDR177W"
"35","4","YDR179C","false","YDR179C"
"15","2","YKR060W","false","YKR060W"
"15","2","YDR189W","false","YDR189W"
"55","9","YLR026C","false","YLR026C"
"15","2","YDR190C","false","YDR190C"
"45","6","YPL235W","false","YPL235W"
"55","9","YDR194C","false","YDR194C"
"60","10","YDR195W","false","YDR195W"
"40","5","YDR200C","false","YDR200C"
"55","8","YMR052W","false","YMR052W"
"90","39","YDR201W","false","YDR201W"
"85","39","YKR083C","false","YKR083C"
"65","14","YDR203W","false","YDR203W"
"5","1","YDR205W","false","YDR205W"
"5","1","YNR039C","false","YNR039C"
"60","10","YER027C","false","YER027C"
"95","62","YOR047C","false","YOR047C"
"65","13","YDR207C","false","YDR207C"
"15","2","YDR208W","false","YDR208W"
"75","20","YDR212W","false","YDR212W"
"15","2","YLR030W","false","YLR030W"
"65","13","YDR214W","false","YDR214W"
"25","3","YMR186W","false","YMR186W"
"25","3","YOL052C","false","YOL052C"
"45","6","YPL240C","false","YPL240C"
"25","3","YDR215C","false","YDR215C"
"15","2","YKR024C","false","YKR024C"
"15","2","YPL175W","false","YPL175W"
"25","3","YDR218C","false","YDR218C"
"80","23","YJR076C","false","YJR076C"
"50","7","YDR225W","false","YDR225W"
"85","36","YNL041C","false","YNL041C"
"40","5","YOR285W","false","YOR285W"
"15","2","YDR236C","false","YDR236C"
"25","3","YDR398W","false","YDR398W"
"85","39","YDR240C","false","YDR240C"
,,"YDR242W","false","YDR242W"
"70","16","YDR244W","false","YDR244W"
"70","16","YER056C-A","false","YER056C-A"
"35","4","YDR245W","false","YDR245W"
"85","34","YJL183W","false","YJL183W"
"15","2","YDR252W","false","YDR252W"
"35","4","YGR134W","false","YGR134W"
"5","1","YDR255C","false","YDR255C"
"5","1","YKL144C","false","YKL144C"
"35","4","YMR033W","false","YMR033W"
"90","44","YDR311W","false","YDR311W"
"95","53","YGL181W","false","YGL181W"
"40","5","YGR066C","false","YGR066C"
"90","44","YIL153W","false","YIL153W"
"60","11","YKL071W","false","YKL071W"
"80","25","YLR447C","false","YLR447C"
"45","6","YDR264C","false","YDR264C"
"15","2","YHR135C","false","YHR135C"
"40","5","YOR101W","false","YOR101W"
"15","2","YDR267C","false","YDR267C"
"25","3","YHR122W","false","YHR122W"
"40","5","YDR271C","false","YDR271C"
"40","5","YFR052W","false","YFR052W"
"35","4","YDR277C","false","YDR277C"
"5","1","YDR279W","false","YDR279W"
"5","1","YLR154C","false","YLR154C"
"85","34","YDR284C","false","YDR284C"
"40","5","YDR292C","false","YDR292C"
"75","20","YDR296W","false","YDR296W"
"15","2","YDR299W","false","YDR299W"
"85","39","YER127W","false","YER127W"
,,"YDR300C","false","YDR300C"
"75","21","YDR308C","false","YDR308C"
"45","6","YKL028W","false","YKL028W"
"75","19","YLR288C","false","YLR288C"
"75","22","YMR294W","false","YMR294W"
"15","2","YDR312W","false","YDR312W"
"25","3","YPR143W","false","YPR143W"
"15","2","YDR313C","false","YDR313C"
"15","2","YDR314C","false","YDR314C"
"40","5","YML011C","false","YML011C"
"55","9","YDR315C","false","YDR315C"
"25","3","YJR117W","false","YJR117W"
"25","3","YLR323C","false","YLR323C"
"85","39","YDR318W","false","YDR318W"
,,"YDR321W","false","YDR321W"
"15","2","YDR323C","false","YDR323C"
"35","4","YGL095C","false","YGL095C"
"45","6","YDR326C","false","YDR326C"
"15","2","YER007C-A","false","YER007C-A"
"80","26","YDR328C","false","YDR328C"
"40","5","YLR352W","false","YLR352W"
"45","6","YLR368W","false","YLR368W"
"40","5","YLR429W","false","YLR429W"
"40","5","YML088W","false","YML088W"
"45","6","YMR258C","false","YMR258C"
"80","23","YDR330W","false","YDR330W"
"25","3","YKR094C","false","YKR094C"
"80","26","YLR293C","false","YLR293C"
"5","1","YDR348C","false","YDR348C"
"5","1","YMR295C","false","YMR295C"
"55","8","YDR353W","false","YDR353W"
"15","2","YHR106W","false","YHR106W"
"85","39","YDR357C","false","YDR357C"
"60","10","YGL079W","false","YGL079W"
"60","10","YPR182W","false","YPR182W"
"40","5","YGL068W","false","YGL068W"
"75","19","YHR022C","false","YHR022C"
"90","39","YJR056C","false","YJR056C"
"85","37","YPL125W","false","YPL125W"
"55","9","YPL208W","false","YPL208W"
"5","1","YDR363W-A","false","YDR363W-A"
"5","1","YJR084W","false","YJR084W"
"25","3","YDR364C","false","YDR364C"
"15","2","YDR366C","false","YDR366C"
"45","6","YER071C","false","YER071C"
"60","10","YDR373W","false","YDR373W"
"15","2","YNL267W","false","YNL267W"
"85","39","YDR374C","false","YDR374C"
"15","2","YIR024C","false","YIR024C"
"55","9","YDR378C","false","YDR378C"
"65","11","YER146W","false","YER146W"
"90","39","YDR383C","false","YDR383C"
"60","11","YLR315W","false","YLR315W"
"40","4","YDR386W","false","YDR386W"
"15","2","YNL024C","false","YNL024C"
"55","8","YGL060W","false","YGL060W"
"70","15","YGL090W","false","YGL090W"
"55","8","YOR181W","false","YOR181W"
"90","39","YPL077C","false","YPL077C"
"65","14","YDR389W","false","YDR389W"
"40","5","YDR394W","false","YDR394W"
"30","3","YGR232W","false","YGR232W"
"85","39","YOR117W","false","YOR117W"
"5","1","YDR397C","false","YDR397C"
"5","1","YER159C","false","YER159C"
"15","2","YMR093W","false","YMR093W"
,,"YDR399W","false","YDR399W"
"95","55","YJL019W","false","YJL019W"
"35","4","YDR412W","false","YDR412W"
"40","5","YGR129W","false","YGR129W"
"75","23","YGR195W","false","YGR195W"
"40","5","YJR050W","false","YJR050W"
"40","5","YKL098W","false","YKL098W"
"15","2","YDR418W","false","YDR418W"
"25","3","YDR465C","false","YDR465C"
"60","11","YDR422C","false","YDR422C"
"60","11","YDR423C","false","YDR423C"
"70","16","YEL051W","false","YEL051W"
"15","2","YDR424C","false","YDR424C"
"55","9","YDR488C","false","YDR488C"
"65","11","YDR425W","false","YDR425W"
"25","3","YJR110W","false","YJR110W"
"90","43","YDR428C","false","YDR428C"
"60","10","YDR429C","false","YDR429C"
"40","5","YMR146C","false","YMR146C"
"25","3","YOR361C","false","YOR361C"
"40","5","YPL105C","false","YPL105C"
"65","14","YDR431W","false","YDR431W"
"55","9","YDR434W","false","YDR434W"
"5","1","YDR441C","false","YDR441C"
"5","1","YML022W","false","YML022W"
"75","23","YDR446W","false","YDR446W"
"65","12","YGR252W","false","YGR252W"
"75","19","YJL011C","false","YJL011C"
"90","42","YJR003C","false","YJR003C"
"95","57","YLR424W","false","YLR424W"
"85","39","YML041C","false","YML041C"
"65","12","YPL122C","false","YPL122C"
"80","25","YPR173C","false","YPR173C"
"90","39","YDR453C","false","YDR453C"
"80","26","YIL039W","false","YIL039W"
"90","39","YML028W","false","YML028W"
"35","4","YDR455C","false","YDR455C"
"5","1","YDR460W","false","YDR460W"
"5","1","YPR025C","false","YPR025C"
"15","2","YEL054C","false","YEL054C"
"55","8","YDR469W","false","YDR469W"
"70","16","YHR060W","false","YHR060W"
"15","2","YLR015W","false","YLR015W"
"35","4","YPR178W","false","YPR178W"
"80","31","YDR476C","false","YDR476C"
"80","27","YHR211W","false","YHR211W"
"60","10","YDR477W","false","YDR477W"
"55","8","YGL208W","false","YGL208W"
"75","19","YGL065C","false","YGL065C"
"75","19","YGR149W","false","YGR149W"
"80","25","YHL031C","false","YHL031C"
"75","23","YJL134W","false","YJL134W"
"80","31","YLL014W","false","YLL014W"
"75","19","YLR036C","false","YLR036C"
"85","34","YLR268W","false","YLR268W"
"80","28","YML125C","false","YML125C"
"75","19","YNR075W","false","YNR075W"
"80","31","YOL003C","false","YOL003C"
"75","19","YOL065C","false","YOL065C"
"75","19","YOR377W","false","YOR377W"
"75","22","YGR040W","false","YGR040W"
"50","7","YHR039C","false","YHR039C"
"75","21","YHR121W","false","YHR121W"
"90","40","YKL189W","false","YKL189W"
"25","3","YDR482C","false","YDR482C"
"15","2","YGL028C","false","YGL028C"
"25","3","YOR276W","false","YOR276W"
"15","2","YDR486C","false","YDR486C"
"50","7","YLR181C","false","YLR181C"
"85","39","YDR487C","false","YDR487C"
"75","19","YPL174C","false","YPL174C"
"35","4","YJL072C","false","YJL072C"
"35","4","YML034W","false","YML034W"
"60","10","YDR490C","false","YDR490C"
"70","16","YGR086C","false","YGR086C"
"25","3","YHR207C","false","YHR207C"
"25","3","YIR044C","false","YIR044C"
"25","3","YLR466W","false","YLR466W"
"50","7","YDR498C","false","YDR498C"
"40","5","YDR502C","false","YDR502C"
"15","2","YLR180W","false","YLR180W"
"35","4","YDR503C","false","YDR503C"
"90","40","YKL130C","false","YKL130C"
"15","2","YDR504C","false","YDR504C"
"35","4","YJL070C","false","YJL070C"
"45","6","YDR505C","false","YDR505C"
"95","50","YFL039C","false","YFL039C"
"75","23","YFL045C","false","YFL045C"
"75","23","YGL026C","false","YGL026C"
"80","24","YGL250W","false","YGL250W"
"80","23","YHR134W","false","YHR134W"
"80","23","YHR193C","false","YHR193C"
"80","23","YKL032C","false","YKL032C"
"75","23","YKL043W","false","YKL043W"
"75","23","YKL211C","false","YKL211C"
"75","23","YLR263W","false","YLR263W"
"90","41","YLR328W","false","YLR328W"
"75","23","YLR335W","false","YLR335W"
"75","23","YML023C","false","YML023C"
"75","23","YMR219W","false","YMR219W"
"75","23","YMR233W","false","YMR233W"
"80","28","YNL021W","false","YNL021W"
"80","24","YNL078W","false","YNL078W"
"75","23","YNL088W","false","YNL088W"
"80","23","YOR032C","false","YOR032C"
"75","23","YOR144C","false","YOR144C"
"55","9","YDR518W","false","YDR518W"
"70","18","YJR046W","false","YJR046W"
"65","13","YOL116W","false","YOL116W"
"15","2","YDR527W","false","YDR527W"
"40","4","YOR210W","false","YOR210W"
"60","11","YDR529C","false","YDR529C"
,,"YDR531W","false","YDR531W"
"75","19","YFR008W","false","YFR008W"
"55","8","YLR031W","false","YLR031W"
"85","39","YDR533C","false","YDR533C"
"25","3","YDR541C","false","YDR541C"
"65","13","YLR025W","false","YLR025W"
"55","9","YEL005C","false","YEL005C"
"90","42","YNL086W","false","YNL086W"
"15","2","YHR145C","false","YHR145C"
"15","2","YPL038W","false","YPL038W"
"90","43","YEL012W","false","YEL012W"
"65","14","YEL013W","false","YEL013W"
"65","13","YER105C","false","YER105C"
"60","10","YNL118C","false","YNL118C"
"60","10","YOR167C","false","YOR167C"
,,"YEL017W","false","YEL017W"
"40","5","YEL018W","false","YEL018W"
,,"YEL020C","false","YEL020C"
"5","1","YEL029C","false","YEL029C"
"5","1","YNR027W","false","YNR027W"
"5","1","YEL032W","false","YEL032W"
"5","1","YHR033W","false","YHR033W"
"15","2","YEL034W","false","YEL034W"
"75","19","YHR068W","false","YHR068W"
"5","1","YEL041W","false","YEL041W"
"0","1","YJR049C","false","YJR049C"
"15","2","YEL043W","false","YEL043W"
"45","6","YEL048C","false","YEL048C"
"65","11","YMR218C","false","YMR218C"
"15","2","YPR051W","false","YPR051W"
"25","3","YEL056W","false","YEL056W"
"15","2","YLL022C","false","YLL022C"
"15","2","YPL001W","false","YPL001W"
"0","1","YEL060C","false","YEL060C"
"0","1","YML032C-A","false","YML032C-A"
"50","7","YEL062W","false","YEL062W"
"65","13","YOR138C","false","YOR138C"
"90","39","YEL066W","false","YEL066W"
,,"YER009W","false","YER009W"
,,"YER010C","false","YER010C"
"45","6","YER015W","false","YER015W"
"15","2","YER070W","false","YER070W"
"70","15","YMR117C","false","YMR117C"
"25","3","YER019W","false","YER019W"
"15","2","YPR108W","false","YPR108W"
"35","4","YHR058C","false","YHR058C"
"90","43","YER023W","false","YER023W"
"15","2","YPL169C","false","YPL169C"
"35","4","YER025W","false","YER025W"
"15","2","YJR007W","false","YJR007W"
"60","11","YLR215C","false","YLR215C"
"35","4","YER026C","false","YER026C"
"15","2","YER038C","false","YER038C"
"15","2","YER039C","false","YER039C"
"35","4","YGL070C","false","YGL070C"
"15","2","YFL028C","false","YFL028C"
"55","9","YER052C","false","YER052C"
"75","19","YNL135C","false","YNL135C"
"40","5","YJL084C","false","YJL084C"
"40","5","YLR190W","false","YLR190W"
"95","53","YPL031C","false","YPL031C"
"15","2","YER062C","false","YER062C"
"60","11","YPL201C","false","YPL201C"
"85","39","YER065C","false","YER065C"
"15","2","YIR003W","false","YIR003W"
"55","8","YLR200W","false","YLR200W"
"40","5","YER079W","false","YER079W"
"55","9","YNL054W-B","false","YNL054W-B"
"55","9","YOR318C","false","YOR318C"
"55","9","YPL233W","false","YPL233W"
"55","9","YPR126C","false","YPR126C"
"55","9","YPR136C","false","YPR136C"
"90","47","YMR308C","false","YMR308C"
"80","26","YOR160W","false","YOR160W"
"50","7","YLR404W","false","YLR404W"
"25","3","YER090W","false","YER090W"
"15","2","YJR070C","false","YJR070C"
"55","9","YPL204W","false","YPL204W"
"60","11","YER096W","false","YER096W"
"50","7","YER099C","false","YER099C"
"35","4","YKL181W","false","YKL181W"
"75","19","YOL069W","false","YOL069W"
"60","10","YER107C","false","YER107C"
"45","6","YER112W","false","YER112W"
"55","8","YHR131C","false","YHR131C"
"55","8","YLR167W","false","YLR167W"
"65","14","YLR392C","false","YLR392C"
"55","8","YMR257C","false","YMR257C"
"55","8","YMR275C","false","YMR275C"
"55","8","YMR316W","false","YMR316W"
"55","8","YOR322C","false","YOR322C"
"55","8","YOR385W","false","YOR385W"
"50","7","YER126C","false","YER126C"
"25","3","YHR204W","false","YHR204W"
"50","7","YER128W","false","YER128W"
"70","15","YER130C","false","YER130C"
"40","5","YER131W","false","YER131W"
"40","5","YLL027W","false","YLL027W"
"45","6","YLR435W","false","YLR435W"
"15","2","YNL233W","false","YNL233W"
"25","3","YER134C","false","YER134C"
"15","2","YER143W","false","YER143W"
"70","18","YIL095W","false","YIL095W"
"55","9","YNL147W","false","YNL147W"
"35","4","YER149C","false","YER149C"
"0","1","YER151C","false","YER151C"
"0","1","YNR051C","false","YNR051C"
"60","10","YER157W","false","YER157W"
"40","5","YER177W","false","YER177W"
"40","5","YER179W","false","YER179W"
"70","17","YER180C","false","YER180C"
"50","7","YER182W","false","YER182W"
"65","14","YER188W","false","YER188W"
"95","48","YFL010C","false","YFL010C"
"40","5","YPR054W","false","YPR054W"
"70","15","YOL059W","false","YOL059W"
"35","4","YOR362C","false","YOR362C"
"70","17","YFL017W-A","false","YFL017W-A"
"60","10","YOR159C","false","YOR159C"
"60","11","YFL018C","false","YFL018C"
"0","1","YFL024C","false","YFL024C"
"0","1","YHR090C","false","YHR090C"
"55","8","YFL034C-B","false","YFL034C-B"
"35","4","YIR016W","false","YIR016W"
"15","2","YOL036W","false","YOL036W"
"15","2","YFL037W","false","YFL037W"
"65","14","YOR265W","false","YOR265W"
"55","8","YFL038C","false","YFL038C"
"40","5","YGL015C","false","YGL015C"
"40","5","YMR092C","false","YMR092C"
"35","4","YNL138W","false","YNL138W"
"15","2","YFL042C","false","YFL042C"
"45","6","YGR017W","false","YGR017W"
"25","3","YFL047W","false","YFL047W"
"25","3","YFL056C","false","YFL056C"
"80","24","YFL060C","false","YFL060C"
"80","28","YMR096W","false","YMR096W"
"75","23","YMR322C","false","YMR322C"
"95","48","YNL333W","false","YNL333W"
"80","24","YNL334C","false","YNL334C"
"85","39","YFL061W","false","YFL061W"
"65","14","YFR002W","false","YFR002W"
"15","2","YML025C","false","YML025C"
"35","4","YMR029C","false","YMR029C"
"50","7","YFR015C","false","YFR015C"
"50","7","YJL137C","false","YJL137C"
"0","1","YFR017C","false","YFR017C"
"0","1","YPR184W","false","YPR184W"
"80","26","YFR024C-A","false","YFR024C-A"
"75","21","YKL068W","false","YKL068W"
"90","43","YOR042W","false","YOR042W"
"35","4","YPR171W","false","YPR171W"
"50","7","YFR027W","false","YFR027W"
"45","6","YFR033C","false","YFR033C"
,,"YFR034C","false","YFR034C"
"65","14","YFR036W","false","YFR036W"
"15","2","YML127W","false","YML127W"
"15","2","YMR091C","false","YMR091C"
"0","1","YFR042W","false","YFR042W"
"0","1","YPR159W","false","YPR159W"
"60","10","YPR029C","false","YPR029C"
"15","2","YLL046C","false","YLL046C"
"90","39","YJR133W","false","YJR133W"
"25","3","YGL004C","false","YGL004C"
"15","2","YGL048C","false","YGL048C"
,,"YGL013C","false","YGL013C"
"15","2","YLR319C","false","YLR319C"
"15","2","YGL019W","false","YGL019W"
"25","3","YGL024W","false","YGL024W"
"90","45","YOL130W","false","YOL130W"
"10","2","YGL030W","false","YGL030W"
"90","39","YGL040C","false","YGL040C"
"10","2","YML018C","false","YML018C"
"65","11","YOR059C","false","YOR059C"
"80","26","YGL054C","false","YGL054C"
"10","2","YLR024C","false","YLR024C"
"25","3","YIR018W","false","YIR018W"
"85","39","YGL086W","false","YGL086W"
"60","10","YNL113W","false","YNL113W"
"25","3","YOR005C","false","YOR005C"
"10","2","YGL092W","false","YGL092W"
"25","3","YKL057C","false","YKL057C"
"25","3","YGL094C","false","YGL094C"
"25","3","YGL096W","false","YGL096W"
"40","5","YOR220W","false","YOR220W"
"60","11","YNL153C","false","YNL153C"
"50","7","YGL116W","false","YGL116W"
"85","39","YIL092W","false","YIL092W"
"80","25","YLR206W","false","YLR206W"
"45","6","YNL016W","false","YNL016W"
"65","15","YNL286W","false","YNL286W"
"10","2","YGL126W","false","YGL126W"
"40","5","YPL161C","false","YPL161C"
"45","6","YPR168W","false","YPR168W"
"0","1","YGL130W","false","YGL130W"
"0","1","YPL228W","false","YPL228W"
"0","1","YGL141W","false","YGL141W"
"0","1","YKR064W","false","YKR064W"
"35","4","YGL144C","false","YGL144C"
"55","8","YGL145W","false","YGL145W"
"50","7","YNL258C","false","YNL258C"
"95","58","YPR105C","false","YPR105C"
"60","11","YIR034C","false","YIR034C"
"70","17","YMR267W","false","YMR267W"
"60","10","YOL105C","false","YOL105C"
"80","25","YOL145C","false","YOL145C"
"60","10","YOR180C","false","YOR180C"
"45","6","YGL154C","false","YGL154C"
"55","9","YGL254W","false","YGL254W"
"25","3","YGL155W","false","YGL155W"
"70","18","YGL156W","false","YGL156W"
"10","2","YGL158W","false","YGL158W"
"40","5","YLR113W","false","YLR113W"
"90","39","YGL166W","false","YGL166W"
"35","4","YJL154C","false","YJL154C"
"35","4","YKR011C","false","YKR011C"
"35","4","YLL028W","false","YLL028W"
"35","4","YML006C","false","YML006C"
"0","1","YGL174W","false","YGL174W"
"0","1","YIR005W","false","YIR005W"
"55","9","YLR442C","false","YLR442C"
"25","3","YGL180W","false","YGL180W"
"75","20","YPR185W","false","YPR185W"
"75","20","YHR161C","false","YHR161C"
"50","7","YHR177W","false","YHR177W"
"50","7","YMR182C","false","YMR182C"
"50","7","YPL013C","false","YPL013C"
"65","11","YGL189C","false","YGL189C"
"25","3","YGL190C","false","YGL190C"
"10","2","YLR373C","false","YLR373C"
"10","2","YIL150C","false","YIL150C"
"10","2","YML108W","false","YML108W"
"10","2","YGL214W","false","YGL214W"
"90","39","YGL221C","false","YGL221C"
"10","2","YGL223C","false","YGL223C"
"45","6","YML071C","false","YML071C"
"40","5","YJL178C","false","YJL178C"
"40","5","YJL211C","false","YJL211C"
"40","5","YOR062C","false","YOR062C"
"10","2","YKL110C","false","YKL110C"
"10","2","YOR161C","false","YOR161C"
"0","1","YGL233W","false","YGL233W"
"0","1","YLR166C","false","YLR166C"
"70","15","YGR146C","false","YGR146C"
"35","4","YLR114C","false","YLR114C"
"90","39","YGL238W","false","YGL238W"
"80","24","YOR185C","false","YOR185C"
"50","7","YGL240W","false","YGL240W"
"10","2","YGL242C","false","YGL242C"
"45","6","YKR099W","false","YKR099W"
"25","3","YGL244W","false","YGL244W"
"75","21","YLR385C","false","YLR385C"
"35","4","YLR082C","false","YLR082C"
"65","12","YMR068W","false","YMR068W"
"55","8","YOR028C","false","YOR028C"
"90","43","YGL252C","false","YGL252C"
"60","11","YGR047C","false","YGR047C"
"25","3","YHR215W","false","YHR215W"
"45","6","YOR039W","false","YOR039W"
"40","5","YGR003W","false","YGR003W"
"25","3","YGR004W","false","YGR004W"
"90","39","YGR010W","false","YGR010W"
"55","9","YLR438W","false","YLR438W"
"10","2","YGR013W","false","YGR013W"
"45","6","YKL012W","false","YKL012W"
"25","3","YPL211W","false","YPL211W"
"25","3","YLR403W","false","YLR403W"
"25","3","YGR020C","false","YGR020C"
"95","48","YGR024C","false","YGR024C"
"35","4","YIL082W","false","YIL082W"
"35","4","YKL090W","false","YKL090W"
"35","4","YPL110C","false","YPL110C"
"55","8","YGR027C","false","YGR027C"
"50","7","YGR029W","false","YGR029W"
"80","26","YGR038W","false","YGR038W"
,,"YGR041W","false","YGR041W"
"45","6","YGR046W","false","YGR046W"
"10","2","YPL222W","false","YPL222W"
"0","1","YGR049W","false","YGR049W"
"0","1","YGR278W","false","YGR278W"
"55","8","YGR057C","false","YGR057C"
"45","6","YOR097C","false","YOR097C"
"45","6","YGR061C","false","YGR061C"
"10","2","YGR063C","false","YGR063C"
"25","3","YML095C","false","YML095C"
"10","2","YGR067C","false","YGR067C"
"50","7","YGR071C","false","YGR071C"
"10","2","YGR074W","false","YGR074W"
"25","3","YKL183W","false","YKL183W"
"60","10","YGR082W","false","YGR082W"
"90","43","YGR083C","false","YGR083C"
"10","2","YGR092W","false","YGR092W"
,,"YGR097W","false","YGR097W"
"55","8","YKL033W","false","YKL033W"
"0","1","YGR101W","false","YGR101W"
"0","1","YHL021C","false","YHL021C"
"60","11","YGR110W","false","YGR110W"
"45","6","YGR117C","false","YGR117C"
"50","7","YJL041W","false","YJL041W"
"60","11","YKL061W","false","YKL061W"
"60","10","YNR025C","false","YNR025C"
"85","39","YOR158W","false","YOR158W"
"90","39","YOR353C","false","YOR353C"
"80","26","YGR121C","false","YGR121C"
"50","7","YGR122W","false","YGR122W"
"35","4","YGR123C","false","YGR123C"
"10","2","YGR125W","false","YGR125W"
"70","16","YGR130C","false","YGR130C"
"80","25","YGR233C","false","YGR233C"
"50","6","YJR011C","false","YJR011C"
"35","4","YJR127C","false","YJR127C"
"95","48","YGR144W","false","YGR144W"
"10","2","YIL051C","false","YIL051C"
"10","2","YNL181W","false","YNL181W"
"10","2","YGR161C-C","false","YGR161C-C"
"10","2","YGR163W","false","YGR163W"
"35","4","YNR014W","false","YNR014W"
"10","2","YGR179C","false","YGR179C"
"45","6","YGR180C","false","YGR180C"
"45","6","YOR230W","false","YOR230W"
"10","2","YGR185C","false","YGR185C"
"10","2","YGR188C","false","YGR188C"
"35","4","YOR026W","false","YOR026W"
"85","39","YGR192C","false","YGR192C"
"25","3","YOL021C","false","YOL021C"
"65","12","YGR203W","false","YGR203W"
"90","44","YNL314W","false","YNL314W"
"0","1","YGR205W","false","YGR205W"
"0","1","YMR315W","false","YMR315W"
"10","2","YKL069W","false","YKL069W"
"10","2","YGR213C","false","YGR213C"
"65","14","YKL143W","false","YKL143W"
"10","2","YOR089C","false","YOR089C"
"10","2","YGR229C","false","YGR229C"
"75","21","YPR049C","false","YPR049C"
"35","4","YGR238C","false","YGR238C"
"0","1","YGR240C","false","YGR240C"
"0","1","YMR205C","false","YMR205C"
"35","4","YLL017W","false","YLL017W"
"35","4","YNL020C","false","YNL020C"
"65","11","YGR247W","false","YGR247W"
"25","3","YGR250C","false","YGR250C"
"10","2","YIR001C","false","YIR001C"
"25","3","YPL178W","false","YPL178W"
"25","3","YGR253C","false","YGR253C"
"35","4","YGR263C","false","YGR263C"
"90","39","YLR132C","false","YLR132C"
"35","4","YPL251W","false","YPL251W"
"65","13","YOR124C","false","YOR124C"
"35","4","YGR286C","false","YGR286C"
"45","6","YGR294W","false","YGR294W"
"25","3","YHL002W","false","YHL002W"
"10","2","YNR005C","false","YNR005C"
"10","2","YNR006W","false","YNR006W"
"80","24","YHL003C","false","YHL003C"
"80","26","YKL008C","false","YKL008C"
"75","19","YMR298W","false","YMR298W"
"25","3","YOR223W","false","YOR223W"
"25","3","YLR046C","false","YLR046C"
"55","8","YLR376C","false","YLR376C"
"10","2","YHL011C","false","YHL011C"
"65","15","YHL012W","false","YHL012W"
"65","13","YOL054W","false","YOL054W"
"45","6","YHL019C","false","YHL019C"
"70","16","YKL135C","false","YKL135C"
"10","2","YHL025W","false","YHL025W"
"0","1","YHL027W","false","YHL027W"
"0","1","YJL056C","false","YJL056C"
"55","9","YHL033C","false","YHL033C"
"35","4","YHL039W","false","YHL039W"
"10","2","YHL042W","false","YHL042W"
"25","3","YOR127W","false","YOR127W"
"50","7","YHL046C","false","YHL046C"
"10","2","YHR005C","false","YHR005C"
"25","3","YOR212W","false","YOR212W"
"10","2","YHR009C","false","YHR009C"
"70","15","YOR359W","false","YOR359W"
"25","3","YHR014W","false","YHR014W"
"55","9","YHR185C","false","YHR185C"
"50","6","YLR243W","false","YLR243W"
"90","39","YHR025W","false","YHR025W"
"80","26","YHR026W","false","YHR026W"
"0","1","YHR030C","false","YHR030C"
"0","1","YPL140C","false","YPL140C"
"30","4","YHR035W","false","YHR035W"
"30","4","YHR036W","false","YHR036W"
"25","3","YPL019C","false","YPL019C"
"10","2","YHR066W","false","YHR066W"
"10","2","YJR047C","false","YJR047C"
"40","5","YHR076W","false","YHR076W"
"10","2","YHR091C","false","YHR091C"
"25","3","YOL088C","false","YOL088C"
"80","26","YHR096C","false","YHR096C"
"25","3","YHR098C","false","YHR098C"
"10","2","YJR048W","false","YJR048W"
"55","8","YPR181C","false","YPR181C"
"55","8","YHR102W","false","YHR102W"
"25","3","YHR107C","false","YHR107C"
"25","3","YIL008W","false","YIL008W"
"60","10","YLR021W","false","YLR021W"
"55","9","YNL222W","false","YNL222W"
"65","13","YIL132C","false","YIL132C"
"60","11","YJL086C","false","YJL086C"
"60","11","YJL180C","false","YJL180C"
"60","11","YJL203W","false","YJL203W"
"60","11","YLR112W","false","YLR112W"
"30","4","YHR115C","false","YHR115C"
"10","2","YOR215C","false","YOR215C"
"10","2","YIL128W","false","YIL128W"
"80","27","YHR123W","false","YHR123W"
"30","4","YJR008W","false","YJR008W"
,,"YHR137W","false","YHR137W"
"10","2","YHR156C","false","YHR156C"
"90","48","YJR010W","false","YJR010W"
"30","4","YJR122W","false","YJR122W"
"30","4","YLR452C","false","YLR452C"
"45","6","YHR166C","false","YHR166C"
"10","2","YLR451W","false","YLR451W"
"85","39","YML062C","false","YML062C"
"10","2","YHR169W","false","YHR169W"
"30","4","YKL075C","false","YKL075C"
"25","3","YLL042C","false","YLL042C"
"45","6","YIL007C","false","YIL007C"
"25","3","YMR016C","false","YMR016C"
"0","1","YHR187W","false","YHR187W"
"0","1","YMR312W","false","YMR312W"
"25","3","YLR146C","false","YLR146C"
"10","2","YPL037C","false","YPL037C"
"85","39","YHR197W","false","YHR197W"
"85","39","YHR216W","false","YHR216W"
"40","5","YIL001W","false","YIL001W"
"0","1","YIL011W","false","YIL011W"
"0","1","YMR201C","false","YMR201C"
"50","7","YIL018W","false","YIL018W"
"0","1","YIL026C","false","YIL026C"
"0","1","YPR068C","false","YPR068C"
"60","11","YIL033C","false","YIL033C"
"25","3","YJL164C","false","YJL164C"
"25","3","YKL166C","false","YKL166C"
"25","3","YPL203W","false","YPL203W"
"10","2","YIL045W","false","YIL045W"
"25","3","YOR178C","false","YOR178C"
"25","3","YJR130C","false","YJR130C"
"25","3","YML082W","false","YML082W"
"55","8","YIL050W","false","YIL050W"
"10","2","YIL053W","false","YIL053W"
"0","1","YIL062C","false","YIL062C"
"0","1","YKL013C","false","YKL013C"
"95","48","YLR321C","false","YLR321C"
"50","7","YIL069C","false","YIL069C"
"0","1","YIL075C","false","YIL075C"
"0","1","YLR421C","false","YLR421C"
"85","39","YIL084C","false","YIL084C"
"50","7","YIL085C","false","YIL085C"
"0","1","YIL103W","false","YIL103W"
"0","1","YKL191W","false","YKL191W"
"25","3","YIL104C","false","YIL104C"
"55","9","YPL059W","false","YPL059W"
"65","14","YIL105W-A","false","YIL105W-A"
"30","4","YNL161W","false","YNL161W"
"65","11","YNL107W","false","YNL107W"
"80","26","YIL124W","false","YIL124W"
"25","3","YLR322W","false","YLR322W"
"10","2","YLR121C","false","YLR121C"
"10","2","YIL163C","false","YIL163C"
"40","5","YIR015W","false","YIR015W"
"85","39","YIR017C","false","YIR017C"
"50","7","YIR025W","false","YIR025W"
,,"YIR032C","false","YIR032C"
"80","27","YNR030W","false","YNR030W"
"80","27","YPL053C","false","YPL053C"
"90","43","YIR035C","false","YIR035C"
,,"YIR036C","false","YIR036C"
"40","5","YIR037W","false","YIR037W"
"10","2","YLR216C","false","YLR216C"
"80","26","YJR010C-A","false","YJR010C-A"
"80","26","YJR073C","false","YJR073C"
"80","27","YJR075W","false","YJR075W"
"80","27","YJR118C","false","YJR118C"
"80","26","YML038C","false","YML038C"
"80","26","YNL217W","false","YNL217W"
"80","26","YOR321W","false","YOR321W"
"45","6","YJL001W","false","YJL001W"
"10","2","YML112W","false","YML112W"
"65","15","YMR001C","false","YMR001C"
"50","7","YNL029C","false","YNL029C"
"50","7","YOL012C","false","YOL012C"
"65","12","YOR288C","false","YOR288C"
"10","2","YJL031C","false","YJL031C"
"40","5","YPR176C","false","YPR176C"
"40","5","YJL039C","false","YJL039C"
"85","39","YJL061W","false","YJL061W"
"40","5","YJL047C","false","YJL047C"
"85","39","YJL048C","false","YJL048C"
"50","8","YJL057C","false","YJL057C"
"50","8","YMR129W","false","YMR129W"
"50","7","YJL075C","false","YJL075C"
"55","9","YML098W","false","YML098W"
"10","2","YJL064W","false","YJL064W"
"40","5","YNR029C","false","YNR029C"
,,"YJL068C","false","YJL068C"
"0","1","YJL069C","false","YJL069C"
"0","1","YLR409C","false","YLR409C"
"50","7","YJL083W","false","YJL083W"
"75","19","YJL090C","false","YJL090C"
"10","2","YJL100W","false","YJL100W"
"40","5","YJL103C","false","YJL103C"
"95","48","YLR377C","false","YLR377C"
"10","2","YOR379C","false","YOR379C"
,,"YJL121C","false","YJL121C"
"25","3","YOR375C","false","YOR375C"
"0","1","YJL125C","false","YJL125C"
"0","1","YNL062C","false","YNL062C"
"30","4","YJL127W-A","false","YJL127W-A"
"40","5","YJL138C","false","YJL138C"
"40","5","YJL141C","false","YJL141C"
"0","1","YJL145W","false","YJL145W"
"0","1","YLR266C","false","YLR266C"
"25","3","YML097C","false","YML097C"
"40","5","YJL155C","false","YJL155C"
"10","2","YNL312W","false","YNL312W"
"50","7","YJL184W","false","YJL184W"
"10","2","YMR204C","false","YMR204C"
"45","6","YJL187C","false","YJL187C"
"65","12","YJL189W","false","YJL189W"
"40","5","YJL200C","false","YJL200C"
"30","4","YJR121W","false","YJR121W"
"0","1","YJR009C","false","YJR009C"
"0","1","YML053C","false","YML053C"
"50","6","YNR069C","false","YNR069C"
"90","39","YJR021C","false","YJR021C"
"45","6","YJR022W","false","YJR022W"
"40","5","YJR023C","false","YJR023C"
,,"YJR024C","false","YJR024C"
"45","6","YJR034W","false","YJR034W"
"50","7","YJR039W","false","YJR039W"
"10","2","YJR052W","false","YJR052W"
"0","1","YJR053W","false","YJR053W"
"0","1","YMR055C","false","YMR055C"
"0","1","YJR055W","false","YJR055W"
"0","1","YPL193W","false","YPL193W"
"90","43","YJR057W","false","YJR057W"
"30","4","YNL290W","false","YNL290W"
"45","6","YJR072C","false","YJR072C"
"10","2","YLR150W","false","YLR150W"
"10","2","YOR262W","false","YOR262W"
"65","15","YJR074W","false","YJR074W"
"25","3","YLL019C","false","YLL019C"
"30","4","YJR083C","false","YJR083C"
"10","2","YJR086W","false","YJR086W"
"65","14","YKL076C","false","YKL076C"
"65","14","YKL113C","false","YKL113C"
"65","14","YLR059C","false","YLR059C"
"65","14","YLR156W","false","YLR156W"
"65","14","YLR420W","false","YLR420W"
"65","14","YOR014W","false","YOR014W"
"65","14","YOR317W","false","YOR317W"
"85","39","YPL159C","false","YPL159C"
"40","5","YJR093C","false","YJR093C"
"30","4","YJR094C","false","YJR094C"
"30","4","YJR097W","false","YJR097W"
"85","39","YJR101W","false","YJR101W"
"65","12","YLR417W","false","YLR417W"
"75","19","YMR077C","false","YMR077C"
"65","12","YPL002C","false","YPL002C"
"50","8","YPL065W","false","YPL065W"
"30","4","YJR125C","false","YJR125C"
"60","10","YJR134C","false","YJR134C"
"10","2","YJR135C","false","YJR135C"
"10","2","YJR136C","false","YJR136C"
"10","2","YKL001C","false","YKL001C"
"20","3","YKL017C","false","YKL017C"
"0","1","YKL020C","false","YKL020C"
"0","1","YOR250C","false","YOR250C"
"10","2","YKR062W","false","YKR062W"
"10","2","YPR085C","false","YPR085C"
"60","11","YKL035W","false","YKL035W"
"50","8","YKL038W","false","YKL038W"
"30","4","YKL044W","false","YKL044W"
"85","39","YKL050C","false","YKL050C"
"50","7","YKL052C","false","YKL052C"
"0","1","YKL058W","false","YKL058W"
"0","1","YOR194C","false","YOR194C"
"10","2","YNL122C","false","YNL122C"
"65","14","YKL063C","false","YKL063C"
"90","39","YKL067W","false","YKL067W"
"30","4","YPL157W","false","YPL157W"
"75","19","YNL091W","false","YNL091W"
"0","1","YKL088W","false","YKL088W"
"0","1","YOR054C","false","YOR054C"
"10","2","YPL128C","false","YPL128C"
"60","11","YOR136W","false","YOR136W"
"30","4","YKL107W","false","YKL107W"
"30","4","YLR157C","false","YLR157C"
"45","6","YNL023C","false","YNL023C"
"30","4","YPR020W","false","YPR020W"
"0","1","YKL132C","false","YKL132C"
"0","1","YPR022C","false","YPR022C"
"20","3","YPL259C","false","YPL259C"
"50","7","YKL157W","false","YKL157W"
"50","7","YMR165C","false","YMR165C"
"50","7","YMR210W","false","YMR210W"
"50","7","YMR243C","false","YMR243C"
"50","7","YNL063W","false","YNL063W"
"50","7","YNL210W","false","YNL210W"
"10","2","YNL178W","false","YNL178W"
"30","3","YNL104C","false","YNL104C"
"0","1","YKL186C","false","YKL186C"
"0","1","YPL138C","false","YPL138C"
"20","3","YKL192C","false","YKL192C"
"10","2","YKL197C","false","YKL197C"
"40","5","YKL204W","false","YKL204W"
"55","9","YKL212W","false","YKL212W"
,,"YKL218C","false","YKL218C"
"45","6","YKR014C","false","YKR014C"
"30","4","YMR269W","false","YMR269W"
,,"YKR043C","false","YKR043C"
"10","2","YKR055W","false","YKR055W"
"40","5","YKR059W","false","YKR059W"
"65","12","YOR115C","false","YOR115C"
"20","3","YKR071C","false","YKR071C"
"0","1","YKR072C","false","YKR072C"
"0","1","YML016C","false","YML016C"
"0","1","YKR084C","false","YKR084C"
"0","1","YNL001W","false","YNL001W"
,,"YKR097W","false","YKR097W"
"10","2","YLR058C","false","YLR058C"
"20","3","YKR104W","false","YKR104W"
"10","2","YLL010C","false","YLL010C"
"50","8","YOR043W","false","YOR043W"
"0","1","YLL032C","false","YLL032C"
"0","1","YML119W","false","YML119W"
"55","9","YLL045C","false","YLL045C"
"85","39","YLL049W","false","YLL049W"
"90","43","YLL057C","false","YLL057C"
,,"YLL060C","false","YLL060C"
"20","3","YLL062C","false","YLL062C"
"90","43","YLR011W","false","YLR011W"
,,"YLR014C","false","YLR014C"
"65","15","YPR017C","false","YPR017C"
"10","2","YLR019W","false","YLR019W"
"20","3","YMR154C","false","YMR154C"
"50","7","YOR275C","false","YOR275C"
,,"YLR070C","false","YLR070C"
"20","3","YLR173W","false","YLR173W"
"85","39","YLR089C","false","YLR089C"
"10","2","YLR102C","false","YLR102C"
"30","4","YLR119W","false","YLR119W"
"10","2","YLR120W-A","false","YLR120W-A"
"35","4","YLR125W","false","YLR125W"
"10","2","YMR030W","false","YMR030W"
"10","2","YPR069C","false","YPR069C"
"20","3","YLR170C","false","YLR170C"
"0","1","YLR182W","false","YLR182W"
"0","1","YOL131W","false","YOL131W"
"20","3","YML094W","false","YML094W"
"10","2","YMR017W","false","YMR017W"
"85","39","YLR209C","false","YLR209C"
"10","2","YLR211C","false","YLR211C"
"0","1","YLR212C","false","YLR212C"
"0","1","YNL126W","false","YNL126W"
"20","3","YNL116W","false","YNL116W"
"50","7","YLR219W","false","YLR219W"
"0","1","YLR222C","false","YLR222C"
"0","1","YNR041C","false","YNR041C"
"20","3","YLR223C","false","YLR223C"
"10","2","YLR455W","false","YLR455W"
"10","2","YOR247W","false","YOR247W"
"10","2","YLR238W","false","YLR238W"
"30","4","YPR110C","false","YPR110C"
"10","2","YOR258W","false","YOR258W"
"0","1","YLR254C","false","YLR254C"
"0","1","YOR269W","false","YOR269W"
"40","5","YLR257W","false","YLR257W"
"50","8","YLR262C","false","YLR262C"
"10","2","YLR273C","false","YLR273C"
"20","3","YLR275W","false","YLR275W"
"10","2","YLR284C","false","YLR284C"
"30","4","YOR368W","false","YOR368W"
"90","43","YML106W","false","YML106W"
"90","43","YNL307C","false","YNL307C"
"90","48","YPR062W","false","YPR062W"
"20","3","YLR294C","false","YLR294C"
"30","4","YOL050C","false","YOL050C"
"85","39","YLR303W","false","YLR303W"
"65","12","YLR305C","false","YLR305C"
"10","2","YLR312C","false","YLR312C"
"0","1","YLR330W","false","YLR330W"
"0","1","YOR299W","false","YOR299W"
"50","7","YLR333C","false","YLR333C"
,,"YLR359W","false","YLR359W"
"10","2","YMR168C","false","YMR168C"
"45","6","YML092C","false","YML092C"
"85","39","YPL268W","false","YPL268W"
"45","6","YLR389C","false","YLR389C"
"10","2","YOR025W","false","YOR025W"
"10","2","YOR301W","false","YOR301W"
"0","1","YLR405W","false","YLR405W"
"0","1","YPL108W","false","YPL108W"
"85","39","YLR439W","false","YLR439W"
"85","39","YML043C","false","YML043C"
"85","39","YMR059W","false","YMR059W"
"85","39","YMR213W","false","YMR213W"
"85","39","YNL182C","false","YNL182C"
"85","39","YOR226C","false","YOR226C"
"20","3","YML056C","false","YML056C"
"40","5","YLR433C","false","YLR433C"
"10","2","YLR440C","false","YLR440C"
"30","4","YOR332W","false","YOR332W"
"10","2","YNL216W","false","YNL216W"
"20","3","YLR465C","false","YLR465C"
"30","4","YML037C","false","YML037C"
"65","15","YMR223W","false","YMR223W"
"70","15","YNR010W","false","YNR010W"
"65","15","YOL067C","false","YOL067C"
"65","15","YOL148C","false","YOL148C"
"65","15","YOR197W","false","YOR197W"
"65","15","YPL047W","false","YPL047W"
"40","5","YML057W","false","YML057W"
"90","39","YOR020C","false","YOR020C"
"90","39","YPL111W","false","YPL111W"
"0","1","YML075C","false","YML075C"
"0","1","YOR102W","false","YOR102W"
"10","2","YML077W","false","YML077W"
,,"YML079W","false","YML079W"
"30","4","YMR104C","false","YMR104C"
,,"YML121W","false","YML121W"
"30","4","YNL152W","false","YNL152W"
"20","3","YMR039C","false","YMR039C"
"60","10","YOR112W","false","YOR112W"
"55","10","YOR289W","false","YOR289W"
"30","4","YMR048W","false","YMR048W"
"5","2","YNL273W","false","YNL273W"
"30","4","YOL109W","false","YOL109W"
,,"YMR087W","false","YMR087W"
"5","2","YMR102C","false","YMR102C"
"30","4","YMR121C","false","YMR121C"
"5","2","YMR125W","false","YMR125W"
"0","1","YMR133W","false","YMR133W"
"0","1","YPL114W","false","YPL114W"
,,"YMR170C","false","YMR170C"
"40","5","YMR180C","false","YMR180C"
"5","2","YMR193W","false","YMR193W"
"85","39","YMR226C","false","YMR226C"
"20","3","YMR228W","false","YMR228W"
"5","2","YOL006C","false","YOL006C"
"85","39","YMR239C","false","YMR239C"
"50","8","YMR280C","false","YMR280C"
"20","3","YMR288W","false","YMR288W"
"30","4","YMR289W","false","YMR289W"
"30","4","YPR083W","false","YPR083W"
,,"YMR300C","false","YMR300C"
"65","13","YMR309C","false","YMR309C"
"5","2","YNL244C","false","YNL244C"
"20","3","YPR149W","false","YPR149W"
"20","3","YMR317W","false","YMR317W"
"20","3","YOR391C","false","YOR391C"
"20","3","YPL280W","false","YPL280W"
"0","1","YNL007C","false","YNL007C"
"0","1","YPR158W","false","YPR158W"
"50","6","YNL032W","false","YNL032W"
"40","5","YNL056W","false","YNL056W"
"45","6","YNL093W","false","YNL093W"
"5","2","YNL037C","false","YNL037C"
,,"YNL040W","false","YNL040W"
"40","5","YNR011C","false","YNR011C"
"5","2","YNL049C","false","YNL049C"
"20","3","YOL070C","false","YOL070C"
"20","3","YNL164C","false","YNL164C"
"20","3","YPL229W","false","YPL229W"
"30","4","YOR329C","false","YOR329C"
"40","5","YNL098C","false","YNL098C"
,,"YNL159C","false","YNL159C"
"85","39","YNL331C","false","YNL331C"
"85","39","YOL058W","false","YOL058W"
"90","39","YOR155C","false","YOR155C"
"85","39","YPL214C","false","YPL214C"
"90","39","YPR193C","false","YPR193C"
"20","3","YPR115W","false","YPR115W"
"5","2","YOR129C","false","YOR129C"
,,"YNL228W","false","YNL228W"
"5","2","YPL266W","false","YPL266W"
"0","1","YNL251C","false","YNL251C"
"0","1","YPL190C","false","YPL190C"
,,"YNL277W","false","YNL277W"
"20","3","YNL279W","false","YNL279W"
"5","2","YOL094C","false","YOL094C"
"50","8","YNL316C","false","YNL316C"
"5","2","YNR004W","false","YNR004W"
"30","4","YNR022C","false","YNR022C"
"0","1","YNR032C-A","false","YNR032C-A"
"0","1","YOR308C","false","YOR308C"
,,"YNR064C","false","YNR064C"
"5","2","YNR068C","false","YNR068C"
"50","7","YOL001W","false","YOL001W"
"50","8","YPL091W","false","YPL091W"
"20","3","YOL106W","false","YOL106W"
"30","4","YOL107W","false","YOL107W"
"20","3","YOR347C","false","YOR347C"
"5","2","YOL139C","false","YOL139C"
"0","1","YOR034C","false","YOR034C"
"0","1","YOR171C","false","YOR171C"
"5","2","YOR061W","false","YOR061W"
"5","2","YOR303W","false","YOR303W"
"50","8","YOR302W","false","YOR302W"
"50","8","YPR103W","false","YPR103W"
"0","1","YOR069W","false","YOR069W"
"0","1","YOR132W","false","YOR132W"
"40","5","YPR088C","false","YPR088C"
,,"YOR162C","false","YOR162C"
,,"YOR202W","false","YOR202W"
"30","4","YOR283W","false","YOR283W"
"5","2","YPR153W","false","YPR153W"
"45","6","YOR331C","false","YOR331C"
"0","1","YPL003W","false","YPL003W"
"0","1","YPR066W","false","YPR066W"
"50","7","YPL164C","false","YPL164C"
"50","7","YPL219W","false","YPL219W"
"65","14","YPR037C","false","YPR037C"
"40","5","YPR160W","false","YPR160W"
"20","3","YPL176C","false","YPL176C"
,,"YPL192C","false","YPL192C"
"20","3","YPR070W","false","YPR070W"
,,"YPR118W","false","YPR118W"
,,"YPR158W-A","false","YPR158W-A"
