name,_wkshell
AT1G01040,25.0
AT1G01050,1.0
AT1G01060,54.0
AT1G01090,42.0
AT1G01100,3.0
AT1G01120,30.0
AT1G01140,72.0
AT1G01160,150.0
AT1G01200,nan
AT1G01230,65.0
AT1G01340,61.0
AT1G01360,201.0
AT1G01510,12.0
AT1G01560,45.0
AT1G01610,nan
AT1G01620,87.0
AT1G01820,2.0
AT1G01880,8.0
AT1G02090,86.0
AT1G02140,55.0
AT1G02280,39.0
AT1G02340,145.0
AT1G02450,80.0
AT1G02500,11.0
AT1G02510,6.0
AT1G02560,8.0
AT1G02580,8.0
AT1G02690,177.0
AT1G02740,24.0
AT1G02780,43.0
AT1G02840,51.0
AT1G02970,33.0
AT1G03060,3.0
AT1G03130,105.0
AT1G03190,1.0
AT1G03330,nan
AT1G03350,17.0
AT1G03360,5.0
AT1G03445,3.0
AT1G03600,42.0
AT1G03630,22.0
AT1G03680,20.0
AT1G03740,nan
AT1G03760,45.0
AT1G03860,12.0
AT1G03910,nan
AT1G03960,17.0
AT1G04050,5.0
AT1G04170,20.0
AT1G04240,239.0
AT1G04250,253.0
AT1G04270,16.0
AT1G04310,34.0
AT1G04360,2.0
AT1G04400,58.0
AT1G04410,23.0
AT1G04430,nan
AT1G04480,16.0
AT1G04550,205.0
AT1G04650,12.0
AT1G04690,17.0
AT1G04750,22.0
AT1G04870,62.0
AT1G04950,3.0
AT1G05000,83.0
AT1G05055,1.0
AT1G05190,42.0
AT1G05200,21.0
AT1G05385,3.0
AT1G05500,16.0
AT1G05510,62.0
AT1G05730,12.0
AT1G05805,48.0
AT1G06040,92.0
AT1G06070,3.0
AT1G06110,22.0
AT1G06290,nan
AT1G06400,6.0
AT1G06460,33.0
AT1G06530,1.0
AT1G06680,62.0
AT1G06700,3.0
AT1G06790,23.0
AT1G06840,94.0
AT1G06950,1.0
AT1G07000,7.0
AT1G07130,17.0
AT1G07140,12.0
AT1G07310,62.0
AT1G07360,165.0
AT1G07370,62.0
AT1G07400,16.0
AT1G07480,43.0
AT1G07500,nan
AT1G07530,25.0
AT1G07570,21.0
AT1G07590,45.0
AT1G07650,113.0
AT1G07660,1.0
AT1G07770,43.0
AT1G07810,nan
AT1G07890,80.0
AT1G07930,nan
AT1G07940,12.0
AT1G07980,72.0
AT1G08070,43.0
AT1G08140,50.0
AT1G08200,80.0
AT1G08290,46.0
AT1G08360,nan
AT1G08370,13.0
AT1G08420,15.0
AT1G08460,1.0
AT1G08480,6.0
AT1G08560,17.0
AT1G08720,6.0
AT1G08780,9.0
AT1G08800,3.0
AT1G08820,20.0
AT1G08830,80.0
AT1G08970,251.0
AT1G09000,6.0
AT1G09020,160.0
AT1G09030,121.0
AT1G09060,5.0
AT1G09070,80.0
AT1G09080,2.0
AT1G09100,9.0
AT1G09140,51.0
AT1G09180,8.0
AT1G09200,5.0
AT1G09210,62.0
AT1G09270,25.0
AT1G09330,5.0
AT1G09340,1.0
AT1G09530,200.0
AT1G09570,145.0
AT1G09590,80.0
AT1G09630,4.0
AT1G09700,70.0
AT1G09760,62.0
AT1G09770,90.0
AT1G09840,30.0
AT1G09960,23.0
AT1G09970,133.0
AT1G10070,20.0
AT1G10180,13.0
AT1G10200,14.0
AT1G10290,8.0
AT1G10350,62.0
AT1G10430,62.0
AT1G10470,46.0
AT1G10480,145.0
AT1G10520,1.0
AT1G10522,1.0
AT1G10590,14.0
AT1G10690,28.0
AT1G10760,62.0
AT1G10790,29.0
AT1G10820,4.0
AT1G10840,39.0
AT1G10940,33.0
AT1G10960,62.0
AT1G11130,109.0
AT1G11260,2.0
AT1G11310,58.0
AT1G11330,50.0
AT1G11430,67.0
AT1G11480,nan
AT1G11650,82.0
AT1G11850,nan
AT1G11910,57.0
AT1G11950,nan
AT1G12000,nan
AT1G12050,80.0
AT1G12110,46.0
AT1G12200,nan
AT1G12220,45.0
AT1G12230,80.0
AT1G12270,33.0
AT1G12310,4.0
AT1G12360,17.0
AT1G12410,45.0
AT1G12440,21.0
AT1G12480,48.0
AT1G12840,42.0
AT1G12860,99.0
AT1G12900,80.0
AT1G12910,nan
AT1G12920,7.0
AT1G12980,64.0
AT1G13020,20.0
AT1G13120,3.0
AT1G13180,37.0
AT1G13260,106.0
AT1G13320,38.0
AT1G13370,16.0
AT1G13440,80.0
AT1G13460,21.0
AT1G13570,63.0
AT1G13690,20.0
AT1G13930,42.0
AT1G13980,26.0
AT1G14000,20.0
AT1G14030,166.0
AT1G14280,nan
AT1G14320,11.0
AT1G14390,118.0
AT1G14410,42.0
AT1G14510,42.0
AT1G14620,nan
AT1G14640,nan
AT1G14730,nan
AT1G14740,11.0
AT1G14830,8.0
AT1G14870,nan
AT1G14900,17.0
AT1G14920,267.0
AT1G14960,3.0
AT1G15130,45.0
AT1G15200,38.0
AT1G15215,5.0
AT1G15290,80.0
AT1G15570,165.0
AT1G15690,62.0
AT1G15730,16.0
AT1G15750,272.0
AT1G15810,2.0
AT1G15820,80.0
AT1G15910,2.0
AT1G15930,80.0
AT1G16000,15.0
AT1G16030,6.0
AT1G16240,17.0
AT1G16330,127.0
AT1G16470,20.0
AT1G16530,nan
AT1G16610,24.0
AT1G16790,17.0
AT1G16860,18.0
AT1G16970,6.0
AT1G17050,2.0
AT1G17110,7.0
AT1G17140,14.0
AT1G17180,nan
AT1G17260,14.0
AT1G17420,nan
AT1G17550,53.0
AT1G17590,155.0
AT1G17615,2.0
AT1G17650,5.0
AT1G17720,3.0
AT1G17730,4.0
AT1G17745,1.0
AT1G17760,62.0
AT1G17840,52.0
AT1G17860,45.0
AT1G17980,7.0
AT1G18040,225.0
AT1G18080,284.0
AT1G18150,137.0
AT1G18160,19.0
AT1G18260,1.0
AT1G18330,108.0
AT1G18370,6.0
AT1G18450,30.0
AT1G18500,80.0
AT1G18660,119.0
AT1G18800,3.0
AT1G19100,3.0
AT1G19180,252.0
AT1G19270,143.0
AT1G19350,161.0
AT1G19520,2.0
AT1G19570,33.0
AT1G19750,16.0
AT1G19800,46.0
AT1G19835,7.0
AT1G19850,188.0
AT1G19860,182.0
AT1G20010,80.0
AT1G20020,22.0
AT1G20090,28.0
AT1G20110,35.0
AT1G20140,108.0
AT1G20200,7.0
AT1G20220,80.0
AT1G20260,nan
AT1G20330,4.0
AT1G20340,15.0
AT1G20450,20.0
AT1G20540,2.0
AT1G20610,131.0
AT1G20620,80.0
AT1G20630,20.0
AT1G20640,2.0
AT1G20700,197.0
AT1G20840,80.0
AT1G20850,5.0
AT1G20870,13.0
AT1G20920,nan
AT1G20930,203.0
AT1G20950,18.0
AT1G20960,62.0
AT1G20970,19.0
AT1G21250,5.0
AT1G21270,8.0
AT1G21400,45.0
AT1G21410,63.0
AT1G21560,62.0
AT1G21690,31.0
AT1G21700,233.0
AT1G21750,3.0
AT1G21780,4.0
AT1G21980,2.0
AT1G22150,50.0
AT1G22280,20.0
AT1G22300,28.0
AT1G22440,nan
AT1G22700,43.0
AT1G22710,50.0
AT1G22760,3.0
AT1G22770,162.0
AT1G22780,9.0
AT1G22840,37.0
AT1G22920,266.0
AT1G22970,20.0
AT1G23080,40.0
AT1G23190,43.0
AT1G23290,nan
AT1G23490,1.0
AT1G23820,5.0
AT1G23860,64.0
AT1G23900,6.0
AT1G23980,43.0
AT1G24020,42.0
AT1G24050,19.0
AT1G24190,17.0
AT1G24260,76.0
AT1G24280,11.0
AT1G24310,5.0
AT1G24360,42.0
AT1G24510,4.0
AT1G24590,59.0
AT1G25260,8.0
AT1G25280,56.0
AT1G25310,4.0
AT1G25490,223.0
AT1G25540,80.0
AT1G26110,16.0
AT1G26260,77.0
AT1G26460,1.0
AT1G26480,nan
AT1G26550,nan
AT1G26570,nan
AT1G26630,26.0
AT1G26670,6.0
AT1G26830,29.0
AT1G26850,nan
AT1G26880,nan
AT1G26910,1.0
AT1G26960,30.0
AT1G27020,nan
AT1G27030,nan
AT1G27070,80.0
AT1G27100,nan
AT1G27190,151.0
AT1G27310,4.0
AT1G27450,nan
AT1G27630,8.0
AT1G27650,47.0
AT1G27840,16.0
AT1G27970,4.0
AT1G28060,11.0
AT1G28120,nan
AT1G28200,20.0
AT1G28420,53.0
AT1G28480,76.0
AT1G28490,28.0
AT1G29150,19.0
AT1G29170,47.0
AT1G29260,49.0
AT1G29330,52.0
AT1G29400,10.0
AT1G29670,62.0
AT1G29880,80.0
AT1G29900,2.0
AT1G29910,80.0
AT1G29920,77.0
AT1G29930,80.0
AT1G29990,2.0
AT1G30070,27.0
AT1G30120,92.0
AT1G30210,165.0
AT1G30230,16.0
AT1G30270,62.0
AT1G30320,20.0
AT1G30330,193.0
AT1G30360,38.0
AT1G30380,nan
AT1G30400,4.0
AT1G30440,5.0
AT1G30460,199.0
AT1G30480,62.0
AT1G30490,198.0
AT1G30530,16.0
AT1G30580,62.0
AT1G30690,80.0
AT1G30860,47.0
AT1G30950,63.0
AT1G30970,73.0
AT1G31190,nan
AT1G31230,80.0
AT1G31280,nan
AT1G31330,80.0
AT1G31340,4.0
AT1G31420,124.0
AT1G31440,16.0
AT1G31760,nan
AT1G31770,4.0
AT1G31780,31.0
AT1G32060,42.0
AT1G32100,83.0
AT1G32230,93.0
AT1G32350,29.0
AT1G32360,nan
AT1G32380,22.0
AT1G32440,16.0
AT1G32530,1.0
AT1G32580,50.0
AT1G32640,236.0
AT1G32900,nan
AT1G32990,42.0
AT1G33040,nan
AT1G33050,11.0
AT1G33140,62.0
AT1G33810,7.0
AT1G34030,nan
AT1G34170,13.0
AT1G34430,49.0
AT1G34470,50.0
AT1G34760,nan
AT1G34790,10.0
AT1G35160,24.0
AT1G35460,130.0
AT1G35520,nan
AT1G35580,51.0
AT1G35670,132.0
AT1G35720,44.0
AT1G37130,140.0
AT1G41880,43.0
AT1G42560,14.0
AT1G42970,80.0
AT1G43170,62.0
AT1G43700,68.0
AT1G43790,5.0
AT1G43850,26.0
AT1G43860,35.0
AT1G44000,12.0
AT1G44110,107.0
AT1G44575,31.0
AT1G45000,43.0
AT1G45170,nan
AT1G45249,161.0
AT1G45474,4.0
AT1G46480,180.0
AT1G47128,80.0
AT1G47200,4.0
AT1G47220,29.0
AT1G47230,203.0
AT1G47250,7.0
AT1G47260,59.0
AT1G47290,nan
AT1G47380,80.0
AT1G47420,nan
AT1G47550,6.0
AT1G47710,3.0
AT1G47830,3.0
AT1G47870,131.0
AT1G48050,2.0
AT1G48110,nan
AT1G48175,1.0
AT1G48210,nan
AT1G48270,36.0
AT1G48410,79.0
AT1G48420,12.0
AT1G48480,82.0
AT1G48500,167.0
AT1G48520,nan
AT1G48560,8.0
AT1G48630,99.0
AT1G48760,3.0
AT1G48830,62.0
AT1G48850,42.0
AT1G48900,6.0
AT1G48920,nan
AT1G49240,80.0
AT1G49480,2.0
AT1G49620,203.0
AT1G49670,19.0
AT1G49720,161.0
AT1G49760,5.0
AT1G49820,62.0
AT1G49970,43.0
AT1G50010,20.0
AT1G50030,9.0
AT1G50250,23.0
AT1G50320,62.0
AT1G50370,80.0
AT1G50410,nan
AT1G50420,98.0
AT1G50430,17.0
AT1G50460,11.0
AT1G50500,2.0
AT1G50600,nan
AT1G50670,5.0
AT1G50740,45.0
AT1G51070,2.0
AT1G51090,62.0
AT1G51100,31.0
AT1G51460,50.0
AT1G51500,30.0
AT1G51510,29.0
AT1G51560,27.0
AT1G51590,1.0
AT1G51600,192.0
AT1G51650,8.0
AT1G51660,149.0
AT1G51690,nan
AT1G51710,20.0
AT1G51800,81.0
AT1G51950,215.0
AT1G51980,8.0
AT1G52040,2.0
AT1G52230,80.0
AT1G52240,97.0
AT1G52360,45.0
AT1G52380,10.0
AT1G52400,19.0
AT1G52410,3.0
AT1G52510,31.0
AT1G52560,32.0
AT1G52600,50.0
AT1G52740,11.0
AT1G52760,38.0
AT1G52920,16.0
AT1G53020,6.0
AT1G53090,83.0
AT1G53230,255.0
AT1G53310,nan
AT1G53320,33.0
AT1G53430,30.0
AT1G53440,33.0
AT1G53720,52.0
AT1G53900,nan
AT1G54000,5.0
AT1G54010,45.0
AT1G54030,62.0
AT1G54040,80.0
AT1G54140,16.0
AT1G54170,nan
AT1G54320,76.0
AT1G54360,35.0
AT1G54370,nan
AT1G54410,22.0
AT1G54440,62.0
AT1G54490,25.0
AT1G54610,92.0
AT1G54820,43.0
AT1G54830,125.0
AT1G54840,14.0
AT1G55150,16.0
AT1G55300,12.0
AT1G55310,40.0
AT1G55350,nan
AT1G55460,1.0
AT1G55490,45.0
AT1G55540,3.0
AT1G55610,80.0
AT1G55670,80.0
AT1G55750,70.0
AT1G55890,12.0
AT1G56070,16.0
AT1G56220,19.0
AT1G56330,30.0
AT1G56340,45.0
AT1G56450,33.0
AT1G56580,nan
AT1G56650,149.0
AT1G57660,nan
AT1G57720,1.0
AT1G58100,252.0
AT1G58230,45.0
AT1G58270,43.0
AT1G58983,nan
AT1G59580,256.0
AT1G59610,8.0
AT1G59620,45.0
AT1G59750,111.0
AT1G59830,3.0
AT1G59870,92.0
AT1G59900,15.0
AT1G59990,1.0
AT1G60080,11.0
AT1G60160,1.0
AT1G60220,21.0
AT1G60420,nan
AT1G60620,4.0
AT1G60650,40.0
AT1G60780,80.0
AT1G60850,19.0
AT1G60940,5.0
AT1G60950,80.0
AT1G61010,3.0
AT1G61150,1.0
AT1G61170,62.0
AT1G61210,16.0
AT1G61250,12.0
AT1G61520,80.0
AT1G61560,11.0
AT1G61690,5.0
AT1G61730,5.0
AT1G61870,2.0
AT1G61980,24.0
AT1G62180,22.0
AT1G62300,85.0
AT1G62360,62.0
AT1G62380,12.0
AT1G62740,8.0
AT1G62780,4.0
AT1G62830,2.0
AT1G62960,19.0
AT1G63000,2.0
AT1G63160,2.0
AT1G63700,19.0
AT1G63850,50.0
AT1G63940,2.0
AT1G63970,17.0
AT1G64040,5.0
AT1G64060,20.0
AT1G64230,80.0
AT1G64280,32.0
AT1G64330,nan
AT1G64520,24.0
AT1G64750,12.0
AT1G64770,80.0
AT1G64780,8.0
AT1G64840,33.0
AT1G64990,16.0
AT1G65010,19.0
AT1G65030,16.0
AT1G65090,nan
AT1G65260,80.0
AT1G65310,1.0
AT1G65360,38.0
AT1G65380,17.0
AT1G65440,nan
AT1G65480,43.0
AT1G65620,89.0
AT1G65650,10.0
AT1G65740,23.0
AT1G65820,nan
AT1G65930,6.0
AT1G65980,45.0
AT1G66070,16.0
AT1G66150,71.0
AT1G66200,14.0
AT1G66260,17.0
AT1G66340,55.0
AT1G66350,204.0
AT1G66390,68.0
AT1G66410,20.0
AT1G66670,19.0
AT1G66750,219.0
AT1G67090,64.0
AT1G67230,6.0
AT1G67320,nan
AT1G67430,4.0
AT1G67580,104.0
AT1G67700,7.0
AT1G67720,113.0
AT1G67730,nan
AT1G67930,17.0
AT1G68050,122.0
AT1G68060,2.0
AT1G68090,3.0
AT1G68360,133.0
AT1G68520,18.0
AT1G68590,4.0
AT1G68680,43.0
AT1G68810,48.0
AT1G68840,12.0
AT1G68850,45.0
AT1G69120,191.0
AT1G69200,5.0
AT1G69490,40.0
AT1G69530,12.0
AT1G69620,62.0
AT1G69690,279.0
AT1G69740,42.0
AT1G69770,13.0
AT1G69830,62.0
AT1G69840,30.0
AT1G69960,nan
AT1G70300,34.0
AT1G70310,5.0
AT1G70320,nan
AT1G70410,7.0
AT1G70440,45.0
AT1G70490,8.0
AT1G70520,58.0
AT1G70600,80.0
AT1G70700,212.0
AT1G70730,nan
AT1G70750,3.0
AT1G70810,nan
AT1G70940,28.0
AT1G71020,52.0
AT1G71030,73.0
AT1G71230,215.0
AT1G71270,3.0
AT1G71770,6.0
AT1G71820,5.0
AT1G71830,128.0
AT1G71840,1.0
AT1G71880,49.0
AT1G72010,99.0
AT1G72150,nan
AT1G72160,80.0
AT1G72290,3.0
AT1G72340,29.0
AT1G72370,nan
AT1G72390,43.0
AT1G72430,12.0
AT1G72450,182.0
AT1G72530,43.0
AT1G72630,nan
AT1G72710,nan
AT1G72730,3.0
AT1G72750,3.0
AT1G72770,147.0
AT1G72900,20.0
AT1G72930,43.0
AT1G73000,64.0
AT1G73030,7.0
AT1G73080,92.0
AT1G73100,40.0
AT1G73180,nan
AT1G73230,2.0
AT1G73590,50.0
AT1G73660,6.0
AT1G73690,173.0
AT1G73720,62.0
AT1G73960,3.0
AT1G74050,43.0
AT1G74060,nan
AT1G74350,45.0
AT1G74380,11.0
AT1G74470,10.0
AT1G74490,19.0
AT1G74500,31.0
AT1G74560,3.0
AT1G74740,99.0
AT1G74880,nan
AT1G74890,47.0
AT1G74910,2.0
AT1G74940,12.0
AT1G74950,192.0
AT1G74970,42.0
AT1G75060,17.0
AT1G75080,258.0
AT1G75100,41.0
AT1G75240,15.0
AT1G75330,nan
AT1G75340,nan
AT1G75490,37.0
AT1G75540,59.0
AT1G75750,12.0
AT1G75780,3.0
AT1G75820,49.0
AT1G75840,9.0
AT1G75850,3.0
AT1G75950,248.0
AT1G75990,7.0
AT1G76030,23.0
AT1G76080,80.0
AT1G76180,42.0
AT1G76260,16.0
AT1G76420,46.0
AT1G76540,228.0
AT1G76850,6.0
AT1G77000,46.0
AT1G77080,76.0
AT1G77140,4.0
AT1G77180,5.0
AT1G77210,17.0
AT1G77300,21.0
AT1G77440,nan
AT1G77470,4.0
AT1G77760,77.0
AT1G78000,7.0
AT1G78290,18.0
AT1G78300,45.0
AT1G78310,41.0
AT1G78340,1.0
AT1G78370,80.0
AT1G78380,80.0
AT1G78510,3.0
AT1G78570,80.0
AT1G78630,43.0
AT1G78860,45.0
AT1G78920,46.0
AT1G78970,nan
AT1G79000,70.0
AT1G79010,9.0
AT1G79020,63.0
AT1G79040,62.0
AT1G79280,62.0
AT1G79380,15.0
AT1G79530,8.0
AT1G79550,nan
AT1G79570,7.0
AT1G79610,3.0
AT1G79650,14.0
AT1G79690,nan
AT1G79730,3.0
AT1G79750,1.0
AT1G79830,2.0
AT1G79850,42.0
AT1G79930,4.0
AT1G79940,58.0
AT1G80030,62.0
AT1G80210,9.0
AT1G80270,nan
AT1G80350,8.0
AT1G80410,2.0
AT1G80440,34.0
AT1G80490,182.0
AT1G80560,1.0
AT1G80670,16.0
AT1G80720,38.0
AT1G80840,101.0
AT2G01050,2.0
AT2G01140,80.0
AT2G01180,nan
AT2G01210,71.0
AT2G01250,9.0
AT2G01290,27.0
AT2G01350,62.0
AT2G01420,62.0
AT2G01430,51.0
AT2G01530,1.0
AT2G01570,260.0
AT2G01710,76.0
AT2G01730,3.0
AT2G01770,13.0
AT2G01830,80.0
AT2G01950,244.0
AT2G02090,24.0
AT2G02170,nan
AT2G02470,15.0
AT2G02480,nan
AT2G02560,101.0
AT2G02950,46.0
AT2G03070,2.0
AT2G03120,23.0
AT2G03150,4.0
AT2G03220,11.0
AT2G03340,38.0
AT2G03440,11.0
AT2G03640,2.0
AT2G03680,27.0
AT2G03760,nan
AT2G03780,nan
AT2G03870,33.0
AT2G03890,nan
AT2G04030,8.0
AT2G04390,14.0
AT2G04520,30.0
AT2G04550,52.0
AT2G04630,92.0
AT2G04660,20.0
AT2G04790,80.0
AT2G05070,8.0
AT2G05100,22.0
AT2G05170,33.0
AT2G05210,229.0
AT2G05220,nan
AT2G05310,43.0
AT2G05520,2.0
AT2G05620,18.0
AT2G05710,3.0
AT2G05840,3.0
AT2G05900,nan
AT2G05940,4.0
AT2G06160,43.0
AT2G06510,2.0
AT2G06530,19.0
AT2G06850,21.0
AT2G07340,nan
AT2G07690,23.0
AT2G07698,42.0
AT2G09990,43.0
AT2G10940,80.0
AT2G13360,20.0
AT2G13370,9.0
AT2G13540,6.0
AT2G13560,nan
AT2G14120,1.0
AT2G14510,78.0
AT2G14830,45.0
AT2G14835,nan
AT2G15400,8.0
AT2G15430,65.0
AT2G15620,11.0
AT2G16280,20.0
AT2G16365,27.0
AT2G16370,4.0
AT2G16440,17.0
AT2G16600,20.0
AT2G16640,257.0
AT2G16760,10.0
AT2G16850,69.0
AT2G16870,80.0
AT2G16900,21.0
AT2G16930,nan
AT2G16940,3.0
AT2G17150,62.0
AT2G17190,1.0
AT2G17200,5.0
AT2G17290,13.0
AT2G17350,26.0
AT2G17390,3.0
AT2G17410,62.0
AT2G17520,nan
AT2G17560,15.0
AT2G17670,31.0
AT2G17800,8.0
AT2G17950,159.0
AT2G18000,34.0
AT2G18020,45.0
AT2G18110,1.0
AT2G18170,241.0
AT2G18290,36.0
AT2G18380,101.0
AT2G18450,45.0
AT2G18510,80.0
AT2G18710,43.0
AT2G18740,12.0
AT2G18750,24.0
AT2G18790,242.0
AT2G18915,163.0
AT2G18960,62.0
AT2G19190,62.0
AT2G19430,65.0
AT2G19480,35.0
AT2G19520,101.0
AT2G19540,16.0
AT2G19730,80.0
AT2G19900,1.0
AT2G19940,20.0
AT2G20000,nan
AT2G20060,nan
AT2G20140,12.0
AT2G20180,179.0
AT2G20190,nan
AT2G20260,45.0
AT2G20370,11.0
AT2G20450,2.0
AT2G20530,43.0
AT2G20580,43.0
AT2G20630,nan
AT2G20760,61.0
AT2G20780,nan
AT2G20890,18.0
AT2G20990,62.0
AT2G21050,5.0
AT2G21060,11.0
AT2G21160,nan
AT2G21270,3.0
AT2G21330,80.0
AT2G21380,13.0
AT2G21390,43.0
AT2G21470,62.0
AT2G21580,16.0
AT2G21620,34.0
AT2G21630,33.0
AT2G21660,31.0
AT2G21870,62.0
AT2G22125,23.0
AT2G22230,nan
AT2G22240,2.0
AT2G22360,62.0
AT2G22370,6.0
AT2G22430,86.0
AT2G22475,17.0
AT2G22490,165.0
AT2G22540,76.0
AT2G22800,26.0
AT2G23070,21.0
AT2G23080,92.0
AT2G23090,16.0
AT2G23350,9.0
AT2G23380,41.0
AT2G23430,211.0
AT2G23690,45.0
AT2G23770,3.0
AT2G23980,50.0
AT2G24090,7.0
AT2G24170,23.0
AT2G24200,nan
AT2G24270,80.0
AT2G24420,24.0
AT2G24490,3.0
AT2G24590,52.0
AT2G24610,nan
AT2G24720,7.0
AT2G24790,116.0
AT2G25000,181.0
AT2G25140,61.0
AT2G25170,10.0
AT2G25180,33.0
AT2G25620,197.0
AT2G25625,2.0
AT2G25730,12.0
AT2G25930,84.0
AT2G25980,3.0
AT2G26000,1.0
AT2G26070,9.0
AT2G26080,5.0
AT2G26190,19.0
AT2G26230,nan
AT2G26280,80.0
AT2G26300,224.0
AT2G26330,133.0
AT2G26350,4.0
AT2G26400,10.0
AT2G26570,nan
AT2G26590,2.0
AT2G26650,62.0
AT2G26760,13.0
AT2G26920,45.0
AT2G26980,52.0
AT2G26990,34.0
AT2G27020,24.0
AT2G27030,nan
AT2G27040,3.0
AT2G27050,63.0
AT2G27060,100.0
AT2G27100,80.0
AT2G27110,145.0
AT2G27210,3.0
AT2G27450,80.0
AT2G27470,64.0
AT2G27840,nan
AT2G27860,80.0
AT2G27960,219.0
AT2G27970,222.0
AT2G28000,43.0
AT2G28070,17.0
AT2G28080,12.0
AT2G28190,19.0
AT2G28290,109.0
AT2G28380,92.0
AT2G28450,24.0
AT2G28550,185.0
AT2G28740,19.0
AT2G28800,28.0
AT2G28830,25.0
AT2G28900,30.0
AT2G29080,17.0
AT2G29100,23.0
AT2G29190,80.0
AT2G29400,5.0
AT2G29530,20.0
AT2G29540,12.0
AT2G29550,2.0
AT2G29570,14.0
AT2G29580,197.0
AT2G29680,28.0
AT2G29910,nan
AT2G29960,2.0
AT2G29980,nan
AT2G30020,80.0
AT2G30050,80.0
AT2G30060,12.0
AT2G30110,2.0
AT2G30120,62.0
AT2G30250,9.0
AT2G30260,62.0
AT2G30330,8.0
AT2G30360,163.0
AT2G30390,nan
AT2G30410,2.0
AT2G30470,63.0
AT2G30490,12.0
AT2G30520,15.0
AT2G30740,3.0
AT2G30790,nan
AT2G30950,31.0
AT2G30980,130.0
AT2G30990,62.0
AT2G31270,31.0
AT2G31305,40.0
AT2G31320,7.0
AT2G31390,74.0
AT2G31440,nan
AT2G31500,10.0
AT2G31530,1.0
AT2G31610,nan
AT2G31660,nan
AT2G31870,1.0
AT2G31880,117.0
AT2G32080,23.0
AT2G32180,24.0
AT2G32240,33.0
AT2G32400,nan
AT2G32450,nan
AT2G32560,6.0
AT2G32600,nan
AT2G32700,102.0
AT2G32710,219.0
AT2G32950,247.0
AT2G33120,40.0
AT2G33150,4.0
AT2G33210,7.0
AT2G33220,nan
AT2G33250,62.0
AT2G33380,38.0
AT2G33410,15.0
AT2G33430,73.0
AT2G33450,nan
AT2G33460,22.0
AT2G33500,114.0
AT2G33510,2.0
AT2G33550,85.0
AT2G33560,14.0
AT2G33580,52.0
AT2G33600,nan
AT2G33610,221.0
AT2G33730,9.0
AT2G34140,62.0
AT2G34150,58.0
AT2G34160,16.0
AT2G34250,54.0
AT2G34420,73.0
AT2G34430,80.0
AT2G34480,17.0
AT2G34590,44.0
AT2G34640,93.0
AT2G34650,7.0
AT2G34680,2.0
AT2G34690,3.0
AT2G34720,144.0
AT2G34970,3.0
AT2G35100,1.0
AT2G35110,39.0
AT2G35190,nan
AT2G35240,43.0
AT2G35390,nan
AT2G35620,88.0
AT2G35635,1.0
AT2G35840,2.0
AT2G35940,125.0
AT2G36010,131.0
AT2G36170,nan
AT2G36250,9.0
AT2G36270,247.0
AT2G36400,121.0
AT2G36490,2.0
AT2G36530,62.0
AT2G36580,5.0
AT2G36620,nan
AT2G36680,16.0
AT2G36740,57.0
AT2G36880,11.0
AT2G36890,20.0
AT2G36910,39.0
AT2G36990,27.0
AT2G37000,174.0
AT2G37020,nan
AT2G37040,7.0
AT2G37050,20.0
AT2G37170,39.0
AT2G37180,47.0
AT2G37190,17.0
AT2G37250,13.0
AT2G37340,51.0
AT2G37360,44.0
AT2G37550,1.0
AT2G37620,17.0
AT2G37630,157.0
AT2G37660,nan
AT2G37678,40.0
AT2G37680,14.0
AT2G38170,13.0
AT2G38230,6.0
AT2G38280,8.0
AT2G38300,107.0
AT2G38310,94.0
AT2G38400,11.0
AT2G38410,9.0
AT2G38440,47.0
AT2G38470,80.0
AT2G38540,21.0
AT2G38580,62.0
AT2G38620,232.0
AT2G38650,1.0
AT2G38750,7.0
AT2G38760,nan
AT2G38910,nan
AT2G38940,32.0
AT2G39010,39.0
AT2G39050,55.0
AT2G39090,nan
AT2G39130,1.0
AT2G39480,nan
AT2G39660,46.0
AT2G39770,62.0
AT2G39800,5.0
AT2G39810,91.0
AT2G39830,88.0
AT2G39840,63.0
AT2G39940,135.0
AT2G39960,19.0
AT2G40010,3.0
AT2G40030,2.0
AT2G40060,22.0
AT2G40080,9.0
AT2G40290,67.0
AT2G40330,199.0
AT2G40360,nan
AT2G40470,45.0
AT2G40490,nan
AT2G40550,24.0
AT2G40590,14.0
AT2G40650,nan
AT2G40840,62.0
AT2G40930,nan
AT2G40940,24.0
AT2G41070,46.0
AT2G41090,244.0
AT2G41100,62.0
AT2G41110,19.0
AT2G41140,4.0
AT2G41475,45.0
AT2G41540,nan
AT2G41630,84.0
AT2G41680,42.0
AT2G41840,62.0
AT2G41900,29.0
AT2G42160,1.0
AT2G42210,2.0
AT2G42260,52.0
AT2G42280,131.0
AT2G42360,45.0
AT2G42400,40.0
AT2G42500,4.0
AT2G42560,62.0
AT2G42580,154.0
AT2G42590,8.0
AT2G42600,42.0
AT2G42620,63.0
AT2G42790,35.0
AT2G42810,30.0
AT2G42830,37.0
AT2G42870,20.0
AT2G42910,nan
AT2G42940,62.0
AT2G43000,52.0
AT2G43010,178.0
AT2G43030,45.0
AT2G43120,5.0
AT2G43130,80.0
AT2G43160,17.0
AT2G43410,9.0
AT2G43460,nan
AT2G43610,45.0
AT2G43640,1.0
AT2G43680,19.0
AT2G43710,42.0
AT2G43750,4.0
AT2G43790,277.0
AT2G43970,5.0
AT2G44060,62.0
AT2G44100,7.0
AT2G44120,80.0
AT2G44190,28.0
AT2G44270,7.0
AT2G44350,nan
AT2G44490,29.0
AT2G44530,45.0
AT2G44650,22.0
AT2G44670,12.0
AT2G44680,5.0
AT2G44710,12.0
AT2G44745,3.0
AT2G44790,3.0
AT2G45000,18.0
AT2G45140,19.0
AT2G45160,45.0
AT2G45170,8.0
AT2G45180,22.0
AT2G45440,42.0
AT2G45480,27.0
AT2G45510,45.0
AT2G45640,66.0
AT2G45660,138.0
AT2G45740,2.0
AT2G45770,19.0
AT2G45790,18.0
AT2G45810,3.0
AT2G45820,70.0
AT2G45890,10.0
AT2G45960,52.0
AT2G45980,6.0
AT2G46020,243.0
AT2G46040,1.0
AT2G46130,149.0
AT2G46280,16.0
AT2G46340,123.0
AT2G46370,30.0
AT2G46500,32.0
AT2G46510,112.0
AT2G46700,3.0
AT2G46790,99.0
AT2G46800,29.0
AT2G46830,123.0
AT2G46970,116.0
AT2G47060,63.0
AT2G47090,80.0
AT2G47110,2.0
AT2G47210,44.0
AT2G47430,nan
AT2G47450,105.0
AT2G47470,3.0
AT2G47610,10.0
AT2G47620,171.0
AT2G47710,nan
AT2G47750,nan
AT2G47770,39.0
AT2G47900,55.0
AT3G01050,9.0
AT3G01090,206.0
AT3G01180,62.0
AT3G01280,80.0
AT3G01290,2.0
AT3G01330,22.0
AT3G01340,5.0
AT3G01440,2.0
AT3G01460,6.0
AT3G01470,46.0
AT3G01500,42.0
AT3G01570,nan
AT3G01610,nan
AT3G01780,12.0
AT3G01890,24.0
AT3G01910,80.0
AT3G02000,33.0
AT3G02065,nan
AT3G02090,nan
AT3G02130,117.0
AT3G02170,1.0
AT3G02230,12.0
AT3G02260,62.0
AT3G02360,nan
AT3G02420,34.0
AT3G02520,7.0
AT3G02530,43.0
AT3G02540,35.0
AT3G02550,108.0
AT3G02860,27.0
AT3G02880,201.0
AT3G03000,107.0
AT3G03270,nan
AT3G03450,190.0
AT3G03460,17.0
AT3G03490,3.0
AT3G03530,nan
AT3G03550,nan
AT3G03780,42.0
AT3G03920,nan
AT3G03960,15.0
AT3G04120,12.0
AT3G04240,59.0
AT3G04380,5.0
AT3G04550,1.0
AT3G04580,23.0
AT3G04610,6.0
AT3G04680,18.0
AT3G04710,7.0
AT3G04790,80.0
AT3G04840,20.0
AT3G04930,nan
AT3G04940,2.0
AT3G05000,nan
AT3G05120,107.0
AT3G05150,44.0
AT3G05190,nan
AT3G05200,80.0
AT3G05250,2.0
AT3G05350,6.0
AT3G05420,11.0
AT3G05430,nan
AT3G05530,nan
AT3G05560,nan
AT3G05580,5.0
AT3G05670,62.0
AT3G05690,190.0
AT3G05800,2.0
AT3G05840,51.0
AT3G05870,3.0
AT3G06240,63.0
AT3G06400,4.0
AT3G06450,62.0
AT3G06530,3.0
AT3G06560,15.0
AT3G06580,7.0
AT3G06590,68.0
AT3G06610,33.0
AT3G06660,62.0
AT3G06720,144.0
AT3G06730,6.0
AT3G06790,73.0
AT3G06810,nan
AT3G06850,16.0
AT3G06930,1.0
AT3G07030,43.0
AT3G07040,18.0
AT3G07090,21.0
AT3G07110,43.0
AT3G07300,33.0
AT3G07370,85.0
AT3G07520,8.0
AT3G07560,4.0
AT3G07680,27.0
AT3G07750,5.0
AT3G07780,44.0
AT3G07880,6.0
AT3G08030,45.0
AT3G08505,43.0
AT3G08510,64.0
AT3G08530,136.0
AT3G08580,62.0
AT3G08680,86.0
AT3G08720,4.0
AT3G08730,6.0
AT3G08740,nan
AT3G08780,79.0
AT3G08820,45.0
AT3G08850,nan
AT3G08970,4.0
AT3G09000,nan
AT3G09260,80.0
AT3G09370,71.0
AT3G09440,62.0
AT3G09500,62.0
AT3G09630,6.0
AT3G09670,8.0
AT3G09740,46.0
AT3G09770,8.0
AT3G09800,nan
AT3G09820,7.0
AT3G09840,34.0
AT3G09880,38.0
AT3G09920,6.0
AT3G09960,43.0
AT3G09980,3.0
AT3G10340,3.0
AT3G10380,2.0
AT3G10390,13.0
AT3G10480,85.0
AT3G10490,35.0
AT3G10525,nan
AT3G10572,nan
AT3G10640,268.0
AT3G10650,nan
AT3G10690,nan
AT3G10730,15.0
AT3G10800,17.0
AT3G10850,nan
AT3G10860,43.0
AT3G10960,nan
AT3G11130,15.0
AT3G11200,15.0
AT3G11260,80.0
AT3G11280,16.0
AT3G11400,80.0
AT3G11410,250.0
AT3G11430,45.0
AT3G11510,nan
AT3G11520,29.0
AT3G11540,98.0
AT3G11630,278.0
AT3G11710,nan
AT3G11820,28.0
AT3G11830,21.0
AT3G12110,10.0
AT3G12145,40.0
AT3G12210,30.0
AT3G12280,183.0
AT3G12380,nan
AT3G12390,1.0
AT3G12400,35.0
AT3G12480,23.0
AT3G12490,21.0
AT3G12500,nan
AT3G12580,62.0
AT3G12630,12.0
AT3G12780,80.0
AT3G12810,16.0
AT3G13110,5.0
AT3G13160,nan
AT3G13200,24.0
AT3G13220,nan
AT3G13300,6.0
AT3G13320,56.0
AT3G13360,31.0
AT3G13380,113.0
AT3G13460,5.0
AT3G13470,nan
AT3G13530,nan
AT3G13550,69.0
AT3G13570,51.0
AT3G13580,nan
AT3G13670,41.0
AT3G13750,80.0
AT3G13810,45.0
AT3G13860,9.0
AT3G13920,16.0
AT3G13960,171.0
AT3G13990,26.0
AT3G14000,nan
AT3G14010,8.0
AT3G14080,39.0
AT3G14100,62.0
AT3G14120,8.0
AT3G14210,nan
AT3G14240,43.0
AT3G14290,19.0
AT3G14310,nan
AT3G14350,148.0
AT3G14415,2.0
AT3G14420,80.0
AT3G14580,45.0
AT3G14840,80.0
AT3G14930,42.0
AT3G14940,11.0
AT3G14980,7.0
AT3G14990,2.0
AT3G15000,50.0
AT3G15030,274.0
AT3G15040,2.0
AT3G15095,3.0
AT3G15180,2.0
AT3G15210,191.0
AT3G15280,nan
AT3G15354,71.0
AT3G15356,nan
AT3G15540,226.0
AT3G15660,29.0
AT3G15690,80.0
AT3G15730,39.0
AT3G15880,180.0
AT3G15950,3.0
AT3G16050,6.0
AT3G16090,16.0
AT3G16200,nan
AT3G16240,4.0
AT3G16270,3.0
AT3G16320,9.0
AT3G16460,43.0
AT3G16470,nan
AT3G16480,2.0
AT3G16630,nan
AT3G16640,40.0
AT3G16650,nan
AT3G16670,50.0
AT3G16770,93.0
AT3G16830,214.0
AT3G16857,34.0
AT3G16950,3.0
AT3G16980,69.0
AT3G17020,28.0
AT3G17210,52.0
AT3G17240,nan
AT3G17280,45.0
AT3G17310,nan
AT3G17390,80.0
AT3G17410,1.0
AT3G17440,43.0
AT3G17510,68.0
AT3G17590,57.0
AT3G17600,215.0
AT3G17609,107.0
AT3G17690,50.0
AT3G17820,nan
AT3G17840,169.0
AT3G17860,235.0
AT3G17900,31.0
AT3G17930,1.0
AT3G17970,30.0
AT3G17980,36.0
AT3G18000,43.0
AT3G18035,21.0
AT3G18040,nan
AT3G18130,172.0
AT3G18140,105.0
AT3G18190,2.0
AT3G18240,nan
AT3G18480,29.0
AT3G18520,45.0
AT3G18580,30.0
AT3G18690,41.0
AT3G18700,43.0
AT3G18730,2.0
AT3G18740,nan
AT3G18780,80.0
AT3G18830,nan
AT3G18990,62.0
AT3G19140,45.0
AT3G19150,206.0
AT3G19180,3.0
AT3G19210,3.0
AT3G19360,nan
AT3G19370,19.0
AT3G19390,2.0
AT3G19510,nan
AT3G19553,nan
AT3G19590,18.0
AT3G19640,nan
AT3G19720,6.0
AT3G19760,33.0
AT3G19820,13.0
AT3G19930,39.0
AT3G19950,4.0
AT3G19960,2.0
AT3G19980,46.0
AT3G20000,43.0
AT3G20050,20.0
AT3G20130,62.0
AT3G20250,18.0
AT3G20310,101.0
AT3G20320,29.0
AT3G20390,nan
AT3G20550,57.0
AT3G20600,4.0
AT3G20650,17.0
AT3G20740,34.0
AT3G20770,63.0
AT3G20820,42.0
AT3G20860,3.0
AT3G21055,62.0
AT3G21140,19.0
AT3G21150,163.0
AT3G21175,192.0
AT3G21220,81.0
AT3G21350,45.0
AT3G21510,86.0
AT3G21630,234.0
AT3G21640,42.0
AT3G21650,21.0
AT3G21720,20.0
AT3G21830,9.0
AT3G21840,9.0
AT3G21850,47.0
AT3G21860,20.0
AT3G22170,40.0
AT3G22231,33.0
AT3G22320,7.0
AT3G22370,3.0
AT3G22380,17.0
AT3G22640,nan
AT3G22660,23.0
AT3G22680,3.0
AT3G22880,50.0
AT3G22890,nan
AT3G22960,65.0
AT3G22970,5.0
AT3G22990,17.0
AT3G23000,47.0
AT3G23050,214.0
AT3G23150,88.0
AT3G23310,92.0
AT3G23325,62.0
AT3G23390,80.0
AT3G23400,80.0
AT3G23580,7.0
AT3G23660,16.0
AT3G23750,55.0
AT3G23980,19.0
AT3G23990,nan
AT3G24140,70.0
AT3G24150,35.0
AT3G24240,55.0
AT3G24300,3.0
AT3G24430,62.0
AT3G24440,31.0
AT3G24550,nan
AT3G24650,121.0
AT3G24810,171.0
AT3G24830,12.0
AT3G25070,37.0
AT3G25220,nan
AT3G25230,7.0
AT3G25250,65.0
AT3G25500,6.0
AT3G25545,27.0
AT3G25660,42.0
AT3G25800,20.0
AT3G25860,23.0
AT3G25980,19.0
AT3G25990,31.0
AT3G26020,26.0
AT3G26030,nan
AT3G26340,nan
AT3G26450,12.0
AT3G26470,2.0
AT3G26520,4.0
AT3G26560,9.0
AT3G26650,80.0
AT3G26744,134.0
AT3G26910,3.0
AT3G26940,21.0
AT3G27120,12.0
AT3G27170,50.0
AT3G27190,nan
AT3G27240,43.0
AT3G27310,9.0
AT3G27420,30.0
AT3G27430,80.0
AT3G27690,80.0
AT3G27740,12.0
AT3G27810,118.0
AT3G27830,80.0
AT3G27850,6.0
AT3G27920,53.0
AT3G27925,88.0
AT3G28220,138.0
AT3G28270,8.0
AT3G28300,3.0
AT3G28360,1.0
AT3G28450,128.0
AT3G28710,33.0
AT3G28715,107.0
AT3G28730,64.0
AT3G28860,14.0
AT3G28900,nan
AT3G28910,41.0
AT3G29160,189.0
AT3G29320,43.0
AT3G33520,35.0
AT3G42050,nan
AT3G42640,50.0
AT3G42670,5.0
AT3G43190,nan
AT3G43440,166.0
AT3G43810,249.0
AT3G44110,80.0
AT3G44200,55.0
AT3G44460,101.0
AT3G44590,2.0
AT3G44600,7.0
AT3G44620,8.0
AT3G44730,4.0
AT3G44750,9.0
AT3G44880,8.0
AT3G44990,1.0
AT3G45080,45.0
AT3G45140,45.0
AT3G45190,nan
AT3G45620,16.0
AT3G45640,275.0
AT3G45780,43.0
AT3G45860,15.0
AT3G45900,nan
AT3G46010,18.0
AT3G46060,6.0
AT3G46320,nan
AT3G46510,25.0
AT3G46520,11.0
AT3G46580,46.0
AT3G46640,56.0
AT3G46740,43.0
AT3G46780,62.0
AT3G46820,5.0
AT3G46830,9.0
AT3G46900,nan
AT3G47370,nan
AT3G47430,2.0
AT3G47470,80.0
AT3G47520,42.0
AT3G47620,282.0
AT3G47780,50.0
AT3G48000,nan
AT3G48080,5.0
AT3G48090,72.0
AT3G48150,196.0
AT3G48160,117.0
AT3G48190,8.0
AT3G48240,45.0
AT3G48430,9.0
AT3G48590,163.0
AT3G48670,3.0
AT3G48680,41.0
AT3G48750,269.0
AT3G48870,1.0
AT3G48890,151.0
AT3G48990,42.0
AT3G49010,45.0
AT3G49100,1.0
AT3G49180,8.0
AT3G49240,2.0
AT3G49250,20.0
AT3G49260,25.0
AT3G49430,80.0
AT3G49470,19.0
AT3G49500,1.0
AT3G49590,2.0
AT3G49670,55.0
AT3G49680,80.0
AT3G49750,13.0
AT3G49910,42.0
AT3G50000,31.0
AT3G50060,177.0
AT3G50070,146.0
AT3G50310,92.0
AT3G50440,nan
AT3G50500,130.0
AT3G50630,203.0
AT3G50670,56.0
AT3G50820,42.0
AT3G50930,62.0
AT3G50950,11.0
AT3G51130,33.0
AT3G51160,nan
AT3G51260,77.0
AT3G51550,20.0
AT3G51770,11.0
AT3G51800,23.0
AT3G51820,43.0
AT3G51840,nan
AT3G51860,2.0
AT3G51895,19.0
AT3G51920,240.0
AT3G51950,nan
AT3G52050,14.0
AT3G52090,8.0
AT3G52120,24.0
AT3G52150,42.0
AT3G52200,62.0
AT3G52300,80.0
AT3G52400,nan
AT3G52420,6.0
AT3G52430,6.0
AT3G52450,33.0
AT3G52560,nan
AT3G52590,34.0
AT3G52850,36.0
AT3G52890,3.0
AT3G52910,73.0
AT3G52920,nan
AT3G52930,80.0
AT3G52960,nan
AT3G53020,1.0
AT3G53060,nan
AT3G53110,45.0
AT3G53120,27.0
AT3G53150,45.0
AT3G53180,nan
AT3G53260,2.0
AT3G53390,10.0
AT3G53420,69.0
AT3G53460,6.0
AT3G53510,55.0
AT3G53580,42.0
AT3G53620,20.0
AT3G53710,nan
AT3G53730,nan
AT3G53870,nan
AT3G53990,39.0
AT3G54010,nan
AT3G54050,42.0
AT3G54090,5.0
AT3G54110,43.0
AT3G54130,2.0
AT3G54140,50.0
AT3G54170,156.0
AT3G54180,245.0
AT3G54230,24.0
AT3G54300,22.0
AT3G54320,13.0
AT3G54340,80.0
AT3G54360,3.0
AT3G54400,45.0
AT3G54590,45.0
AT3G54610,92.0
AT3G54650,81.0
AT3G54660,4.0
AT3G54760,8.0
AT3G54890,80.0
AT3G54920,nan
AT3G54960,nan
AT3G55000,1.0
AT3G55005,nan
AT3G55130,nan
AT3G55360,2.0
AT3G55440,34.0
AT3G55460,57.0
AT3G55770,nan
AT3G55800,42.0
AT3G56090,18.0
AT3G56130,8.0
AT3G56150,61.0
AT3G56190,12.0
AT3G56340,nan
AT3G56410,43.0
AT3G56460,20.0
AT3G56490,10.0
AT3G56710,3.0
AT3G56800,39.0
AT3G56860,19.0
AT3G56900,5.0
AT3G56910,7.0
AT3G56940,80.0
AT3G57150,17.0
AT3G57290,53.0
AT3G57390,107.0
AT3G57530,32.0
AT3G57560,2.0
AT3G57650,44.0
AT3G57670,24.0
AT3G57750,88.0
AT3G57860,21.0
AT3G57870,283.0
AT3G58040,nan
AT3G58500,nan
AT3G58510,45.0
AT3G58730,nan
AT3G58740,5.0
AT3G58750,17.0
AT3G58780,142.0
AT3G58840,1.0
AT3G59020,23.0
AT3G59060,101.0
AT3G59150,123.0
AT3G59220,38.0
AT3G59380,5.0
AT3G59600,7.0
AT3G59760,2.0
AT3G59810,17.0
AT3G59920,20.0
AT3G60010,63.0
AT3G60020,10.0
AT3G60210,6.0
AT3G60245,nan
AT3G60250,12.0
AT3G60330,29.0
AT3G60600,176.0
AT3G60630,46.0
AT3G60660,nan
AT3G60750,42.0
AT3G60820,34.0
AT3G61070,nan
AT3G61110,20.0
AT3G61130,1.0
AT3G61140,80.0
AT3G61150,10.0
AT3G61160,74.0
AT3G61220,nan
AT3G61260,10.0
AT3G61430,14.0
AT3G61470,80.0
AT3G61530,3.0
AT3G61620,5.0
AT3G61710,3.0
AT3G61830,193.0
AT3G61860,42.0
AT3G61870,43.0
AT3G62030,80.0
AT3G62120,12.0
AT3G62240,20.0
AT3G62250,9.0
AT3G62290,20.0
AT3G62310,3.0
AT3G62560,21.0
AT3G62600,62.0
AT3G62800,5.0
AT3G62870,7.0
AT3G62930,5.0
AT3G62980,170.0
AT3G63010,107.0
AT3G63130,62.0
AT3G63190,nan
AT3G63260,nan
AT3G63280,42.0
AT3G63410,22.0
AT3G63460,nan
AT3G63490,42.0
AT3G63500,11.0
AT4G00020,12.0
AT4G00100,nan
AT4G00130,2.0
AT4G00238,9.0
AT4G00355,45.0
AT4G00380,2.0
AT4G00400,nan
AT4G00430,40.0
AT4G00650,28.0
AT4G00670,nan
AT4G00710,35.0
AT4G00720,nan
AT4G00752,16.0
AT4G00850,52.0
AT4G00900,11.0
AT4G01026,62.0
AT4G01260,nan
AT4G01310,nan
AT4G01370,271.0
AT4G01400,5.0
AT4G01480,1.0
AT4G01700,8.0
AT4G01720,114.0
AT4G01850,80.0
AT4G01900,22.0
AT4G02020,16.0
AT4G02030,2.0
AT4G02060,17.0
AT4G02080,34.0
AT4G02150,175.0
AT4G02195,2.0
AT4G02350,3.0
AT4G02390,1.0
AT4G02500,16.0
AT4G02510,210.0
AT4G02520,38.0
AT4G02560,6.0
AT4G02570,108.0
AT4G02620,24.0
AT4G02680,5.0
AT4G02770,107.0
AT4G02840,45.0
AT4G02890,nan
AT4G02930,6.0
AT4G02980,1.0
AT4G03080,3.0
AT4G03200,42.0
AT4G03270,203.0
AT4G03280,6.0
AT4G03520,6.0
AT4G03550,nan
AT4G04020,37.0
AT4G04320,5.0
AT4G04330,11.0
AT4G04450,114.0
AT4G04490,18.0
AT4G04640,80.0
AT4G04720,22.0
AT4G04740,22.0
AT4G04800,75.0
AT4G04885,144.0
AT4G04890,64.0
AT4G04910,33.0
AT4G04920,nan
AT4G04950,29.0
AT4G04980,45.0
AT4G05180,22.0
AT4G05320,34.0
AT4G05420,217.0
AT4G05520,10.0
AT4G06634,nan
AT4G08150,259.0
AT4G08350,80.0
AT4G08480,30.0
AT4G08500,80.0
AT4G08520,26.0
AT4G08850,11.0
AT4G08900,62.0
AT4G08920,107.0
AT4G09000,139.0
AT4G09010,nan
AT4G09320,12.0
AT4G09340,1.0
AT4G09550,5.0
AT4G09800,80.0
AT4G09980,62.0
AT4G10180,101.0
AT4G10250,nan
AT4G10340,34.0
AT4G10480,8.0
AT4G10760,12.0
AT4G10840,29.0
AT4G10920,4.0
AT4G10970,23.0
AT4G11010,42.0
AT4G11060,17.0
AT4G11110,72.0
AT4G11130,5.0
AT4G11220,49.0
AT4G11240,5.0
AT4G11260,31.0
AT4G11280,28.0
AT4G11380,15.0
AT4G11420,22.0
AT4G11600,nan
AT4G11660,72.0
AT4G11850,6.0
AT4G11860,20.0
AT4G11890,61.0
AT4G11920,32.0
AT4G11960,28.0
AT4G12020,16.0
AT4G12400,nan
AT4G12460,62.0
AT4G12470,62.0
AT4G12560,63.0
AT4G12730,19.0
AT4G12780,62.0
AT4G12800,80.0
AT4G13250,12.0
AT4G13510,50.0
AT4G13520,6.0
AT4G13670,4.0
AT4G13760,43.0
AT4G13770,50.0
AT4G13830,5.0
AT4G13850,nan
AT4G13930,10.0
AT4G13940,80.0
AT4G14040,19.0
AT4G14110,71.0
AT4G14147,nan
AT4G14160,4.0
AT4G14310,14.0
AT4G14340,92.0
AT4G14342,nan
AT4G14410,3.0
AT4G14540,124.0
AT4G14550,198.0
AT4G14560,215.0
AT4G14660,80.0
AT4G14700,3.0
AT4G14713,104.0
AT4G14720,138.0
AT4G14840,nan
AT4G14880,34.0
AT4G14960,3.0
AT4G15000,80.0
AT4G15090,32.0
AT4G15160,nan
AT4G15410,6.0
AT4G15415,34.0
AT4G15530,nan
AT4G15545,62.0
AT4G15560,30.0
AT4G15770,44.0
AT4G15900,77.0
AT4G16143,164.0
AT4G16144,32.0
AT4G16155,42.0
AT4G16250,40.0
AT4G16280,53.0
AT4G16340,64.0
AT4G16360,160.0
AT4G16420,23.0
AT4G16430,82.0
AT4G16440,nan
AT4G16520,21.0
AT4G16760,4.0
AT4G16845,7.0
AT4G16860,2.0
AT4G16890,5.0
AT4G17170,20.0
AT4G17280,nan
AT4G17330,62.0
AT4G17370,45.0
AT4G17500,nan
AT4G17615,122.0
AT4G17720,26.0
AT4G17730,216.0
AT4G17750,44.0
AT4G17760,5.0
AT4G17770,nan
AT4G17870,78.0
AT4G17880,145.0
AT4G17950,21.0
AT4G18010,2.0
AT4G18040,52.0
AT4G18060,34.0
AT4G18100,nan
AT4G18130,40.0
AT4G18160,3.0
AT4G18390,254.0
AT4G18430,43.0
AT4G18440,42.0
AT4G18480,20.0
AT4G18620,126.0
AT4G18670,nan
AT4G18710,237.0
AT4G18770,24.0
AT4G18780,39.0
AT4G18800,4.0
AT4G18880,62.0
AT4G18960,85.0
AT4G19170,4.0
AT4G19690,6.0
AT4G19700,107.0
AT4G20020,50.0
AT4G20130,5.0
AT4G20270,95.0
AT4G20360,64.0
AT4G20380,172.0
AT4G20390,46.0
AT4G20400,18.0
AT4G20440,2.0
AT4G20890,80.0
AT4G20940,113.0
AT4G21100,67.0
AT4G21150,nan
AT4G21450,nan
AT4G21560,51.0
AT4G21660,nan
AT4G21670,36.0
AT4G21750,62.0
AT4G21980,8.0
AT4G21990,nan
AT4G22070,55.0
AT4G22130,145.0
AT4G22200,43.0
AT4G22220,11.0
AT4G22540,21.0
AT4G22690,11.0
AT4G22890,50.0
AT4G22910,47.0
AT4G22920,17.0
AT4G23140,18.0
AT4G23220,57.0
AT4G23400,104.0
AT4G23430,21.0
AT4G23470,80.0
AT4G23570,62.0
AT4G23630,5.0
AT4G23650,169.0
AT4G23670,15.0
AT4G23680,nan
AT4G23730,80.0
AT4G23810,155.0
AT4G23920,nan
AT4G23980,201.0
AT4G24100,nan
AT4G24190,45.0
AT4G24210,107.0
AT4G24280,62.0
AT4G24390,130.0
AT4G24400,42.0
AT4G24510,19.0
AT4G24560,8.0
AT4G24660,6.0
AT4G24680,63.0
AT4G24690,8.0
AT4G24710,nan
AT4G24750,43.0
AT4G24770,16.0
AT4G24780,4.0
AT4G24840,102.0
AT4G24940,62.0
AT4G24972,6.0
AT4G24990,13.0
AT4G25030,280.0
AT4G25080,nan
AT4G25100,80.0
AT4G25140,nan
AT4G25210,5.0
AT4G25240,11.0
AT4G25370,1.0
AT4G25500,6.0
AT4G25530,4.0
AT4G25550,15.0
AT4G25560,107.0
AT4G25630,26.0
AT4G25670,46.0
AT4G25740,34.0
AT4G25910,nan
AT4G25920,40.0
AT4G26080,238.0
AT4G26090,18.0
AT4G26100,11.0
AT4G26110,63.0
AT4G26200,4.0
AT4G26450,74.0
AT4G26455,113.0
AT4G26570,103.0
AT4G26590,43.0
AT4G26630,nan
AT4G26720,14.0
AT4G26750,62.0
AT4G26840,136.0
AT4G26910,nan
AT4G27060,5.0
AT4G27070,nan
AT4G27090,2.0
AT4G27160,nan
AT4G27420,30.0
AT4G27430,20.0
AT4G27440,22.0
AT4G27450,nan
AT4G27500,62.0
AT4G27585,2.0
AT4G27630,16.0
AT4G27670,2.0
AT4G27690,2.0
AT4G27920,78.0
AT4G27960,80.0
AT4G28230,15.0
AT4G28270,1.0
AT4G28370,nan
AT4G28440,3.0
AT4G28450,16.0
AT4G28590,5.0
AT4G28610,10.0
AT4G28650,113.0
AT4G28750,15.0
AT4G28780,nan
AT4G28910,226.0
AT4G28980,219.0
AT4G29040,62.0
AT4G29060,62.0
AT4G29130,62.0
AT4G29160,62.0
AT4G29170,1.0
AT4G29330,60.0
AT4G29350,nan
AT4G29510,22.0
AT4G29680,37.0
AT4G29700,8.0
AT4G29730,19.0
AT4G29810,74.0
AT4G29830,16.0
AT4G29960,2.0
AT4G30120,nan
AT4G30190,82.0
AT4G30200,nan
AT4G30220,27.0
AT4G30330,16.0
AT4G30370,2.0
AT4G30910,42.0
AT4G30930,nan
AT4G30935,18.0
AT4G30960,125.0
AT4G31120,1.0
AT4G31160,30.0
AT4G31170,4.0
AT4G31180,42.0
AT4G31300,24.0
AT4G31340,55.0
AT4G31490,20.0
AT4G31500,41.0
AT4G31570,45.0
AT4G31580,40.0
AT4G31700,7.0
AT4G31720,16.0
AT4G31730,2.0
AT4G31800,104.0
AT4G31985,10.0
AT4G31990,43.0
AT4G32010,187.0
AT4G32040,80.0
AT4G32070,9.0
AT4G32150,nan
AT4G32175,20.0
AT4G32250,nan
AT4G32260,22.0
AT4G32285,nan
AT4G32295,55.0
AT4G32410,38.0
AT4G32470,nan
AT4G32520,29.0
AT4G32551,9.0
AT4G32570,273.0
AT4G32650,50.0
AT4G32690,7.0
AT4G32720,5.0
AT4G32760,27.0
AT4G32940,80.0
AT4G33000,30.0
AT4G33030,42.0
AT4G33060,16.0
AT4G33200,6.0
AT4G33270,35.0
AT4G33360,nan
AT4G33400,nan
AT4G33430,189.0
AT4G33510,42.0
AT4G33520,18.0
AT4G33650,1.0
AT4G33945,23.0
AT4G33950,184.0
AT4G34000,160.0
AT4G34030,nan
AT4G34050,45.0
AT4G34090,3.0
AT4G34110,7.0
AT4G34140,nan
AT4G34160,132.0
AT4G34200,1.0
AT4G34210,115.0
AT4G34230,33.0
AT4G34390,19.0
AT4G34400,nan
AT4G34430,22.0
AT4G34450,nan
AT4G34460,237.0
AT4G34470,76.0
AT4G34530,113.0
AT4G34620,80.0
AT4G34660,12.0
AT4G34670,nan
AT4G34700,nan
AT4G34740,62.0
AT4G34840,7.0
AT4G34870,nan
AT4G34890,5.0
AT4G35000,22.0
AT4G35020,17.0
AT4G35050,16.0
AT4G35090,38.0
AT4G35100,97.0
AT4G35230,27.0
AT4G35250,80.0
AT4G35260,6.0
AT4G35310,nan
AT4G35450,50.0
AT4G35470,17.0
AT4G35570,18.0
AT4G35600,92.0
AT4G35620,19.0
AT4G35640,11.0
AT4G35650,20.0
AT4G35730,62.0
AT4G35790,13.0
AT4G35800,52.0
AT4G35850,1.0
AT4G35860,24.0
AT4G35900,19.0
AT4G35910,7.0
AT4G35950,58.0
AT4G36020,45.0
AT4G36220,nan
AT4G36250,99.0
AT4G36290,13.0
AT4G36480,16.0
AT4G36690,92.0
AT4G36710,117.0
AT4G36730,67.0
AT4G36750,45.0
AT4G36800,14.0
AT4G36810,3.0
AT4G36860,88.0
AT4G37000,14.0
AT4G37130,130.0
AT4G37260,262.0
AT4G37280,nan
AT4G37460,107.0
AT4G37490,87.0
AT4G37630,219.0
AT4G37640,6.0
AT4G37690,nan
AT4G37710,60.0
AT4G37770,7.0
AT4G37870,92.0
AT4G37880,16.0
AT4G37910,1.0
AT4G37930,5.0
AT4G38130,80.0
AT4G38230,nan
AT4G38240,1.0
AT4G38270,nan
AT4G38430,14.0
AT4G38490,1.0
AT4G38510,12.0
AT4G38550,20.0
AT4G38580,nan
AT4G38630,17.0
AT4G38710,62.0
AT4G38740,4.0
AT4G38900,6.0
AT4G38930,33.0
AT4G38960,151.0
AT4G38970,80.0
AT4G39070,115.0
AT4G39100,62.0
AT4G39200,80.0
AT4G39260,nan
AT4G39400,150.0
AT4G39680,18.0
AT4G39690,2.0
AT4G39710,nan
AT4G39730,42.0
AT4G39800,4.0
AT4G39850,2.0
AT4G39960,80.0
AT4G39980,42.0
AT4G40030,28.0
AT4G40040,15.0
AT5G01210,nan
AT5G01410,6.0
AT5G01530,58.0
AT5G01540,52.0
AT5G01630,7.0
AT5G01810,62.0
AT5G01820,168.0
AT5G01840,62.0
AT5G02030,55.0
AT5G02040,45.0
AT5G02050,29.0
AT5G02150,12.0
AT5G02200,35.0
AT5G02450,nan
AT5G02470,116.0
AT5G02490,6.0
AT5G02500,75.0
AT5G02530,32.0
AT5G02760,8.0
AT5G02810,36.0
AT5G02870,nan
AT5G02960,80.0
AT5G03040,19.0
AT5G03240,101.0
AT5G03280,34.0
AT5G03290,20.0
AT5G03415,150.0
AT5G03470,28.0
AT5G03540,23.0
AT5G03730,17.0
AT5G03740,9.0
AT5G03850,62.0
AT5G03940,15.0
AT5G04140,42.0
AT5G04230,nan
AT5G04280,26.0
AT5G04290,2.0
AT5G04340,58.0
AT5G04470,13.0
AT5G04550,38.0
AT5G04560,22.0
AT5G04640,18.0
AT5G04870,179.0
AT5G04900,12.0
AT5G04990,17.0
AT5G05000,24.0
AT5G05010,62.0
AT5G05130,30.0
AT5G05170,97.0
AT5G05190,32.0
AT5G05270,62.0
AT5G05410,40.0
AT5G05440,78.0
AT5G05620,5.0
AT5G05680,nan
AT5G05700,63.0
AT5G05760,45.0
AT5G05800,2.0
AT5G05970,18.0
AT5G06110,62.0
AT5G06150,111.0
AT5G06160,192.0
AT5G06290,42.0
AT5G06320,276.0
AT5G06360,80.0
AT5G06410,2.0
AT5G06680,5.0
AT5G06740,45.0
AT5G06850,4.0
AT5G06950,61.0
AT5G06960,70.0
AT5G07240,10.0
AT5G07280,88.0
AT5G07300,nan
AT5G07310,37.0
AT5G07340,68.0
AT5G07400,9.0
AT5G07530,62.0
AT5G07570,43.0
AT5G08080,13.0
AT5G08130,140.0
AT5G08160,nan
AT5G08190,28.0
AT5G08330,263.0
AT5G08450,10.0
AT5G08560,37.0
AT5G08630,38.0
AT5G08790,32.0
AT5G09240,24.0
AT5G09250,77.0
AT5G09400,31.0
AT5G09420,35.0
AT5G09620,80.0
AT5G09650,12.0
AT5G09680,nan
AT5G09740,3.0
AT5G09770,nan
AT5G09810,32.0
AT5G09820,3.0
AT5G09830,7.0
AT5G09860,4.0
AT5G09920,5.0
AT5G10060,nan
AT5G10140,97.0
AT5G10160,nan
AT5G10180,nan
AT5G10200,62.0
AT5G10270,73.0
AT5G10290,133.0
AT5G10360,45.0
AT5G10400,15.0
AT5G10440,204.0
AT5G10450,116.0
AT5G10470,16.0
AT5G10480,28.0
AT5G10550,nan
AT5G10720,6.0
AT5G10840,9.0
AT5G10860,16.0
AT5G10930,38.0
AT5G10980,nan
AT5G11010,nan
AT5G11030,33.0
AT5G11040,3.0
AT5G11060,62.0
AT5G11170,5.0
AT5G11200,11.0
AT5G11260,166.0
AT5G11300,168.0
AT5G11390,17.0
AT5G11490,nan
AT5G11500,80.0
AT5G11510,35.0
AT5G11520,42.0
AT5G11670,12.0
AT5G11710,22.0
AT5G11870,52.0
AT5G11980,124.0
AT5G12140,nan
AT5G12370,2.0
AT5G12390,17.0
AT5G12860,45.0
AT5G12900,nan
AT5G12920,16.0
AT5G12980,270.0
AT5G13060,17.0
AT5G13120,21.0
AT5G13160,4.0
AT5G13220,191.0
AT5G13270,5.0
AT5G13290,2.0
AT5G13300,2.0
AT5G13330,26.0
AT5G13430,16.0
AT5G13440,16.0
AT5G13450,4.0
AT5G13480,18.0
AT5G13530,58.0
AT5G13570,13.0
AT5G13590,nan
AT5G13630,49.0
AT5G13650,80.0
AT5G13780,4.0
AT5G13790,209.0
AT5G13800,4.0
AT5G13840,87.0
AT5G13860,34.0
AT5G13930,62.0
AT5G14050,nan
AT5G14170,163.0
AT5G14200,1.0
AT5G14240,70.0
AT5G14250,82.0
AT5G14320,nan
AT5G14620,12.0
AT5G14690,45.0
AT5G14740,nan
AT5G14780,80.0
AT5G14870,24.0
AT5G14930,6.0
AT5G14960,74.0
AT5G15090,80.0
AT5G15210,95.0
AT5G15400,nan
AT5G15450,12.0
AT5G15550,nan
AT5G15650,80.0
AT5G15680,nan
AT5G15700,45.0
AT5G15840,264.0
AT5G15850,110.0
AT5G15880,3.0
AT5G15920,nan
AT5G15960,19.0
AT5G16000,145.0
AT5G16050,24.0
AT5G16070,8.0
AT5G16130,nan
AT5G16220,7.0
AT5G16310,27.0
AT5G16400,45.0
AT5G16440,43.0
AT5G16510,2.0
AT5G16570,11.0
AT5G16590,152.0
AT5G16620,1.0
AT5G16710,80.0
AT5G16720,3.0
AT5G16820,4.0
AT5G16840,29.0
AT5G16850,261.0
AT5G16880,7.0
AT5G17290,3.0
AT5G17330,11.0
AT5G17410,nan
AT5G17420,52.0
AT5G17490,197.0
AT5G17510,18.0
AT5G17600,nan
AT5G17640,45.0
AT5G17690,84.0
AT5G17710,16.0
AT5G17770,6.0
AT5G17790,19.0
AT5G17800,182.0
AT5G17920,20.0
AT5G17990,4.0
AT5G18010,2.0
AT5G18100,nan
AT5G18110,33.0
AT5G18170,80.0
AT5G18230,18.0
AT5G18400,19.0
AT5G18610,18.0
AT5G18620,3.0
AT5G18830,1.0
AT5G19000,40.0
AT5G19140,12.0
AT5G19220,42.0
AT5G19280,34.0
AT5G19310,nan
AT5G19320,4.0
AT5G19400,nan
AT5G19440,nan
AT5G19450,42.0
AT5G19510,19.0
AT5G19520,12.0
AT5G19620,11.0
AT5G19660,nan
AT5G19760,43.0
AT5G19780,12.0
AT5G19990,nan
AT5G20010,25.0
AT5G20020,12.0
AT5G20150,16.0
AT5G20160,nan
AT5G20240,86.0
AT5G20250,nan
AT5G20280,6.0
AT5G20290,80.0
AT5G20320,2.0
AT5G20350,14.0
AT5G20480,108.0
AT5G20490,9.0
AT5G20510,7.0
AT5G20570,47.0
AT5G20630,80.0
AT5G20720,43.0
AT5G20730,188.0
AT5G20810,92.0
AT5G20820,12.0
AT5G20830,nan
AT5G20850,12.0
AT5G20890,3.0
AT5G20900,141.0
AT5G20910,7.0
AT5G20920,47.0
AT5G20990,nan
AT5G21160,nan
AT5G21170,94.0
AT5G21274,231.0
AT5G21326,62.0
AT5G21990,52.0
AT5G22120,6.0
AT5G22220,35.0
AT5G22330,31.0
AT5G22360,27.0
AT5G22480,33.0
AT5G22580,45.0
AT5G22640,80.0
AT5G22650,3.0
AT5G22750,7.0
AT5G22770,6.0
AT5G22880,23.0
AT5G23060,26.0
AT5G23120,5.0
AT5G23290,26.0
AT5G23310,6.0
AT5G23430,2.0
AT5G23570,1.0
AT5G23730,4.0
AT5G23740,80.0
AT5G23750,5.0
AT5G23860,80.0
AT5G23880,20.0
AT5G23940,62.0
AT5G24010,50.0
AT5G24230,21.0
AT5G24270,96.0
AT5G24330,9.0
AT5G24350,62.0
AT5G24470,180.0
AT5G24520,149.0
AT5G24630,22.0
AT5G24670,1.0
AT5G24710,20.0
AT5G24780,80.0
AT5G24930,49.0
AT5G25060,6.0
AT5G25100,20.0
AT5G25150,27.0
AT5G25220,230.0
AT5G25260,33.0
AT5G25380,131.0
AT5G25440,20.0
AT5G25470,nan
AT5G25475,22.0
AT5G25510,24.0
AT5G25610,80.0
AT5G25752,157.0
AT5G25757,nan
AT5G25980,62.0
AT5G26000,45.0
AT5G26280,80.0
AT5G26340,1.0
AT5G26710,11.0
AT5G26742,nan
AT5G26830,62.0
AT5G26980,12.0
AT5G27030,220.0
AT5G27050,92.0
AT5G27100,2.0
AT5G27120,23.0
AT5G27150,7.0
AT5G27420,15.0
AT5G27540,nan
AT5G27600,5.0
AT5G27620,207.0
AT5G27630,2.0
AT5G27640,80.0
AT5G27720,36.0
AT5G27840,5.0
AT5G27850,10.0
AT5G27910,194.0
AT5G28020,2.0
AT5G28050,8.0
AT5G28060,nan
AT5G28290,7.0
AT5G28500,1.0
AT5G28540,62.0
AT5G28640,218.0
AT5G28900,80.0
AT5G29000,80.0
AT5G33280,nan
AT5G33320,43.0
AT5G35080,1.0
AT5G35360,80.0
AT5G35410,185.0
AT5G35530,43.0
AT5G35620,6.0
AT5G35630,80.0
AT5G35680,25.0
AT5G35740,45.0
AT5G35770,67.0
AT5G35790,42.0
AT5G35840,20.0
AT5G35910,nan
AT5G37020,170.0
AT5G37055,69.0
AT5G37500,nan
AT5G37600,11.0
AT5G37610,3.0
AT5G37720,23.0
AT5G37740,36.0
AT5G37770,2.0
AT5G37780,260.0
AT5G37850,nan
AT5G38220,5.0
AT5G38410,73.0
AT5G38420,167.0
AT5G38430,80.0
AT5G38470,30.0
AT5G38480,72.0
AT5G38530,12.0
AT5G38560,2.0
AT5G38640,88.0
AT5G38660,80.0
AT5G38890,16.0
AT5G38970,42.0
AT5G39410,16.0
AT5G39510,17.0
AT5G39660,102.0
AT5G39670,92.0
AT5G40100,43.0
AT5G40160,10.0
AT5G40280,2.0
AT5G40420,36.0
AT5G40460,28.0
AT5G40580,2.0
AT5G41180,55.0
AT5G41210,nan
AT5G41260,36.0
AT5G41315,94.0
AT5G41370,nan
AT5G41520,20.0
AT5G41560,46.0
AT5G41670,43.0
AT5G41700,35.0
AT5G41770,80.0
AT5G41790,34.0
AT5G41940,14.0
AT5G42000,3.0
AT5G42020,62.0
AT5G42080,8.0
AT5G42190,195.0
AT5G42220,7.0
AT5G42350,20.0
AT5G42470,62.0
AT5G42750,11.0
AT5G42920,3.0
AT5G42950,9.0
AT5G42970,80.0
AT5G42980,71.0
AT5G43070,4.0
AT5G43080,140.0
AT5G43130,27.0
AT5G43280,nan
AT5G43330,20.0
AT5G43350,3.0
AT5G43380,5.0
AT5G43470,22.0
AT5G43610,13.0
AT5G43700,215.0
AT5G43810,21.0
AT5G43940,20.0
AT5G43960,80.0
AT5G43980,8.0
AT5G43990,7.0
AT5G44020,5.0
AT5G44030,37.0
AT5G44070,2.0
AT5G44090,20.0
AT5G44180,2.0
AT5G44200,10.0
AT5G44210,98.0
AT5G44280,15.0
AT5G44340,80.0
AT5G44500,6.0
AT5G44550,nan
AT5G44560,40.0
AT5G44790,nan
AT5G44800,13.0
AT5G44930,1.0
AT5G45010,12.0
AT5G45250,5.0
AT5G45260,6.0
AT5G45290,43.0
AT5G45390,15.0
AT5G45410,281.0
AT5G45510,62.0
AT5G45600,27.0
AT5G45620,4.0
AT5G45750,19.0
AT5G45900,4.0
AT5G46110,23.0
AT5G46210,47.0
AT5G46240,58.0
AT5G46280,10.0
AT5G46290,42.0
AT5G46330,213.0
AT5G46350,2.0
AT5G46430,nan
AT5G46570,nan
AT5G46630,3.0
AT5G46640,nan
AT5G46750,nan
AT5G46760,145.0
AT5G46780,20.0
AT5G46790,88.0
AT5G46830,78.0
AT5G46860,11.0
AT5G47100,120.0
AT5G47120,24.0
AT5G47200,4.0
AT5G47210,80.0
AT5G47560,nan
AT5G47590,43.0
AT5G47640,172.0
AT5G47690,62.0
AT5G47700,2.0
AT5G47890,nan
AT5G47910,75.0
AT5G48030,1.0
AT5G48140,45.0
AT5G48160,11.0
AT5G48170,61.0
AT5G48230,nan
AT5G48300,42.0
AT5G48380,202.0
AT5G48570,2.0
AT5G48630,10.0
AT5G48650,6.0
AT5G48820,204.0
AT5G48870,3.0
AT5G48930,nan
AT5G49020,1.0
AT5G49160,18.0
AT5G49210,62.0
AT5G49230,3.0
AT5G49510,26.0
AT5G49650,21.0
AT5G49660,42.0
AT5G49720,34.0
AT5G49760,118.0
AT5G49830,4.0
AT5G49880,13.0
AT5G49910,42.0
AT5G50150,62.0
AT5G50230,38.0
AT5G50320,14.0
AT5G50470,41.0
AT5G50480,83.0
AT5G50490,26.0
AT5G50580,26.0
AT5G50600,45.0
AT5G50680,26.0
AT5G50810,16.0
AT5G50850,5.0
AT5G51040,62.0
AT5G51100,52.0
AT5G51110,32.0
AT5G51180,nan
AT5G51200,nan
AT5G51230,9.0
AT5G51280,20.0
AT5G51570,30.0
AT5G51660,15.0
AT5G51700,31.0
AT5G51820,42.0
AT5G51940,12.0
AT5G52040,13.0
AT5G52240,111.0
AT5G52250,4.0
AT5G52310,10.0
AT5G52430,80.0
AT5G52470,35.0
AT5G52640,50.0
AT5G52650,47.0
AT5G52830,nan
AT5G52860,nan
AT5G52960,27.0
AT5G53000,33.0
AT5G53060,19.0
AT5G53120,5.0
AT5G53140,nan
AT5G53160,160.0
AT5G53400,62.0
AT5G53480,32.0
AT5G53530,2.0
AT5G53560,28.0
AT5G53660,27.0
AT5G53850,80.0
AT5G54160,21.0
AT5G54190,22.0
AT5G54260,nan
AT5G54270,27.0
AT5G54310,nan
AT5G54390,5.0
AT5G54430,80.0
AT5G54590,5.0
AT5G54640,10.0
AT5G54661,11.0
AT5G54680,8.0
AT5G54750,1.0
AT5G54770,22.0
AT5G54810,22.0
AT5G54900,nan
AT5G54960,6.0
AT5G55070,62.0
AT5G55100,16.0
AT5G55160,62.0
AT5G55170,62.0
AT5G55180,45.0
AT5G55190,19.0
AT5G55220,23.0
AT5G55280,3.0
AT5G55480,2.0
AT5G55630,61.0
AT5G55990,100.0
AT5G56000,15.0
AT5G56010,21.0
AT5G56030,129.0
AT5G56210,16.0
AT5G56280,54.0
AT5G56290,56.0
AT5G56350,5.0
AT5G56360,27.0
AT5G56500,42.0
AT5G56600,nan
AT5G56670,12.0
AT5G56740,3.0
AT5G56750,246.0
AT5G56760,3.0
AT5G56950,36.0
AT5G57050,207.0
AT5G57090,31.0
AT5G57110,15.0
AT5G57160,1.0
AT5G57180,72.0
AT5G57360,143.0
AT5G57380,2.0
AT5G57710,22.0
AT5G57870,28.0
AT5G57940,50.0
AT5G58003,nan
AT5G58030,1.0
AT5G58040,19.0
AT5G58060,13.0
AT5G58140,22.0
AT5G58150,2.0
AT5G58220,80.0
AT5G58230,25.0
AT5G58270,7.0
AT5G58290,nan
AT5G58430,9.0
AT5G58470,16.0
AT5G58490,62.0
AT5G58550,5.0
AT5G58900,2.0
AT5G59160,5.0
AT5G59310,80.0
AT5G59320,80.0
AT5G59380,90.0
AT5G59570,121.0
AT5G59700,6.0
AT5G59730,64.0
AT5G59800,12.0
AT5G59850,8.0
AT5G59880,19.0
AT5G59950,11.0
AT5G59970,nan
AT5G59980,86.0
AT5G60100,74.0
AT5G60120,265.0
AT5G60160,nan
AT5G60390,62.0
AT5G60410,107.0
AT5G60450,180.0
AT5G60540,6.0
AT5G60640,33.0
AT5G60910,53.0
AT5G60930,62.0
AT5G60960,22.0
AT5G60980,12.0
AT5G61060,35.0
AT5G61150,2.0
AT5G61210,15.0
AT5G61270,114.0
AT5G61380,227.0
AT5G61500,4.0
AT5G61600,80.0
AT5G61780,45.0
AT5G61850,31.0
AT5G61900,31.0
AT5G61920,10.0
AT5G62000,171.0
AT5G62090,26.0
AT5G62190,62.0
AT5G62200,43.0
AT5G62230,113.0
AT5G62300,nan
AT5G62390,2.0
AT5G62430,53.0
AT5G62440,47.0
AT5G62500,2.0
AT5G62575,nan
AT5G62600,51.0
AT5G62690,nan
AT5G62700,nan
AT5G62740,nan
AT5G62790,43.0
AT5G62810,5.0
AT5G62880,71.0
AT5G62950,18.0
AT5G63110,118.0
AT5G63190,34.0
AT5G63310,145.0
AT5G63370,62.0
AT5G63470,153.0
AT5G63510,7.0
AT5G63530,nan
AT5G63570,20.0
AT5G63610,203.0
AT5G63670,12.0
AT5G63860,53.0
AT5G63870,26.0
AT5G63970,15.0
AT5G63980,21.0
AT5G64040,80.0
AT5G64070,80.0
AT5G64110,45.0
AT5G64140,16.0
AT5G64260,nan
AT5G64330,35.0
AT5G64430,8.0
AT5G64610,12.0
AT5G64740,39.0
AT5G64850,3.0
AT5G64930,13.0
AT5G64940,43.0
AT5G64960,64.0
AT5G65020,13.0
AT5G65160,45.0
AT5G65220,42.0
AT5G65360,11.0
AT5G65410,15.0
AT5G65420,208.0
AT5G65430,83.0
AT5G65700,186.0
AT5G65720,nan
AT5G65780,12.0
AT5G65800,44.0
AT5G65930,3.0
AT5G65950,80.0
AT5G66030,3.0
AT5G66120,22.0
AT5G66140,62.0
AT5G66190,42.0
AT5G66240,88.0
AT5G66280,2.0
AT5G66470,10.0
AT5G66570,80.0
AT5G66680,30.0
AT5G66750,9.0
AT5G66790,92.0
AT5G66850,nan
AT5G66880,130.0
AT5G66930,nan
AT5G67100,7.0
AT5G67250,33.0
AT5G67260,158.0
AT5G67270,37.0
AT5G67360,19.0
AT5G67380,26.0
AT5G67385,23.0
AT5G67500,62.0
AT5G67570,2.0
AT5G67610,36.0
AT5G67630,3.0
ATCG00020,45.0
ATCG00120,13.0
ATCG00270,6.0
ATCG00280,10.0
ATCG00340,12.0
ATCG00350,16.0
ATCG00470,45.0
ATCG00480,42.0
ATCG00490,42.0
ATCG00720,9.0
ATCG00730,1.0
ATCG00780,45.0
ATCG00800,42.0
ATCG00810,nan
ATMG01190,45.0
