node,cagiada-dG
AT1G01040,
AT1G01050,12.657335061895
AT1G01060,9.583521660987627
AT1G01090,22.813209359366745
AT1G01100,4.2438696138516425
AT1G01120,
AT1G01140,
AT1G01160,
AT1G01200,12.457243458975931
AT1G01230,
AT1G01340,
AT1G01360,9.42569659022326
AT1G01510,
AT1G01560,23.313393374253206
AT1G01610,30.946672614495757
AT1G01620,
AT1G01820,12.673562230173879
AT1G01880,26.945774535162712
AT1G02090,11.006194766627035
AT1G02140,7.56809113861679
AT1G02280,16.246456833275666
AT1G02340,3.845575861586921
AT1G02450,2.328428795165289
AT1G02500,31.426792480855983
AT1G02510,
AT1G02560,11.694654392766124
AT1G02580,16.49182040270557
AT1G02690,30.453789714213258
AT1G02740,12.27418119447142
AT1G02780,6.737493832903403
AT1G02840,
AT1G02970,18.280585653590464
AT1G03060,
AT1G03130,8.071016029659654
AT1G03190,32.69514359494036
AT1G03330,4.697912491052874
AT1G03350,8.180566846054791
AT1G03360,14.304376134252436
AT1G03445,25.999179489043755
AT1G03600,5.751534183254777
AT1G03630,22.73877462354401
AT1G03680,8.083612599449099
AT1G03740,24.626252221250812
AT1G03760,
AT1G03860,
AT1G03910,17.29361228531775
AT1G03960,22.97257695306537
AT1G04050,16.051921661597248
AT1G04170,26.467092773005888
AT1G04240,
AT1G04250,
AT1G04270,7.814214644518389
AT1G04310,
AT1G04360,
AT1G04400,27.93524002185773
AT1G04410,20.584350133838747
AT1G04430,
AT1G04480,7.378969523988761
AT1G04550,5.827837171771784
AT1G04650,26.217253016066596
AT1G04690,23.2451825337307
AT1G04750,
AT1G04870,20.84382268543494
AT1G04950,16.761519996122733
AT1G05000,
AT1G05055,18.679297945713834
AT1G05190,9.260859777984734
AT1G05200,
AT1G05385,5.991875602962417
AT1G05500,
AT1G05510,12.793541119061922
AT1G05730,
AT1G05805,
AT1G06040,5.490708947507687
AT1G06070,
AT1G06110,24.929778202683334
AT1G06290,31.097993111704685
AT1G06400,13.083945859310838
AT1G06460,
AT1G06530,7.09588775680431
AT1G06680,11.059403959288398
AT1G06700,20.85106748367595
AT1G06790,10.948545058617597
AT1G06840,
AT1G06950,25.005512840804148
AT1G07000,24.16103098098576
AT1G07130,8.401062955038114
AT1G07140,7.728049804613697
AT1G07310,11.833721004617304
AT1G07360,16.516319492037955
AT1G07370,14.99351163758307
AT1G07400,6.133800344141144
AT1G07480,
AT1G07500,2.5367895217485548
AT1G07530,13.268792967771292
AT1G07570,
AT1G07590,
AT1G07650,
AT1G07660,9.610467481769103
AT1G07770,7.883592820238417
AT1G07810,
AT1G07890,15.55063994769774
AT1G07930,38.665684802701115
AT1G07940,38.30742611666501
AT1G07980,4.882079005333097
AT1G08070,
AT1G08140,
AT1G08200,23.10360923257211
AT1G08290,9.343236114753523
AT1G08360,10.542978427344492
AT1G08370,
AT1G08420,25.82233344600617
AT1G08460,24.791288170124268
AT1G08480,
AT1G08560,
AT1G08720,15.971506676059144
AT1G08780,5.1036540567064375
AT1G08800,10.747130218608534
AT1G08820,
AT1G08830,10.749504023337233
AT1G08970,6.610906330858381
AT1G09000,20.85256739975515
AT1G09020,23.113196539248523
AT1G09030,5.3592213253521725
AT1G09060,
AT1G09070,12.382193896007857
AT1G09080,
AT1G09100,20.394325519936675
AT1G09140,9.281712820299646
AT1G09180,11.447389263234873
AT1G09200,8.102936177323036
AT1G09210,23.172770752045196
AT1G09270,30.226231079532337
AT1G09330,
AT1G09340,21.869633155409463
AT1G09530,6.087913788293515
AT1G09570,26.986149565512957
AT1G09590,6.2028436714066695
AT1G09630,13.042102168245576
AT1G09700,19.229412241763832
AT1G09760,13.198373386396694
AT1G09770,19.088336151261988
AT1G09840,23.89082051143102
AT1G09960,
AT1G09970,
AT1G10070,24.040858349134524
AT1G10180,
AT1G10200,6.761900634240516
AT1G10290,29.569364773889113
AT1G10350,15.039291455820434
AT1G10430,21.267744130813526
AT1G10470,8.820139795385643
AT1G10480,3.0688137032651106
AT1G10520,26.675837019974047
AT1G10522,6.727610915357652
AT1G10590,
AT1G10690,2.777156311809062
AT1G10760,24.819144871265543
AT1G10790,
AT1G10820,
AT1G10840,13.533831499915465
AT1G10940,20.874987962934387
AT1G10960,7.261056692429435
AT1G11130,
AT1G11260,
AT1G11310,
AT1G11330,
AT1G11430,7.752009237525785
AT1G11480,
AT1G11650,17.040250825035262
AT1G11850,3.0276383186698057
AT1G11910,27.249209925370753
AT1G11950,20.784431077233105
AT1G12000,31.837735712872128
AT1G12050,
AT1G12110,
AT1G12200,29.323761375576286
AT1G12220,30.008630224545016
AT1G12230,20.16826460736248
AT1G12270,30.012433862370322
AT1G12310,7.923278785989565
AT1G12360,
AT1G12410,11.551832040883683
AT1G12440,5.26378586350514
AT1G12480,
AT1G12840,18.873406290130642
AT1G12860,9.267563556979036
AT1G12900,
AT1G12910,18.45378461229791
AT1G12920,20.14874428329372
AT1G12980,6.1214419590008795
AT1G13020,9.270510203457315
AT1G13120,14.484322344697642
AT1G13180,22.879459945719816
AT1G13260,11.198396514059727
AT1G13320,31.510112720819127
AT1G13370,7.729730648921738
AT1G13440,21.14399869542556
AT1G13460,21.082542642801144
AT1G13570,22.439568678131213
AT1G13690,
AT1G13930,3.9701699291626547
AT1G13980,26.87285168996544
AT1G14000,23.78589931947538
AT1G14030,26.574156590938063
AT1G14280,3.995205433311444
AT1G14320,10.7366026521649
AT1G14390,
AT1G14410,9.547823612785388
AT1G14510,11.043264032678382
AT1G14620,
AT1G14640,14.377502803964715
AT1G14730,
AT1G14740,14.219833592384312
AT1G14830,30.44576891471464
AT1G14870,7.5054491990200765
AT1G14900,5.8854767861843476
AT1G14920,22.564798651366974
AT1G14960,8.195253340252595
AT1G15130,25.815634907817778
AT1G15200,
AT1G15215,
AT1G15290,
AT1G15570,18.32051324527788
AT1G15690,
AT1G15730,21.426376461240977
AT1G15750,24.891719629495217
AT1G15810,
AT1G15820,
AT1G15910,22.077179331849706
AT1G15930,7.099321163223519
AT1G16000,
AT1G16030,35.15752447875828
AT1G16240,
AT1G16330,
AT1G16470,15.242602266906001
AT1G16530,5.304148784202811
AT1G16610,
AT1G16790,
AT1G16860,
AT1G16970,25.14749603864995
AT1G17050,21.566477969150714
AT1G17110,
AT1G17140,6.296077899080511
AT1G17180,16.469906511859076
AT1G17260,
AT1G17420,27.39853306987224
AT1G17550,21.2637139133785
AT1G17590,3.673051270969773
AT1G17615,
AT1G17650,19.891558474150838
AT1G17720,
AT1G17730,5.247227255454664
AT1G17745,31.94791241643092
AT1G17760,26.508021761700498
AT1G17840,
AT1G17860,10.10766240662197
AT1G17980,28.63521178744195
AT1G18040,21.620926789552392
AT1G18080,20.25514595560795
AT1G18150,25.501214779748544
AT1G18160,17.444321921368694
AT1G18260,
AT1G18330,
AT1G18370,24.788094937400412
AT1G18450,24.525684913154777
AT1G18500,32.08457210287153
AT1G18660,
AT1G18800,9.908265175239125
AT1G19100,23.0857518935342
AT1G19180,3.8068653423254917
AT1G19270,
AT1G19350,
AT1G19520,
AT1G19570,15.414525645118236
AT1G19750,
AT1G19800,
AT1G19835,11.037657385417512
AT1G19850,21.16768735890974
AT1G19860,7.7471131019936985
AT1G20010,24.73550618979551
AT1G20020,19.79816821519216
AT1G20090,14.060476956754867
AT1G20110,12.398192070474636
AT1G20140,10.858012347278477
AT1G20200,16.882060388592397
AT1G20220,
AT1G20260,29.57876367683565
AT1G20330,19.410650307406115
AT1G20340,7.7849063219337715
AT1G20450,4.709235666851954
AT1G20540,
AT1G20610,17.52165505533156
AT1G20620,
AT1G20630,25.749813287439423
AT1G20640,
AT1G20700,
AT1G20840,
AT1G20850,21.494397611816648
AT1G20870,15.201520345687111
AT1G20920,15.237977182686482
AT1G20930,21.240266901264153
AT1G20950,33.14959022969235
AT1G20960,25.727991490917887
AT1G20970,
AT1G21250,
AT1G21270,
AT1G21400,
AT1G21410,19.09998386880498
AT1G21560,8.897891460127205
AT1G21690,20.383510518605544
AT1G21700,17.82681722207681
AT1G21750,30.65368395521
AT1G21780,16.561866818935577
AT1G21980,25.121251160958284
AT1G22150,
AT1G22280,17.18670295533371
AT1G22300,12.528070485536864
AT1G22440,26.213374032950032
AT1G22700,
AT1G22710,
AT1G22760,23.13425305342632
AT1G22770,26.279440881575443
AT1G22780,7.179228541151274
AT1G22840,7.974380739456844
AT1G22920,13.895899678635704
AT1G22970,15.691583904404729
AT1G23080,
AT1G23190,38.42567004424314
AT1G23290,6.473180312942863
AT1G23490,
AT1G23820,
AT1G23860,6.037893210977074
AT1G23900,28.736010648720967
AT1G23980,
AT1G24020,8.848019736604785
AT1G24050,
AT1G24190,
AT1G24260,
AT1G24280,22.918923574888975
AT1G24310,9.104637801092373
AT1G24360,19.27609873525798
AT1G24510,29.05036216441515
AT1G24590,6.181638992649441
AT1G25260,
AT1G25280,15.16153177463756
AT1G25310,
AT1G25490,31.07549354159419
AT1G25540,18.15744762229899
AT1G26110,10.338114738143467
AT1G26260,4.6743503004359175
AT1G26460,25.34894384978543
AT1G26480,12.248165148371413
AT1G26550,
AT1G26570,32.44938426671611
AT1G26630,7.735243866091903
AT1G26670,
AT1G26830,27.486824386780928
AT1G26850,
AT1G26880,4.96061082640793
AT1G26910,
AT1G26960,4.294813618645592
AT1G27020,18.710046748065057
AT1G27030,17.634958086484325
AT1G27070,11.38848757552569
AT1G27100,
AT1G27190,
AT1G27310,7.371089540737518
AT1G27450,
AT1G27630,14.338249050942077
AT1G27650,9.86189775277355
AT1G27840,21.812163487703934
AT1G27970,7.783263087631567
AT1G28060,10.236400726400685
AT1G28120,14.117840778258472
AT1G28200,10.694979933261447
AT1G28420,16.16098371707648
AT1G28480,6.486305546250922
AT1G28490,
AT1G29150,20.399381879674273
AT1G29170,9.873587057365727
AT1G29260,20.35970217609269
AT1G29330,
AT1G29400,12.732430203463904
AT1G29670,
AT1G29880,31.824612168011804
AT1G29900,32.44737095833859
AT1G29910,
AT1G29920,
AT1G29930,
AT1G29990,4.895208449614903
AT1G30070,
AT1G30120,22.289287734755515
AT1G30210,5.290722536536885
AT1G30230,8.329427110265597
AT1G30270,24.869627925759527
AT1G30320,5.984936927495468
AT1G30330,
AT1G30360,
AT1G30380,
AT1G30400,
AT1G30440,26.646156010557736
AT1G30460,17.253975153783728
AT1G30480,11.416846893683722
AT1G30490,25.215982348080367
AT1G30530,28.371519529219956
AT1G30580,25.99912859817557
AT1G30690,23.209769201884498
AT1G30860,
AT1G30950,21.172203893283392
AT1G30970,8.582398028637083
AT1G31190,18.682894821202712
AT1G31230,30.026571482667585
AT1G31280,25.365605416926176
AT1G31330,
AT1G31340,13.609659470709081
AT1G31420,
AT1G31440,13.663815981292714
AT1G31760,4.1637337514407875
AT1G31770,
AT1G31780,22.905338276249164
AT1G32060,20.86257223688681
AT1G32100,19.599728165658075
AT1G32230,16.7038135397199
AT1G32350,14.169133307434748
AT1G32360,9.187933789987495
AT1G32380,23.2193599077426
AT1G32440,28.76264604350094
AT1G32530,15.141287488916955
AT1G32580,8.046394192816928
AT1G32640,15.269429391642532
AT1G32900,32.32144841068028
AT1G32990,9.169037782719048
AT1G33040,6.823341099276625
AT1G33050,
AT1G33140,9.744777147575284
AT1G33810,
AT1G34030,7.179228389049936
AT1G34170,
AT1G34430,24.134066278618242
AT1G34470,
AT1G34760,11.67818568778591
AT1G34790,9.179251244103234
AT1G35160,
AT1G35460,3.9766852574388523
AT1G35520,18.160976431895072
AT1G35580,27.717808977531668
AT1G35670,
AT1G35720,19.39510829640216
AT1G37130,26.965688996060642
AT1G41880,5.60438662672566
AT1G42560,
AT1G42970,22.415792369741574
AT1G43170,19.549752562498227
AT1G43700,5.607883792236465
AT1G43790,
AT1G43850,16.818213414087253
AT1G43860,12.083997750354099
AT1G44000,8.668540039702952
AT1G44110,17.805332295651045
AT1G44575,
AT1G45000,20.799286822279605
AT1G45170,9.495834454808962
AT1G45249,5.392317505729646
AT1G45474,
AT1G46480,4.879906829228837
AT1G47128,26.5503140014665
AT1G47200,4.7086482479960186
AT1G47220,
AT1G47230,16.707941356237857
AT1G47250,13.934950305599306
AT1G47260,14.657697647502069
AT1G47290,
AT1G47380,23.086940810859033
AT1G47420,7.642535080286864
AT1G47550,
AT1G47710,
AT1G47830,7.575875921692969
AT1G47870,9.62974036352333
AT1G48050,26.23687496291099
AT1G48110,
AT1G48175,10.207187348388633
AT1G48210,20.83789422371956
AT1G48270,
AT1G48410,24.463542065201654
AT1G48420,25.146222908909788
AT1G48480,
AT1G48500,4.288733741634731
AT1G48520,29.521663085331774
AT1G48560,10.862645408455048
AT1G48630,19.68619849235218
AT1G48760,29.08156475612452
AT1G48830,9.548324266103261
AT1G48850,26.455921777572442
AT1G48900,26.977236548552767
AT1G48920,13.059034596633817
AT1G49240,23.441817691728463
AT1G49480,8.425646653713661
AT1G49620,
AT1G49670,36.62339414349178
AT1G49720,5.440199831640241
AT1G49760,25.407095299381194
AT1G49820,26.423911941259497
AT1G49970,12.675715393832878
AT1G50010,25.563981058265895
AT1G50030,34.941144391372404
AT1G50250,
AT1G50320,8.220478221636878
AT1G50370,
AT1G50410,18.77412115383632
AT1G50420,22.178535070009378
AT1G50430,
AT1G50460,26.98950753934397
AT1G50500,
AT1G50600,
AT1G50670,12.400114200126374
AT1G50740,
AT1G51070,5.086927103609023
AT1G51090,
AT1G51100,5.684306088379935
AT1G51460,
AT1G51500,
AT1G51510,6.749270808868075
AT1G51560,14.710181743482591
AT1G51590,
AT1G51600,6.551641249454078
AT1G51650,2.6690428816471607
AT1G51660,18.368472846096438
AT1G51690,
AT1G51710,23.238854587890053
AT1G51800,
AT1G51950,
AT1G51980,27.40565664488115
AT1G52040,27.502609169856807
AT1G52230,
AT1G52240,17.28148636440314
AT1G52360,
AT1G52380,9.30252858928564
AT1G52400,33.75538658780759
AT1G52410,
AT1G52510,
AT1G52560,
AT1G52600,
AT1G52740,8.721213054116149
AT1G52760,20.561987346571133
AT1G52920,26.385845611730588
AT1G53020,
AT1G53090,17.76042475805871
AT1G53230,5.959004890647978
AT1G53310,31.016841171431505
AT1G53320,14.783255596874277
AT1G53430,
AT1G53440,
AT1G53720,21.747350360965484
AT1G53900,
AT1G54000,20.951637357363364
AT1G54010,20.70245977795899
AT1G54030,21.802661432784568
AT1G54040,22.38099932024573
AT1G54140,5.465319007061808
AT1G54170,9.76190299382818
AT1G54320,
AT1G54360,
AT1G54370,
AT1G54410,2.2891412660352746
AT1G54440,
AT1G54490,33.28558032758738
AT1G54610,24.58947648369815
AT1G54820,
AT1G54830,6.501219373024904
AT1G54840,14.21835231811872
AT1G55150,
AT1G55300,
AT1G55310,
AT1G55350,
AT1G55460,13.66922344912528
AT1G55490,32.5587359340535
AT1G55540,
AT1G55610,
AT1G55670,
AT1G55750,
AT1G55890,21.642081858312633
AT1G56070,
AT1G56220,
AT1G56330,11.560380267217962
AT1G56340,24.722367574297326
AT1G56450,12.38738785263346
AT1G56580,8.2151314041818
AT1G56650,7.313805906591402
AT1G57660,6.2659676396219695
AT1G57720,24.194095419023302
AT1G58100,5.723054082777998
AT1G58230,
AT1G58270,
AT1G58983,13.316054657075082
AT1G59580,23.285361410651586
AT1G59610,30.3617169546749
AT1G59620,
AT1G59750,
AT1G59830,21.163366884073092
AT1G59870,
AT1G59900,24.124559156669815
AT1G59990,23.904583755934166
AT1G60080,15.679736763732459
AT1G60160,
AT1G60220,16.880243730118696
AT1G60420,34.54790596691588
AT1G60620,
AT1G60650,
AT1G60780,20.66016597023722
AT1G60850,21.03870545611935
AT1G60940,20.938967064426315
AT1G60950,7.522005808898966
AT1G61010,32.02012562396969
AT1G61150,11.034744712978071
AT1G61170,2.5797491123618737
AT1G61210,
AT1G61250,
AT1G61520,
AT1G61560,
AT1G61690,
AT1G61730,8.071620425585246
AT1G61870,20.617592537708667
AT1G61980,19.990507333946788
AT1G62180,24.477347972848335
AT1G62300,10.528457869995178
AT1G62360,9.186512176769396
AT1G62380,19.620934848614937
AT1G62740,30.357004308250968
AT1G62780,
AT1G62830,23.99342044908216
AT1G62960,22.78376115221569
AT1G63000,19.503797439223746
AT1G63160,21.03297580605477
AT1G63700,12.632601470539832
AT1G63850,19.905917565830013
AT1G63940,28.805994215848887
AT1G63970,9.839542767428405
AT1G64040,22.567374860596466
AT1G64060,
AT1G64230,11.763880915466228
AT1G64280,23.031313145819137
AT1G64330,10.513625015818853
AT1G64520,10.684028881291503
AT1G64750,1.5666198646982301
AT1G64770,17.391934513942125
AT1G64780,
AT1G64840,19.078063181465048
AT1G64990,
AT1G65010,15.791106103236235
AT1G65030,
AT1G65090,
AT1G65260,6.658878950284041
AT1G65310,
AT1G65360,4.928955977955287
AT1G65380,
AT1G65440,20.413690385166788
AT1G65480,
AT1G65620,6.069652337684966
AT1G65650,16.85018418858115
AT1G65740,16.908388228338175
AT1G65820,
AT1G65930,29.7971920840527
AT1G65980,12.368283466174242
AT1G66070,4.466459151261194
AT1G66150,
AT1G66200,
AT1G66260,7.2989426462038125
AT1G66340,
AT1G66350,23.304347774612904
AT1G66390,7.197716272017621
AT1G66410,13.06251005274037
AT1G66670,12.4512405839077
AT1G66750,21.0921849854622
AT1G67090,6.83452047539697
AT1G67230,13.965982612904515
AT1G67320,23.1223094031867
AT1G67430,
AT1G67580,13.629635029598761
AT1G67700,6.199511390625998
AT1G67720,
AT1G67730,
AT1G67930,22.870661111733817
AT1G68050,29.371262936622475
AT1G68060,8.55450915580504
AT1G68090,18.453279357237957
AT1G68360,4.079356437049812
AT1G68520,6.267976587342753
AT1G68590,4.3368854299714545
AT1G68680,
AT1G68810,8.392325379764397
AT1G68840,11.557086941854804
AT1G68850,18.053855302349493
AT1G69120,6.578199920302289
AT1G69200,
AT1G69490,9.232495447050058
AT1G69530,14.990336697922
AT1G69620,
AT1G69690,4.8160537134741945
AT1G69740,
AT1G69770,25.884243553768247
AT1G69830,
AT1G69840,10.463870115664683
AT1G69960,21.07633083948986
AT1G70300,
AT1G70310,21.029597367308003
AT1G70320,
AT1G70410,13.958586556945068
AT1G70440,13.427662663882215
AT1G70490,14.663332901561455
AT1G70520,
AT1G70600,6.4351193820764845
AT1G70700,
AT1G70730,39.15192105220531
AT1G70750,8.478174655486399
AT1G70810,9.537518416355685
AT1G70940,
AT1G71020,25.38105156699512
AT1G71030,4.294971349536427
AT1G71230,13.886229138951467
AT1G71270,21.39628219704579
AT1G71770,23.27176738719359
AT1G71820,22.973415384383163
AT1G71830,
AT1G71840,
AT1G71880,
AT1G72010,5.334825302168346
AT1G72150,22.20526325278004
AT1G72160,22.36119280114215
AT1G72290,10.94690699441223
AT1G72340,
AT1G72370,11.829127348097717
AT1G72390,14.341800363056317
AT1G72430,4.586607181662028
AT1G72450,3.979322864674846
AT1G72530,
AT1G72630,
AT1G72710,22.217771370807444
AT1G72730,25.91636908654123
AT1G72750,5.717393116532102
AT1G72770,21.95236592934576
AT1G72900,
AT1G72930,10.579438514060916
AT1G73000,11.626593871801502
AT1G73030,5.362833656812844
AT1G73080,
AT1G73100,27.73087000220745
AT1G73180,25.48847513410659
AT1G73230,5.007058073699619
AT1G73590,
AT1G73660,17.203425979096554
AT1G73690,21.64593659028133
AT1G73720,26.29510193606287
AT1G73960,28.283145071697056
AT1G74050,10.809197713867425
AT1G74060,10.711782414059263
AT1G74350,22.919503951847414
AT1G74380,
AT1G74470,25.452901727335025
AT1G74490,
AT1G74500,3.312610603721833
AT1G74560,9.754619862494975
AT1G74740,28.354024171027664
AT1G74880,5.713222704549562
AT1G74890,8.688221782347927
AT1G74910,23.510023097935377
AT1G74940,4.377163158199609
AT1G74950,3.847475833237443
AT1G74970,9.085948833315495
AT1G75060,6.716479171156197
AT1G75080,6.094078362674748
AT1G75100,6.120593687641238
AT1G75240,6.848177652911336
AT1G75330,23.83875537721727
AT1G75340,
AT1G75490,5.540237520230582
AT1G75540,7.774848592341444
AT1G75750,4.0571881010037085
AT1G75780,24.58059384601092
AT1G75820,
AT1G75840,14.308330275390903
AT1G75850,28.3493604196235
AT1G75950,10.9215615831916
AT1G75990,17.127651245530576
AT1G76030,29.581705332618903
AT1G76080,13.772920074730509
AT1G76180,3.275596913798288
AT1G76260,19.838598716920398
AT1G76420,10.350401595640614
AT1G76540,21.176926278608203
AT1G76850,16.190273817843817
AT1G77000,19.08654062569128
AT1G77080,
AT1G77140,26.850678611103
AT1G77180,13.369727628708423
AT1G77210,
AT1G77300,
AT1G77440,12.695078582887273
AT1G77470,21.428579016329522
AT1G77760,27.2398093185188
AT1G78000,
AT1G78290,19.648766860204255
AT1G78300,
AT1G78310,4.515433101725732
AT1G78340,15.510017972718044
AT1G78370,16.219841548616483
AT1G78380,16.4096630007913
AT1G78510,21.339573498676323
AT1G78570,33.02792395176144
AT1G78630,9.721972425228417
AT1G78860,23.49862197270995
AT1G78920,
AT1G78970,32.978226416658
AT1G79000,
AT1G79010,7.866354279589585
AT1G79020,
AT1G79040,
AT1G79280,20.193087001173932
AT1G79380,21.6002409486225
AT1G79530,21.26013123450548
AT1G79550,32.874587533921186
AT1G79570,13.352389696913345
AT1G79610,
AT1G79650,
AT1G79690,31.283878135901823
AT1G79730,16.023461095110694
AT1G79750,30.06405424333433
AT1G79830,
AT1G79850,4.765500953242023
AT1G79930,32.12355272409339
AT1G79940,
AT1G80030,
AT1G80210,
AT1G80270,24.184213668650823
AT1G80350,23.990952773370715
AT1G80410,30.584580234941868
AT1G80440,19.404118904091174
AT1G80490,
AT1G80560,26.77974907631137
AT1G80670,20.44324295753047
AT1G80720,
AT1G80840,7.298483601419699
AT2G01050,15.821934790804466
AT2G01140,24.616721196562104
AT2G01180,
AT2G01210,
AT2G01250,11.499775017799323
AT2G01290,17.262982809439347
AT2G01350,22.313371224188362
AT2G01420,
AT2G01430,5.3767477223979006
AT2G01530,8.406756736281299
AT2G01570,21.744080337853422
AT2G01710,10.676536016702846
AT2G01730,29.419154953300403
AT2G01770,
AT2G01830,
AT2G01950,
AT2G02090,22.592683438756797
AT2G02170,6.27738410871503
AT2G02470,10.9311397345586
AT2G02480,12.080075141189555
AT2G02560,30.168307981833667
AT2G02950,4.012418208065738
AT2G03070,10.684200815829403
AT2G03120,
AT2G03150,12.73080131693029
AT2G03220,
AT2G03340,10.768935918443091
AT2G03440,4.8007467595089475
AT2G03640,
AT2G03680,3.4341239504674386
AT2G03760,21.15539421531496
AT2G03780,
AT2G03870,
AT2G03890,24.966928119125836
AT2G04030,25.978433530124544
AT2G04390,5.162490977562874
AT2G04520,5.9457586213371
AT2G04550,
AT2G04630,5.699685150896182
AT2G04660,21.981210064528714
AT2G04790,
AT2G05070,
AT2G05100,
AT2G05170,29.705408037812493
AT2G05210,21.85569437711048
AT2G05220,5.271956530940045
AT2G05310,
AT2G05520,5.357491684124974
AT2G05620,2.8113632330297476
AT2G05710,27.665687391730845
AT2G05840,15.226918431779875
AT2G05900,14.015906407338987
AT2G05940,21.920553265169424
AT2G06160,
AT2G06510,26.421443921229855
AT2G06530,5.267200015938242
AT2G06850,17.33142129460687
AT2G07340,
AT2G07690,27.64971164361312
AT2G07698,
AT2G09990,7.64857640101022
AT2G10940,12.160674720605343
AT2G13360,24.274675151522345
AT2G13370,15.10501772124174
AT2G13540,29.057176234747185
AT2G13560,33.03280513750348
AT2G14120,
AT2G14510,
AT2G14830,11.418040540936781
AT2G14835,
AT2G15400,18.089333797275422
AT2G15430,17.776322320763885
AT2G15620,31.28214289407209
AT2G16280,
AT2G16365,9.241292468110307
AT2G16370,34.96236484454268
AT2G16440,20.884972356043885
AT2G16600,14.882231776979399
AT2G16640,10.093320951363733
AT2G16760,19.902968081696656
AT2G16850,
AT2G16870,33.403399246590965
AT2G16900,9.10789359373575
AT2G16930,
AT2G16940,
AT2G17150,21.587193194369814
AT2G17190,15.0996458724667
AT2G17200,14.427944809786279
AT2G17290,27.892262131948247
AT2G17350,
AT2G17390,15.874121234482832
AT2G17410,6.981187212232345
AT2G17520,
AT2G17560,5.21210774452309
AT2G17670,23.50484393054714
AT2G17800,
AT2G17950,4.986967908839892
AT2G18000,12.395452141267786
AT2G18020,12.289055810754245
AT2G18110,
AT2G18170,24.11916621364674
AT2G18290,10.627670212802116
AT2G18380,3.8457535057545336
AT2G18450,32.16945728540175
AT2G18510,15.685287736108913
AT2G18710,
AT2G18740,3.8358293408425865
AT2G18750,18.840226629682583
AT2G18790,27.196661583914384
AT2G18915,30.31430325166986
AT2G18960,
AT2G19190,
AT2G19430,18.7990283788679
AT2G19480,12.878853245255046
AT2G19520,24.959616286563815
AT2G19540,23.17687847424496
AT2G19730,6.131458640246491
AT2G19900,34.555385298909336
AT2G19940,20.395342276596104
AT2G20000,18.83678874541598
AT2G20060,
AT2G20140,22.076841454393218
AT2G20180,6.196098521295441
AT2G20190,
AT2G20260,4.845762646768047
AT2G20370,
AT2G20450,
AT2G20530,
AT2G20580,21.52636693700726
AT2G20630,
AT2G20760,6.412535423600681
AT2G20780,
AT2G20890,11.53555173147283
AT2G20990,
AT2G21050,
AT2G21060,10.159682811567556
AT2G21160,
AT2G21270,
AT2G21330,24.694730946443133
AT2G21380,25.581629506592844
AT2G21390,33.02828725705844
AT2G21470,31.0066643068222
AT2G21580,3.6713804302004576
AT2G21620,
AT2G21630,31.123933303092223
AT2G21660,
AT2G21870,10.256307022597012
AT2G22125,33.12533640460729
AT2G22230,11.455793795105434
AT2G22240,27.806282795491
AT2G22360,17.03392077829924
AT2G22370,11.019226175525983
AT2G22430,4.8984728494022685
AT2G22475,9.310989368036749
AT2G22490,13.574000731653086
AT2G22540,
AT2G22800,5.2594435353245546
AT2G23070,23.106130892696246
AT2G23080,21.611324239390544
AT2G23090,3.1498344560229743
AT2G23350,23.69232207390922
AT2G23380,13.26137053363949
AT2G23430,3.620780009357836
AT2G23690,
AT2G23770,
AT2G23980,
AT2G24090,3.995504332561506
AT2G24170,
AT2G24200,35.7523283518287
AT2G24270,
AT2G24420,
AT2G24490,10.631915322112205
AT2G24590,6.82537945644439
AT2G24610,
AT2G24720,
AT2G24790,6.974098953617169
AT2G25000,7.0321026247266065
AT2G25140,32.25246962944281
AT2G25170,
AT2G25180,12.822862212282425
AT2G25620,
AT2G25625,2.586360288175002
AT2G25730,31.02663496388129
AT2G25930,7.381069291958877
AT2G25980,26.764587349265597
AT2G26000,15.451457516153697
AT2G26070,
AT2G26080,30.47916916869837
AT2G26190,17.122263485639348
AT2G26230,17.10904795956177
AT2G26280,12.13667480933484
AT2G26300,21.6610990626773
AT2G26330,
AT2G26350,11.69603491821919
AT2G26400,
AT2G26570,10.543413028715909
AT2G26590,11.521523867604714
AT2G26650,
AT2G26760,17.440918520818464
AT2G26920,9.505241111105068
AT2G26980,
AT2G26990,19.788678573402194
AT2G27020,
AT2G27030,
AT2G27040,27.07161680986777
AT2G27050,13.120580771945315
AT2G27060,
AT2G27100,18.10967990456327
AT2G27110,
AT2G27210,26.963961967225142
AT2G27450,18.63077765277234
AT2G27470,6.89459972746946
AT2G27840,5.987412550228075
AT2G27860,23.2048920234167
AT2G27960,5.213046099298108
AT2G27970,5.152187695960727
AT2G28000,33.45289470566622
AT2G28070,
AT2G28080,31.103126964815758
AT2G28190,10.84681448002447
AT2G28290,
AT2G28380,12.1846179253257
AT2G28450,24.169744805193965
AT2G28550,9.067121719367242
AT2G28740,9.610467579139176
AT2G28800,
AT2G28830,28.300467255762914
AT2G28900,5.526019305040599
AT2G29080,
AT2G29100,
AT2G29190,9.473169714849423
AT2G29400,22.672463964850515
AT2G29530,3.3123906309583555
AT2G29540,
AT2G29550,24.355984273336457
AT2G29570,14.85272684936959
AT2G29580,16.36128515727647
AT2G29680,19.287332161195096
AT2G29910,
AT2G29960,15.35254728879783
AT2G29980,
AT2G30020,18.350367578010317
AT2G30050,18.81514084606301
AT2G30060,7.021552354590891
AT2G30110,31.14777090482468
AT2G30120,
AT2G30250,9.361710606351116
AT2G30260,11.368212711653577
AT2G30330,2.8954677777270197
AT2G30360,22.577600810728843
AT2G30390,
AT2G30410,5.502183726635466
AT2G30470,15.61660864555427
AT2G30490,31.183694937382867
AT2G30520,
AT2G30740,21.876640348377162
AT2G30790,7.009297648989644
AT2G30950,
AT2G30980,23.586814930563815
AT2G30990,
AT2G31270,13.060051853692313
AT2G31305,1.934342730602104
AT2G31320,25.134569238508895
AT2G31390,24.16563390974454
AT2G31440,
AT2G31500,
AT2G31530,
AT2G31610,11.88176390816589
AT2G31660,
AT2G31870,
AT2G31880,
AT2G32080,
AT2G32180,5.7093866870189425
AT2G32240,
AT2G32400,
AT2G32450,26.327656969093486
AT2G32560,14.936565384377069
AT2G32600,10.669888989840297
AT2G32700,8.068568489931074
AT2G32710,4.608559688127884
AT2G32950,22.208165780513088
AT2G33120,
AT2G33150,30.492171992538612
AT2G33210,34.93072236510127
AT2G33220,
AT2G33250,
AT2G33380,
AT2G33410,14.762373987378053
AT2G33430,8.741111475580661
AT2G33450,4.72833416881053
AT2G33460,2.8274342599793636
AT2G33500,
AT2G33510,5.7615894617719405
AT2G33550,
AT2G33560,13.062540081624421
AT2G33580,
AT2G33600,20.526584629791383
AT2G33610,12.600481585947056
AT2G33730,28.543168892441834
AT2G34140,4.003986533764891
AT2G34150,9.058085104001146
AT2G34160,4.971952167010911
AT2G34250,
AT2G34420,
AT2G34430,
AT2G34480,
AT2G34590,22.272040102752065
AT2G34640,12.76680662600113
AT2G34650,21.07760877277982
AT2G34680,24.528403135597106
AT2G34690,11.773276191266973
AT2G34720,2.6220753608832883
AT2G34970,26.347840696507507
AT2G35100,21.956327957958585
AT2G35110,
AT2G35190,
AT2G35240,8.179683343358594
AT2G35390,23.264015058606695
AT2G35620,
AT2G35635,13.670750479968712
AT2G35840,24.937316610971376
AT2G35940,8.996463933481824
AT2G36010,10.089732216440787
AT2G36170,
AT2G36250,20.172664561423314
AT2G36270,8.611333338733063
AT2G36400,5.712235675200634
AT2G36490,11.562236375263502
AT2G36530,
AT2G36580,30.494274220488823
AT2G36620,4.767723756371519
AT2G36680,5.74678958715834
AT2G36740,7.346192822242172
AT2G36880,30.915594374466238
AT2G36890,
AT2G36910,
AT2G36990,15.05208666122597
AT2G37000,3.9331942986204194
AT2G37020,10.785518652013952
AT2G37040,31.41222753066502
AT2G37050,
AT2G37170,
AT2G37180,
AT2G37190,7.972250060907707
AT2G37250,16.07748532583035
AT2G37340,7.749776606371376
AT2G37360,
AT2G37550,12.215311812720337
AT2G37620,23.19297136101207
AT2G37630,9.362434599507003
AT2G37660,18.28675739870028
AT2G37678,2.7266527002480085
AT2G37680,
AT2G38170,
AT2G38230,19.234802963831044
AT2G38280,18.8729568840225
AT2G38300,
AT2G38310,10.453777267977607
AT2G38400,
AT2G38410,16.262418049496386
AT2G38440,13.190706310153661
AT2G38470,10.197847508138558
AT2G38540,6.2064720122063655
AT2G38580,
AT2G38620,21.589406383407912
AT2G38650,
AT2G38750,17.185388027346427
AT2G38760,20.282375954113842
AT2G38910,27.905505697114364
AT2G38940,
AT2G39010,
AT2G39050,
AT2G39090,26.768648719856802
AT2G39130,
AT2G39480,
AT2G39660,22.116288305866792
AT2G39770,21.520707675126545
AT2G39800,36.08528976259089
AT2G39810,23.768715512712927
AT2G39830,
AT2G39840,22.759928333802637
AT2G39940,30.355973098841936
AT2G39960,
AT2G40010,12.636786991991366
AT2G40030,30.283684731125625
AT2G40060,5.324164922586613
AT2G40080,3.0470760185835015
AT2G40290,15.782217592711792
AT2G40330,10.718849025591823
AT2G40360,
AT2G40470,6.847860402112194
AT2G40490,24.677608020910522
AT2G40550,25.17952344896181
AT2G40590,4.166064738238853
AT2G40650,12.463007535046444
AT2G40840,30.6520983694895
AT2G40930,25.723448673713662
AT2G40940,
AT2G41070,
AT2G41090,9.174281296202292
AT2G41100,
AT2G41110,12.918012504275067
AT2G41140,29.29472363896876
AT2G41475,8.17797432036493
AT2G41540,26.552310682816113
AT2G41630,14.584664509371928
AT2G41680,
AT2G41840,14.25364962928642
AT2G41900,17.714156102106568
AT2G42160,14.118629727192866
AT2G42210,6.526968403434799
AT2G42260,4.433626963763553
AT2G42280,4.617811656558529
AT2G42360,
AT2G42400,12.067213884395212
AT2G42500,21.398379371766435
AT2G42560,8.658378135341385
AT2G42580,19.591921954628916
AT2G42590,12.348203794782403
AT2G42600,30.591386745304714
AT2G42620,29.606204727271148
AT2G42790,29.84514707212398
AT2G42810,
AT2G42830,
AT2G42870,2.7165507760627685
AT2G42910,18.69430667828571
AT2G42940,8.337667926381801
AT2G43000,9.446413550498361
AT2G43010,
AT2G43030,12.606433051496449
AT2G43120,
AT2G43130,12.763399304578018
AT2G43160,
AT2G43410,
AT2G43460,3.933490021305243
AT2G43610,17.80669445380566
AT2G43640,4.377412174338846
AT2G43680,
AT2G43710,20.311790480770554
AT2G43750,25.344413402802065
AT2G43790,24.22224183272648
AT2G43970,13.221486347424015
AT2G44060,
AT2G44100,25.294522605152984
AT2G44120,11.360981108242285
AT2G44190,6.397598022370974
AT2G44270,18.98570012242573
AT2G44350,
AT2G44490,
AT2G44530,22.38880566362218
AT2G44650,4.806986425614177
AT2G44670,2.56305326692938
AT2G44680,
AT2G44710,
AT2G44745,5.312368489543104
AT2G44790,8.551730357649348
AT2G45000,11.603920048726284
AT2G45140,
AT2G45160,15.934459597929521
AT2G45170,6.758616649712477
AT2G45180,5.215803090740089
AT2G45440,19.99462482490022
AT2G45480,7.508232325670658
AT2G45510,30.471140716088712
AT2G45640,8.130365671746333
AT2G45660,6.534554775441888
AT2G45740,12.173604380169046
AT2G45770,21.36659796102297
AT2G45790,16.372363869944866
AT2G45810,28.439202981528425
AT2G45820,3.8751820396937147
AT2G45890,16.01029647635569
AT2G45960,
AT2G45980,3.276786825002185
AT2G46020,17.84523335289984
AT2G46040,16.959848391130695
AT2G46130,5.137920958812631
AT2G46280,19.26617614631798
AT2G46340,
AT2G46370,30.889828149887986
AT2G46500,27.317446246137504
AT2G46510,16.876942221972072
AT2G46700,28.372200758790818
AT2G46790,10.094945284197799
AT2G46800,
AT2G46830,8.361032773139355
AT2G46970,5.114186621903328
AT2G47060,
AT2G47090,16.793754682434162
AT2G47110,10.612644807193542
AT2G47210,13.111091828075221
AT2G47430,
AT2G47450,18.358598437321447
AT2G47470,23.728867706516272
AT2G47610,10.847441879435541
AT2G47620,13.82204302006778
AT2G47710,10.838721123132403
AT2G47750,31.995411074501952
AT2G47770,
AT2G47900,15.221767751126263
AT3G01050,
AT3G01090,26.942867183045447
AT3G01180,20.035854966132064
AT3G01280,
AT3G01290,10.132024880082398
AT3G01330,8.750875021819049
AT3G01340,19.148453900902325
AT3G01440,7.108507263513115
AT3G01460,23.841268447607227
AT3G01470,4.642536863127788
AT3G01500,15.825395749268651
AT3G01570,
AT3G01610,23.84665936020306
AT3G01780,26.791910148793203
AT3G01890,
AT3G01910,23.697771050450612
AT3G02000,7.136415424426551
AT3G02065,29.181691869307052
AT3G02090,29.18217174152579
AT3G02130,
AT3G02170,7.290524733693323
AT3G02230,23.25866610855975
AT3G02260,
AT3G02360,33.27188524213463
AT3G02420,
AT3G02520,12.371949129503108
AT3G02530,29.119440215712736
AT3G02540,13.243373068618547
AT3G02550,8.035341950903225
AT3G02860,
AT3G02880,
AT3G03000,8.421957919545218
AT3G03270,
AT3G03450,22.626784963069582
AT3G03460,6.596393724193052
AT3G03490,7.1496573958282825
AT3G03530,30.752275977311278
AT3G03550,
AT3G03780,37.04294302771027
AT3G03920,8.24629627297728
AT3G03960,29.987067622464874
AT3G04120,21.40347125585016
AT3G04240,30.773384691601578
AT3G04380,
AT3G04550,19.766740565351533
AT3G04580,
AT3G04610,17.659696125123112
AT3G04680,24.438312457992325
AT3G04710,27.255826723456927
AT3G04790,17.260243908997857
AT3G04840,11.471262691744458
AT3G04930,7.380509836027921
AT3G04940,24.06591530580308
AT3G05000,7.847045832311975
AT3G05120,21.622480882317674
AT3G05150,
AT3G05190,34.128680468918255
AT3G05200,
AT3G05250,
AT3G05350,29.325235462696863
AT3G05420,
AT3G05430,14.978841103601697
AT3G05530,21.216613328665172
AT3G05560,5.238494248439942
AT3G05580,21.973467580414294
AT3G05670,10.964590079426312
AT3G05690,3.64817809280456
AT3G05800,6.204659536117896
AT3G05840,23.636727719829125
AT3G05870,
AT3G06240,21.797833121517296
AT3G06400,27.30075378148225
AT3G06450,
AT3G06530,
AT3G06560,25.976246450419605
AT3G06580,32.90361525059432
AT3G06590,5.833418100532076
AT3G06610,3.8614937832090197
AT3G06660,
AT3G06720,30.8866259207289
AT3G06730,7.83189698890447
AT3G06790,7.5821999628476595
AT3G06810,
AT3G06850,22.53401313231611
AT3G06930,
AT3G07030,
AT3G07040,26.540321675415633
AT3G07090,12.914630024149046
AT3G07110,9.294326897311631
AT3G07300,
AT3G07370,13.861941419872501
AT3G07520,
AT3G07560,6.313515234296135
AT3G07680,
AT3G07750,
AT3G07780,17.98312526140185
AT3G07880,9.726732674595834
AT3G08030,21.48988844242757
AT3G08505,12.930863657209096
AT3G08510,29.33915357749847
AT3G08530,36.63050923064006
AT3G08580,
AT3G08680,
AT3G08720,21.75650450576014
AT3G08730,21.70450235421164
AT3G08740,
AT3G08780,
AT3G08820,35.7041541590186
AT3G08850,28.014495734979686
AT3G08970,23.239478256758726
AT3G09000,6.948157251935405
AT3G09260,33.0424651379398
AT3G09370,
AT3G09440,34.73371102239299
AT3G09500,4.463826592830713
AT3G09630,
AT3G09670,12.84927238568841
AT3G09740,
AT3G09770,14.683971788310952
AT3G09800,
AT3G09820,24.303340752708337
AT3G09840,35.46485711358329
AT3G09880,22.10348006843425
AT3G09920,24.065008720703702
AT3G09960,20.143819595461018
AT3G09980,
AT3G10340,34.238314017452396
AT3G10380,18.217031369955297
AT3G10390,
AT3G10480,
AT3G10490,
AT3G10525,3.14723102154829
AT3G10572,10.911174530075023
AT3G10640,5.796829854322885
AT3G10650,11.344697142613727
AT3G10690,29.080970692844836
AT3G10730,
AT3G10800,
AT3G10850,17.209372525263106
AT3G10860,
AT3G10960,
AT3G11130,36.28405255981166
AT3G11200,10.910485860688766
AT3G11260,4.002116335686868
AT3G11280,6.140823404131497
AT3G11400,10.036463790409544
AT3G11410,18.268185665902056
AT3G11430,
AT3G11510,7.799630910082473
AT3G11520,17.90050465479991
AT3G11540,29.93232653060959
AT3G11630,14.052243019012305
AT3G11710,32.460193934466
AT3G11820,
AT3G11830,30.902673744943225
AT3G12110,23.372686186058704
AT3G12145,20.562544365777253
AT3G12210,13.137373856293303
AT3G12280,
AT3G12380,26.45847329426912
AT3G12390,7.054406823954129
AT3G12400,
AT3G12480,6.524574517210008
AT3G12490,9.500378209250137
AT3G12500,21.699147197292383
AT3G12580,35.69352957572211
AT3G12630,4.768308963110228
AT3G12780,33.211790173653554
AT3G12810,
AT3G13110,18.696771331725724
AT3G13160,21.63849837919146
AT3G13200,4.799966405956428
AT3G13220,
AT3G13300,27.780927852844176
AT3G13320,
AT3G13360,
AT3G13380,
AT3G13460,10.615896942279647
AT3G13470,33.76166298488728
AT3G13530,23.553154758600954
AT3G13550,10.17738620173333
AT3G13570,6.638289830372873
AT3G13580,10.917290035282461
AT3G13670,25.265121075704418
AT3G13750,38.10958610906566
AT3G13810,9.182240615403984
AT3G13860,34.03684136187504
AT3G13920,26.025100610125982
AT3G13960,6.151953253156401
AT3G13990,
AT3G14000,7.309209371072037
AT3G14010,10.559946931426134
AT3G14080,5.84004627556922
AT3G14100,18.938009725776624
AT3G14120,
AT3G14210,21.463169953420657
AT3G14240,35.46893786747486
AT3G14290,15.058131775045203
AT3G14310,
AT3G14350,
AT3G14415,25.489343957952315
AT3G14420,25.97211365926929
AT3G14580,20.048447550964376
AT3G14840,
AT3G14930,25.28035569058832
AT3G14940,30.159391764640933
AT3G14980,14.290383558028102
AT3G14990,27.19141219166656
AT3G15000,14.22357055287823
AT3G15030,6.306981234447969
AT3G15040,4.529910676961978
AT3G15095,7.401208235733178
AT3G15180,
AT3G15210,5.409236417659015
AT3G15280,2.5404132812027287
AT3G15354,15.685269802343752
AT3G15356,15.232996708271697
AT3G15540,5.352784603886307
AT3G15660,7.919711298166086
AT3G15690,
AT3G15730,30.930304791820767
AT3G15880,25.63753829245926
AT3G15950,14.171005888582238
AT3G16050,16.900017635433766
AT3G16090,
AT3G16200,
AT3G16240,
AT3G16270,14.343526847606055
AT3G16320,
AT3G16460,36.277371336370706
AT3G16470,31.032451179615858
AT3G16480,27.823834826354087
AT3G16630,21.238003672613328
AT3G16640,8.845935151516494
AT3G16650,21.485455611150478
AT3G16670,7.283560690485964
AT3G16770,6.180261562016653
AT3G16830,26.75618408702208
AT3G16857,14.469789845351361
AT3G16950,31.946633603953995
AT3G16980,5.3541452023884935
AT3G17020,9.577820172082554
AT3G17210,6.587451856592446
AT3G17240,32.09638933012912
AT3G17280,19.387817276586894
AT3G17310,17.844250201491008
AT3G17390,30.87789859145495
AT3G17410,21.578705899770345
AT3G17440,
AT3G17510,22.719811196095943
AT3G17590,
AT3G17600,4.861449804872142
AT3G17609,2.796465579422253
AT3G17690,
AT3G17820,25.14751635077602
AT3G17840,
AT3G17860,
AT3G17900,
AT3G17930,
AT3G17970,32.3966962281676
AT3G17980,9.808072579377134
AT3G18000,27.685053054857814
AT3G18035,8.77884689929135
AT3G18040,
AT3G18130,19.823023657178172
AT3G18140,17.951275687986506
AT3G18190,29.387052239661635
AT3G18240,
AT3G18480,
AT3G18520,28.48699580185689
AT3G18580,7.171455013192245
AT3G18690,4.41692838570158
AT3G18700,3.0954740042347835
AT3G18730,27.530801849380833
AT3G18740,5.703362938823479
AT3G18780,23.25346847643821
AT3G18830,
AT3G18990,13.167480394286372
AT3G19140,4.651092828173393
AT3G19150,3.286096429396192
AT3G19180,
AT3G19210,28.051340710041238
AT3G19360,8.676670953417894
AT3G19370,
AT3G19390,26.375061285381573
AT3G19510,12.578213656703019
AT3G19553,
AT3G19590,20.95235026541028
AT3G19640,
AT3G19720,
AT3G19760,25.237874145703657
AT3G19820,31.878126799743008
AT3G19930,
AT3G19950,
AT3G19960,28.68474051572564
AT3G19980,20.538631027786803
AT3G20000,
AT3G20050,30.668713446412593
AT3G20130,30.136920566116377
AT3G20250,9.532984227092054
AT3G20310,5.645321085086612
AT3G20320,
AT3G20390,
AT3G20550,9.498983484052403
AT3G20600,
AT3G20650,19.109333061855345
AT3G20740,21.452563634228262
AT3G20770,11.559228473727103
AT3G20820,22.696137449677654
AT3G20860,
AT3G21055,2.5623631170016026
AT3G21140,
AT3G21150,7.782072945173749
AT3G21175,6.92040350837241
AT3G21220,18.22004130697565
AT3G21350,
AT3G21510,8.909360384752132
AT3G21630,
AT3G21640,17.459822404561372
AT3G21650,21.994621612050523
AT3G21720,27.966213428436504
AT3G21830,9.058138021264996
AT3G21840,6.708170431741256
AT3G21850,9.246961859156716
AT3G21860,9.343412308765334
AT3G22170,
AT3G22231,1.7789244825348483
AT3G22320,11.050876505122941
AT3G22370,14.2024581782638
AT3G22380,
AT3G22640,20.408387431410645
AT3G22660,6.116101072161452
AT3G22680,6.203353742036141
AT3G22880,21.941762304462777
AT3G22890,
AT3G22960,30.571326723541542
AT3G22970,10.110662406614022
AT3G22990,18.253768425554327
AT3G23000,21.83579481359183
AT3G23050,5.210904388599829
AT3G23150,
AT3G23310,23.283306939900736
AT3G23325,3.205405695645773
AT3G23390,3.937839319683376
AT3G23400,11.82604274287818
AT3G23580,19.125994055512116
AT3G23660,32.56536230813339
AT3G23750,
AT3G23980,7.3946786881594235
AT3G23990,34.85117869178619
AT3G24140,8.148913279115096
AT3G24150,
AT3G24240,
AT3G24300,
AT3G24430,28.654904128603143
AT3G24440,
AT3G24550,
AT3G24650,8.350276327783591
AT3G24810,2.7671089000257165
AT3G24830,8.92514009707051
AT3G25070,
AT3G25220,7.769301027488657
AT3G25230,
AT3G25250,20.127615611177145
AT3G25500,
AT3G25545,12.903502921731171
AT3G25660,37.15110023060334
AT3G25800,32.23143605813137
AT3G25860,24.65469755473396
AT3G25980,10.000346818014481
AT3G25990,10.617256177756152
AT3G26020,
AT3G26030,20.902919240869085
AT3G26340,15.74940553437015
AT3G26450,8.59044940116534
AT3G26470,5.416182555807927
AT3G26520,
AT3G26560,22.005561039855955
AT3G26650,21.345251774681163
AT3G26744,8.89557544293814
AT3G26910,
AT3G26940,21.645526243631725
AT3G27120,18.410083319201437
AT3G27170,
AT3G27190,26.766512034133136
AT3G27240,
AT3G27310,8.43335360399513
AT3G27420,
AT3G27430,13.787096069451382
AT3G27690,
AT3G27740,23.435496614393525
AT3G27810,7.003591223129777
AT3G27830,5.98136714304695
AT3G27850,6.152892919323959
AT3G27920,6.802570722528153
AT3G27925,
AT3G28220,17.181450952428452
AT3G28270,12.562549871015085
AT3G28300,14.15417855463884
AT3G28360,
AT3G28450,
AT3G28710,18.32446795760177
AT3G28715,18.871685134373866
AT3G28730,24.961189765417004
AT3G28860,
AT3G28900,4.865071581914328
AT3G28910,8.565758984979079
AT3G29160,26.164280945218774
AT3G29320,28.80608303822667
AT3G33520,22.899929554372328
AT3G42050,23.20852909383368
AT3G42640,
AT3G42670,17.934391423158107
AT3G43190,32.035002602044244
AT3G43440,6.670550194776663
AT3G43810,13.06917999274953
AT3G44110,18.141862935115167
AT3G44200,19.94966184553407
AT3G44460,4.71640979498414
AT3G44590,3.7981953066527856
AT3G44600,29.993504414696332
AT3G44620,11.566904512402145
AT3G44730,
AT3G44750,7.5465443426873815
AT3G44880,25.6434078461415
AT3G44990,17.619110610117954
AT3G45080,20.852378247786444
AT3G45140,27.785691673972185
AT3G45190,25.384950578214184
AT3G45620,22.03511701656562
AT3G45640,23.430184838841605
AT3G45780,18.693167314456677
AT3G45860,
AT3G45900,
AT3G46010,7.679448891028805
AT3G46060,13.669773393811372
AT3G46320,9.610467873189034
AT3G46510,28.77009859769975
AT3G46520,23.20701083990413
AT3G46580,5.479029645617385
AT3G46640,6.1403838232816454
AT3G46740,22.977761564326546
AT3G46780,17.00058756062324
AT3G46820,22.524536121195585
AT3G46830,13.40645639804252
AT3G46900,
AT3G47370,5.429714586528281
AT3G47430,11.345174504797084
AT3G47470,
AT3G47520,20.93202231071871
AT3G47620,6.7335401776636585
AT3G47780,
AT3G48000,34.94170458610499
AT3G48080,29.229090683097688
AT3G48090,29.290602456088116
AT3G48150,24.484619659118803
AT3G48160,10.259189688337067
AT3G48190,
AT3G48240,6.500006583224282
AT3G48430,27.953754952742813
AT3G48590,7.372202510479275
AT3G48670,21.260133517639424
AT3G48680,11.987187083114021
AT3G48750,21.512142222799756
AT3G48870,
AT3G48890,
AT3G48990,32.2328459830683
AT3G49010,8.196212108009428
AT3G49100,4.540887335878788
AT3G49180,20.693422557327338
AT3G49240,27.66123567039972
AT3G49250,17.44103876484692
AT3G49260,
AT3G49430,10.975394120527005
AT3G49470,7.31810785643853
AT3G49500,29.19331111436202
AT3G49590,12.698000271198916
AT3G49670,
AT3G49680,23.901919376133534
AT3G49750,
AT3G49910,6.080826646888383
AT3G50000,21.325664424792482
AT3G50060,7.743967568457971
AT3G50070,12.94006601930686
AT3G50310,18.152689299422747
AT3G50440,16.853635627593352
AT3G50500,19.953428880790657
AT3G50630,3.6170846939569135
AT3G50670,11.909127902013491
AT3G50820,
AT3G50930,22.986485069905203
AT3G50950,29.24247857326973
AT3G51130,21.00799270143975
AT3G51160,21.886759761990238
AT3G51260,16.269047910677195
AT3G51550,
AT3G51770,
AT3G51800,20.94793263779647
AT3G51820,
AT3G51840,24.242520414843955
AT3G51860,
AT3G51895,
AT3G51920,7.838088781688617
AT3G51950,
AT3G52050,
AT3G52090,5.931214901148523
AT3G52120,
AT3G52150,9.59129091022179
AT3G52200,25.189353979396596
AT3G52300,
AT3G52400,
AT3G52420,2.2467360684364976
AT3G52430,26.062085322103375
AT3G52450,22.081667677431895
AT3G52560,8.496693577986017
AT3G52590,
AT3G52850,
AT3G52890,8.006738866582744
AT3G52910,5.530943619346577
AT3G52920,
AT3G52930,26.79162556449843
AT3G52960,13.31425961903664
AT3G53020,4.767454167495116
AT3G53060,4.515359632350847
AT3G53110,24.781796029124173
AT3G53120,5.995074122964815
AT3G53150,
AT3G53180,33.313498687546975
AT3G53260,32.6424803449793
AT3G53390,23.55461971975786
AT3G53420,
AT3G53460,14.361305334973043
AT3G53510,
AT3G53580,22.92808165652523
AT3G53620,12.970390740961076
AT3G53710,12.174892683978918
AT3G53730,9.610467594268389
AT3G53870,11.477994430963392
AT3G53990,9.273002873747412
AT3G54010,
AT3G54050,18.15803813486559
AT3G54090,19.603704335843705
AT3G54110,12.480843313917436
AT3G54130,10.919595953623979
AT3G54140,
AT3G54170,6.711998081907143
AT3G54180,21.83168858125751
AT3G54230,
AT3G54300,
AT3G54320,11.66382580796392
AT3G54340,6.2070076988202265
AT3G54360,14.807709258205458
AT3G54400,24.3160574676196
AT3G54590,
AT3G54610,17.531425424748626
AT3G54650,22.94417858272589
AT3G54660,32.233931713744646
AT3G54760,
AT3G54890,
AT3G54920,23.144442523707372
AT3G54960,32.370257153277926
AT3G55000,
AT3G55005,6.788542903023306
AT3G55130,
AT3G55360,
AT3G55440,19.676722696593686
AT3G55460,7.496499148793597
AT3G55770,6.787086078850055
AT3G55800,20.105606148615482
AT3G56090,12.102523914334567
AT3G56130,
AT3G56150,18.883014667600943
AT3G56190,14.205156009640763
AT3G56340,3.911135574035212
AT3G56410,11.946014796331424
AT3G56460,23.473520244115296
AT3G56490,9.09168673555427
AT3G56710,2.636457386765567
AT3G56800,12.979298577018495
AT3G56860,11.965783251007593
AT3G56900,22.807758643340755
AT3G56910,2.682310851879384
AT3G56940,18.525471714133335
AT3G57150,25.188723021452326
AT3G57290,14.578379628294352
AT3G57390,6.472823298155771
AT3G57530,27.885079009074023
AT3G57560,19.580476096297527
AT3G57650,
AT3G57670,11.144071269626227
AT3G57750,19.142213125736014
AT3G57860,3.7681405437194053
AT3G57870,10.381755523104948
AT3G58040,
AT3G58500,21.701294955784988
AT3G58510,30.247267943583413
AT3G58730,8.76846186949807
AT3G58740,27.9244818673008
AT3G58750,29.52885865318815
AT3G58780,
AT3G58840,6.257561268047128
AT3G59020,29.947504547352874
AT3G59060,
AT3G59150,
AT3G59220,18.647797925352226
AT3G59380,
AT3G59600,8.88363577294266
AT3G59760,26.20955787745022
AT3G59810,3.9805107118850733
AT3G59920,25.278735380243205
AT3G60010,9.91720552375993
AT3G60020,9.333974866965349
AT3G60210,4.827975427735027
AT3G60245,3.8857397047420914
AT3G60250,
AT3G60330,
AT3G60600,
AT3G60630,17.843108183172827
AT3G60660,9.420235916265531
AT3G60750,35.356045474543464
AT3G60820,12.737556591648433
AT3G61070,11.619580395195575
AT3G61110,4.3533281685427605
AT3G61130,
AT3G61140,20.884682107550987
AT3G61150,17.920114241268074
AT3G61160,
AT3G61220,
AT3G61260,4.6023858610690604
AT3G61430,
AT3G61470,
AT3G61530,21.36187624809354
AT3G61620,14.040597393486275
AT3G61710,15.04916441787643
AT3G61830,22.457263279729716
AT3G61860,9.953842870694693
AT3G61870,
AT3G62030,15.50800457264405
AT3G62120,29.417314178679874
AT3G62240,16.338089453777386
AT3G62250,10.634314104044073
AT3G62290,
AT3G62310,36.07418401651653
AT3G62560,
AT3G62600,16.635330847279047
AT3G62800,
AT3G62870,10.93662718672866
AT3G62930,6.3754128833442225
AT3G62980,31.93473980065765
AT3G63010,21.083528732187016
AT3G63130,28.505202034336612
AT3G63190,11.409756731751557
AT3G63260,
AT3G63280,18.5799757285062
AT3G63410,17.20430624728068
AT3G63460,
AT3G63490,14.614297023804042
AT3G63500,8.350014928943104
AT4G00020,
AT4G00100,7.130437324374178
AT4G00130,
AT4G00238,7.931182806031623
AT4G00355,3.3974996579534666
AT4G00380,21.78058113899985
AT4G00400,
AT4G00430,
AT4G00650,10.435789666713438
AT4G00670,
AT4G00710,25.89144979551268
AT4G00720,24.527771439307323
AT4G00752,10.881958560142458
AT4G00850,4.159356312284548
AT4G00900,
AT4G01026,9.914076669934486
AT4G01260,7.890532324569314
AT4G01310,11.345816226606821
AT4G01370,23.57501982433301
AT4G01400,21.51342809162138
AT4G01480,12.955401517953561
AT4G01700,17.82359695018592
AT4G01720,9.970993166897488
AT4G01850,30.766163740332924
AT4G01900,7.868371032578723
AT4G02020,13.191326190420977
AT4G02030,18.132648244410973
AT4G02060,27.820847991796313
AT4G02080,11.643677405618181
AT4G02150,30.043017139185277
AT4G02195,
AT4G02350,
AT4G02390,26.37510939753207
AT4G02500,
AT4G02510,12.889671147555445
AT4G02520,14.859302823137803
AT4G02560,13.337757875675921
AT4G02570,
AT4G02620,6.55620064112781
AT4G02680,28.718378062634642
AT4G02770,8.168098509464542
AT4G02840,5.863314069441214
AT4G02890,31.67054840637541
AT4G02930,32.30562980357809
AT4G02980,8.701349801237715
AT4G03080,25.361708117556955
AT4G03200,
AT4G03270,
AT4G03280,
AT4G03520,8.092722172511534
AT4G03550,
AT4G04020,11.852158613996778
AT4G04320,
AT4G04330,4.906473598982328
AT4G04450,10.391643712715165
AT4G04490,
AT4G04640,14.846164011741749
AT4G04720,27.69644751499909
AT4G04740,
AT4G04800,10.347456177944274
AT4G04885,12.58705956810275
AT4G04890,21.353640902802656
AT4G04910,31.777640397251147
AT4G04920,
AT4G04950,29.994291747692213
AT4G04980,
AT4G05180,7.9929190722232315
AT4G05320,47.438273458201415
AT4G05420,33.06751500304312
AT4G05520,26.379088932601906
AT4G06634,10.834084953326583
AT4G08150,9.347720900261786
AT4G08350,21.472866058075063
AT4G08480,
AT4G08500,
AT4G08520,8.218764728014932
AT4G08850,
AT4G08900,22.134008148616733
AT4G08920,
AT4G09000,12.248350371132835
AT4G09010,
AT4G09320,11.051396071392245
AT4G09340,
AT4G09550,2.842666516897779
AT4G09800,7.1792279895865505
AT4G09980,
AT4G10180,22.968281604904863
AT4G10250,6.709227174873247
AT4G10340,
AT4G10480,6.812717749544078
AT4G10760,21.21669372305529
AT4G10840,27.105225198845584
AT4G10920,7.429032262655362
AT4G10970,
AT4G11010,11.681538390630623
AT4G11060,7.08337253238612
AT4G11110,12.604788192300866
AT4G11130,28.744573856004692
AT4G11220,
AT4G11240,22.768308395837412
AT4G11260,15.030162632687547
AT4G11280,25.34727949260879
AT4G11380,31.066868270131668
AT4G11420,27.84319995056592
AT4G11600,12.9617963259507
AT4G11660,9.0110952831754
AT4G11850,29.095727666494767
AT4G11860,
AT4G11890,
AT4G11920,20.45962678630221
AT4G11960,
AT4G12020,
AT4G12400,30.598748854046118
AT4G12460,
AT4G12470,6.074902221948633
AT4G12560,21.999766345141044
AT4G12730,19.80126225197361
AT4G12780,
AT4G12800,
AT4G13250,19.62541246574567
AT4G13510,
AT4G13520,1.742225150045187
AT4G13670,11.252914107867914
AT4G13760,21.36090637276425
AT4G13770,31.74538164291917
AT4G13830,4.896664268910709
AT4G13850,7.26109603335703
AT4G13930,27.219456210323784
AT4G13940,34.3577620595528
AT4G14040,31.261161459959578
AT4G14110,9.249325778123547
AT4G14147,7.352664515876106
AT4G14160,31.625007651626525
AT4G14310,
AT4G14340,22.276840086526363
AT4G14342,3.324853178505668
AT4G14410,
AT4G14540,6.305622428987255
AT4G14550,5.3579320982332765
AT4G14560,4.943047293596772
AT4G14660,9.462723183893713
AT4G14700,18.823722742470597
AT4G14713,5.9553999457295745
AT4G14720,
AT4G14840,13.796714791273464
AT4G14880,25.908249756500755
AT4G14960,25.70050409879158
AT4G15000,6.845779518432256
AT4G15090,25.022795826826087
AT4G15160,
AT4G15410,12.149516180649911
AT4G15415,21.959626013030242
AT4G15530,
AT4G15545,6.900034865810688
AT4G15560,
AT4G15770,
AT4G15900,20.68377437957958
AT4G16143,
AT4G16144,
AT4G16155,
AT4G16250,26.478695936494688
AT4G16280,15.761723734665424
AT4G16340,25.095491638958393
AT4G16360,9.526563131527368
AT4G16420,18.11449012744554
AT4G16430,16.40691837482109
AT4G16440,23.03157673640454
AT4G16520,6.896946176127576
AT4G16760,33.10297932344485
AT4G16845,10.000627141735203
AT4G16860,33.50437201738094
AT4G16890,34.43266977969748
AT4G17170,13.894371300024988
AT4G17280,
AT4G17330,14.435269955541695
AT4G17370,
AT4G17500,7.176034485871477
AT4G17615,
AT4G17720,
AT4G17730,
AT4G17750,10.064494113035417
AT4G17760,
AT4G17770,29.995513955103405
AT4G17870,10.894094179485045
AT4G17880,14.676645340649063
AT4G17950,11.032838020612019
AT4G18010,
AT4G18040,11.524162275410115
AT4G18060,12.05201015611377
AT4G18100,6.29123658232297
AT4G18130,
AT4G18160,
AT4G18390,4.975035271334803
AT4G18430,13.235868007705587
AT4G18440,
AT4G18480,20.62254541255571
AT4G18620,9.22874481021614
AT4G18670,28.76838543340279
AT4G18710,22.711403002850954
AT4G18770,8.324811882832257
AT4G18780,
AT4G18800,13.126815031823405
AT4G18880,9.889248802293277
AT4G18960,
AT4G19170,29.56744284919583
AT4G19690,
AT4G19700,5.766817382098689
AT4G20020,
AT4G20130,22.939079183720164
AT4G20270,
AT4G20360,32.56795034566431
AT4G20380,
AT4G20390,
AT4G20400,
AT4G20440,9.537527307387622
AT4G20890,
AT4G20940,
AT4G21100,32.493712192120164
AT4G21150,
AT4G21450,
AT4G21560,9.720927270153274
AT4G21660,
AT4G21670,26.852555651829295
AT4G21750,21.817307630312424
AT4G21980,
AT4G21990,24.307247579594435
AT4G22070,
AT4G22130,
AT4G22200,
AT4G22220,9.800295835059881
AT4G22540,22.768269152661755
AT4G22690,32.050648832737224
AT4G22890,
AT4G22910,20.97381772404281
AT4G22920,8.00958783109473
AT4G23140,
AT4G23220,
AT4G23400,
AT4G23430,22.568043702680615
AT4G23470,
AT4G23570,15.068266472403046
AT4G23630,
AT4G23650,29.298428275917477
AT4G23670,8.73354063277863
AT4G23680,8.312310838391426
AT4G23730,18.58609072787599
AT4G23810,7.709793864942695
AT4G23920,22.89973179445953
AT4G23980,19.814699381005692
AT4G24100,20.217662882997825
AT4G24190,
AT4G24210,4.005414396518356
AT4G24280,34.37265793072517
AT4G24390,30.958063227276057
AT4G24400,23.912852768176492
AT4G24510,22.357635620385555
AT4G24560,
AT4G24660,6.242624550729434
AT4G24680,
AT4G24690,
AT4G24710,
AT4G24750,
AT4G24770,12.02172181391618
AT4G24780,22.215289131131716
AT4G24840,21.783971218329516
AT4G24940,19.390997400589807
AT4G24972,
AT4G24990,5.192658914768928
AT4G25030,
AT4G25080,15.52625254508652
AT4G25100,12.96726016544195
AT4G25140,
AT4G25210,8.955735211028479
AT4G25240,31.52583820556791
AT4G25370,9.341426745906245
AT4G25500,
AT4G25530,21.27644078241789
AT4G25550,10.633202609934115
AT4G25560,7.595143178769294
AT4G25630,18.19202289351904
AT4G25670,
AT4G25740,6.132064382178155
AT4G25910,10.27253353631613
AT4G25920,
AT4G26080,19.52527344639577
AT4G26090,26.81608928204877
AT4G26100,22.26309669216556
AT4G26110,12.999256418351065
AT4G26200,24.3018226940887
AT4G26450,6.584026675719769
AT4G26455,
AT4G26570,12.463834524408199
AT4G26590,
AT4G26630,11.24949769547338
AT4G26720,22.127867983311212
AT4G26750,13.323691266389968
AT4G26840,4.195402686176947
AT4G26910,
AT4G27060,19.650983214657675
AT4G27070,30.55617945160844
AT4G27090,6.209543362658191
AT4G27160,4.992906717274029
AT4G27420,
AT4G27430,14.216089013076271
AT4G27440,22.77034301507746
AT4G27450,
AT4G27500,
AT4G27585,
AT4G27630,
AT4G27670,5.440782511145527
AT4G27690,15.021026559401486
AT4G27920,10.187260725074541
AT4G27960,11.639515633845617
AT4G28230,5.07998572497092
AT4G28270,
AT4G28370,
AT4G28440,6.998145057458208
AT4G28450,
AT4G28590,10.305084941697856
AT4G28610,6.455850915743071
AT4G28650,
AT4G28750,4.678344978503952
AT4G28780,23.130310509812585
AT4G28910,6.490975295238845
AT4G28980,23.15915494534317
AT4G29040,22.117969957496243
AT4G29060,16.47363980595823
AT4G29130,29.060686259379285
AT4G29160,5.30758853762444
AT4G29170,
AT4G29330,
AT4G29350,
AT4G29510,21.87069765547936
AT4G29680,
AT4G29700,26.713225788054356
AT4G29730,23.08154220079656
AT4G29810,20.23145371842423
AT4G29830,20.161083431819804
AT4G29960,
AT4G30120,
AT4G30190,
AT4G30200,
AT4G30220,4.261609231342397
AT4G30330,
AT4G30370,6.03823256269132
AT4G30910,
AT4G30930,8.278318847967462
AT4G30935,8.900100221769842
AT4G30960,22.904931212925472
AT4G31120,31.947583623053696
AT4G31160,23.839799205443345
AT4G31170,19.011253688671996
AT4G31180,31.395016339770383
AT4G31300,13.906250171617922
AT4G31340,
AT4G31490,27.705844624149513
AT4G31500,31.591642827204133
AT4G31570,
AT4G31580,7.493495667294139
AT4G31700,11.01452641259229
AT4G31720,5.341057750813992
AT4G31730,
AT4G31800,7.274541114270219
AT4G31985,1.6829336024079842
AT4G31990,24.316608678286343
AT4G32010,18.57267186554877
AT4G32040,9.9435198937104
AT4G32070,18.579977744496738
AT4G32150,
AT4G32175,
AT4G32250,29.119491483574002
AT4G32260,
AT4G32285,15.904352565503302
AT4G32295,
AT4G32410,
AT4G32470,5.350012297205364
AT4G32520,27.832425439678484
AT4G32551,
AT4G32570,4.1509937763414015
AT4G32650,
AT4G32690,9.11538524255626
AT4G32720,16.71366760711469
AT4G32760,
AT4G32940,28.97598213781427
AT4G33000,
AT4G33030,23.451416115581974
AT4G33060,16.39863354797193
AT4G33200,32.086270901415475
AT4G33270,21.893287365187188
AT4G33360,
AT4G33400,23.99070773513251
AT4G33430,
AT4G33510,29.988708672777708
AT4G33520,
AT4G33650,
AT4G33945,
AT4G33950,20.789862181833083
AT4G34000,
AT4G34030,27.851161029925322
AT4G34050,
AT4G34090,17.665904485300096
AT4G34110,23.802418219225356
AT4G34140,
AT4G34160,14.17897793807302
AT4G34200,31.459913158363605
AT4G34210,10.579616740127449
AT4G34230,24.592924373727627
AT4G34390,20.300802779024448
AT4G34400,13.39925877411925
AT4G34430,15.639993649025904
AT4G34450,29.86587053045479
AT4G34460,20.955300779336405
AT4G34470,10.33395559825412
AT4G34530,4.815964486253547
AT4G34620,6.234517675387329
AT4G34660,12.759126416975738
AT4G34670,11.339602319267943
AT4G34700,4.780150721170511
AT4G34740,30.62991684195496
AT4G34840,15.089297532997216
AT4G34870,14.932252761826929
AT4G34890,34.575984191574406
AT4G35000,16.779442841767416
AT4G35020,14.90620735544231
AT4G35050,23.122773500043415
AT4G35090,26.176029197889672
AT4G35100,
AT4G35230,25.181353035785573
AT4G35250,18.719319561446593
AT4G35260,23.966171715673212
AT4G35310,28.103272748023674
AT4G35450,15.754690309214519
AT4G35470,23.965734738757536
AT4G35570,4.7453354279473
AT4G35600,
AT4G35620,17.770335400224994
AT4G35640,18.32330760464577
AT4G35650,23.52663756194805
AT4G35730,12.104676833622811
AT4G35790,
AT4G35800,33.16783469201394
AT4G35850,22.436589842246157
AT4G35860,13.71029700320977
AT4G35900,
AT4G35910,19.350228785663084
AT4G35950,14.27325670601583
AT4G36020,14.086999069553835
AT4G36220,29.80645457841525
AT4G36250,31.970978840672046
AT4G36290,24.95889467353156
AT4G36480,
AT4G36690,19.5847023978462
AT4G36710,19.81797968511633
AT4G36730,4.548949864181142
AT4G36750,14.597547555785741
AT4G36800,10.67992108350022
AT4G36810,21.925328525192775
AT4G36860,20.13909732595713
AT4G37000,15.580914447609791
AT4G37130,8.374615969941244
AT4G37260,8.184639893922816
AT4G37280,12.255295947758169
AT4G37460,21.89765629358908
AT4G37490,16.855863766025735
AT4G37630,12.571637827754909
AT4G37640,
AT4G37690,
AT4G37710,2.362046424480571
AT4G37770,25.210090016932092
AT4G37870,27.817056132387698
AT4G37880,17.121356945147205
AT4G37910,34.43702726571004
AT4G37930,27.901838877431036
AT4G38130,27.92493306924204
AT4G38230,27.560888738552276
AT4G38240,
AT4G38270,21.954661150553857
AT4G38430,18.055808620800807
AT4G38490,
AT4G38510,29.65222294188297
AT4G38550,
AT4G38580,6.6282354731891004
AT4G38630,12.39800550283456
AT4G38710,7.129372800619421
AT4G38740,14.816505482074007
AT4G38900,6.345666642232178
AT4G38930,
AT4G38960,
AT4G38970,25.402953123844718
AT4G39070,7.4093445503594255
AT4G39100,
AT4G39200,3.3308091072096566
AT4G39260,8.850158904467637
AT4G39400,
AT4G39680,11.399743112541335
AT4G39690,8.578481976150352
AT4G39710,9.234563399155274
AT4G39730,8.410819156327829
AT4G39800,27.721243066856697
AT4G39850,
AT4G39960,
AT4G39980,30.259535484692506
AT4G40030,
AT4G40040,8.12453009727585
AT5G01210,28.35681097907494
AT5G01410,19.55839073472417
AT5G01530,
AT5G01540,
AT5G01630,12.299972420149464
AT5G01810,22.312921423455734
AT5G01820,22.671734539973304
AT5G01840,4.853138720901767
AT5G02030,8.765956438632472
AT5G02040,
AT5G02050,9.53625491476213
AT5G02150,14.886638791843351
AT5G02200,2.5353335174380964
AT5G02450,3.787246573489517
AT5G02470,7.201399555692637
AT5G02490,35.34491437159476
AT5G02500,35.87881544221773
AT5G02530,7.374892533035915
AT5G02760,21.265726046405035
AT5G02810,
AT5G02870,17.747848512497647
AT5G02960,6.4530881027964115
AT5G03040,6.265871724803676
AT5G03240,31.681769794493416
AT5G03280,
AT5G03290,24.319334775508977
AT5G03415,8.424393878648209
AT5G03470,21.774564050548072
AT5G03540,23.231837449523287
AT5G03730,16.9671371718677
AT5G03740,7.857620833027544
AT5G03850,3.5978700073787238
AT5G03940,27.933472654337045
AT5G04140,32.94383713665556
AT5G04230,33.611769755264106
AT5G04280,8.59829617812173
AT5G04290,
AT5G04340,4.967182776253671
AT5G04470,2.946823484968811
AT5G04550,15.042295290728196
AT5G04560,
AT5G04640,5.868149235566991
AT5G04870,27.00724696088988
AT5G04900,
AT5G04990,
AT5G05000,16.745643866718574
AT5G05010,21.6750393427084
AT5G05130,26.488188711857823
AT5G05170,
AT5G05190,7.341681090490924
AT5G05270,11.297092745898372
AT5G05410,8.263067343810018
AT5G05440,11.088841901016744
AT5G05620,24.35570787234946
AT5G05680,29.23569516817224
AT5G05700,24.53834550485894
AT5G05760,
AT5G05800,17.983791472890825
AT5G05970,21.831363926199053
AT5G06110,21.196542586601094
AT5G06150,18.23498336734874
AT5G06160,21.488331996220868
AT5G06290,14.033372777232284
AT5G06320,
AT5G06360,9.45817947890434
AT5G06410,9.450775768984593
AT5G06680,21.541564256536933
AT5G06740,
AT5G06850,
AT5G06950,10.962732342914586
AT5G06960,
AT5G07240,
AT5G07280,
AT5G07300,28.884968711241022
AT5G07310,6.1764000852050875
AT5G07340,
AT5G07400,
AT5G07530,
AT5G07570,
AT5G08080,
AT5G08130,
AT5G08160,
AT5G08190,
AT5G08330,5.332073191698218
AT5G08450,
AT5G08560,25.606119135011063
AT5G08630,23.154394936020196
AT5G08790,9.596799556087495
AT5G09240,
AT5G09250,
AT5G09400,
AT5G09420,30.90854090229719
AT5G09620,10.87348990037388
AT5G09650,16.245993626605923
AT5G09680,
AT5G09740,19.565765128836226
AT5G09770,
AT5G09810,23.523631813169743
AT5G09820,10.800876244380893
AT5G09830,5.974518420772604
AT5G09860,23.090399046670775
AT5G09920,7.416464501314557
AT5G10060,
AT5G10140,6.566318811858652
AT5G10160,11.284813040361493
AT5G10180,
AT5G10200,
AT5G10270,24.719371681768767
AT5G10290,
AT5G10360,11.381813503677181
AT5G10400,8.102936078013322
AT5G10440,13.465281227795733
AT5G10450,11.557436487937947
AT5G10470,26.231528258945666
AT5G10480,
AT5G10550,14.509055420118415
AT5G10720,18.33575229735623
AT5G10840,
AT5G10860,9.093481154676917
AT5G10930,23.12033625881528
AT5G10980,8.124529984679581
AT5G11010,19.89182288806008
AT5G11030,
AT5G11040,29.57602245351954
AT5G11060,8.774114748743624
AT5G11170,24.708705421768737
AT5G11200,
AT5G11260,3.0068588970151033
AT5G11300,17.748338961875696
AT5G11390,
AT5G11490,27.37560750675145
AT5G11500,10.038560972205339
AT5G11510,14.568047553797076
AT5G11520,25.24540983618836
AT5G11670,34.09993964408262
AT5G11710,11.600811737215919
AT5G11870,
AT5G11980,20.640940195908815
AT5G12140,4.556645287698477
AT5G12370,21.637280320024825
AT5G12390,6.05189424819634
AT5G12860,
AT5G12900,13.674848146557158
AT5G12920,
AT5G12980,16.323034690498176
AT5G13060,28.19445240954465
AT5G13120,15.052415781993895
AT5G13160,21.806029651744023
AT5G13220,
AT5G13270,28.523960416461534
AT5G13290,
AT5G13300,17.15973423553774
AT5G13330,6.37184927340629
AT5G13430,10.980758391591682
AT5G13440,10.689048051025273
AT5G13450,9.986680404356463
AT5G13480,
AT5G13530,28.189030087908854
AT5G13570,15.656799889195574
AT5G13590,
AT5G13630,30.868682292677942
AT5G13650,
AT5G13780,10.325770863195666
AT5G13790,6.78320608080248
AT5G13800,23.685804184425542
AT5G13840,20.804072248058333
AT5G13860,13.976196756363354
AT5G13930,26.077971713600277
AT5G14050,20.898639353656343
AT5G14170,17.938605174801495
AT5G14200,26.830590779261286
AT5G14240,11.185655660884017
AT5G14250,20.705549691052138
AT5G14320,6.024021217239782
AT5G14620,
AT5G14690,2.704636966161793
AT5G14740,
AT5G14780,
AT5G14870,
AT5G14930,26.01242567861524
AT5G14960,
AT5G15090,
AT5G15210,6.674393456206623
AT5G15400,
AT5G15450,34.11023432442634
AT5G15550,23.62382790372871
AT5G15650,22.656016426805692
AT5G15680,34.02320393144856
AT5G15700,19.039327449919522
AT5G15840,
AT5G15850,7.230172254992733
AT5G15880,
AT5G15920,24.79006432370697
AT5G15960,1.9777811844762685
AT5G16000,
AT5G16050,12.665641397649951
AT5G16070,29.04368360985196
AT5G16130,9.36610250537821
AT5G16220,9.417583578927033
AT5G16310,16.07097394837633
AT5G16400,8.611482215584589
AT5G16440,13.362046420300228
AT5G16510,20.610135161110712
AT5G16570,25.65281728876034
AT5G16590,
AT5G16620,8.98212169995856
AT5G16710,15.367465493593892
AT5G16720,8.776535118003473
AT5G16820,9.683471789411412
AT5G16840,6.889810495171921
AT5G16850,21.264503930322682
AT5G16880,13.187798189740827
AT5G17290,16.91375254708397
AT5G17330,24.37475475367271
AT5G17410,
AT5G17420,
AT5G17490,22.784946448640984
AT5G17510,
AT5G17600,
AT5G17640,18.176972184548017
AT5G17690,8.36839430393393
AT5G17710,
AT5G17770,17.665684738480767
AT5G17790,15.265082297280584
AT5G17800,7.462722076846592
AT5G17920,37.427865020556254
AT5G17990,23.622932496810847
AT5G18010,4.161577214818616
AT5G18100,
AT5G18110,10.77020259627457
AT5G18170,28.85359381236942
AT5G18230,
AT5G18400,11.091492910724256
AT5G18610,22.666227255579294
AT5G18620,27.01919022824324
AT5G18830,
AT5G19000,
AT5G19140,
AT5G19220,25.41677600371464
AT5G19280,23.937481414127276
AT5G19310,20.05913095047309
AT5G19320,29.373228726044513
AT5G19400,22.363757506887502
AT5G19440,
AT5G19450,28.767424309426907
AT5G19510,9.312138592685816
AT5G19520,
AT5G19620,
AT5G19660,
AT5G19760,13.561295519872617
AT5G19780,26.096702199502342
AT5G19990,21.233722781471794
AT5G20010,14.05224450640319
AT5G20020,14.161183221447496
AT5G20150,9.678973900794293
AT5G20160,
AT5G20240,
AT5G20250,
AT5G20280,24.86648560927378
AT5G20290,9.128118394867924
AT5G20320,26.7367229068256
AT5G20350,
AT5G20480,
AT5G20490,32.85010809200263
AT5G20510,11.249274807984326
AT5G20570,3.8421694912010107
AT5G20630,12.403920561008592
AT5G20720,10.778701863765122
AT5G20730,25.29723907352172
AT5G20810,4.797303884201824
AT5G20820,3.9550776305027133
AT5G20830,
AT5G20850,
AT5G20890,30.558093644067316
AT5G20900,3.52839316409319
AT5G20910,12.226848308065419
AT5G20920,
AT5G20990,33.95344161884558
AT5G21160,12.422759994568182
AT5G21170,
AT5G21274,12.933014631944758
AT5G21326,24.2369062960909
AT5G21990,
AT5G22120,11.886646467592055
AT5G22220,9.879872697801364
AT5G22330,24.499291064077102
AT5G22360,
AT5G22480,22.437759661544295
AT5G22580,4.659145903226204
AT5G22640,20.980342012923508
AT5G22650,7.398906455643954
AT5G22750,22.900866042083493
AT5G22770,30.241888131936463
AT5G22880,8.542917460284949
AT5G23060,10.82056447809526
AT5G23120,
AT5G23290,5.854383348119547
AT5G23310,12.132654085433312
AT5G23430,21.56550221227874
AT5G23570,15.440521000858405
AT5G23730,20.168633112872715
AT5G23740,8.04039329567526
AT5G23750,4.317996616006461
AT5G23860,24.537874357920185
AT5G23880,
AT5G23940,27.817946802770745
AT5G24010,
AT5G24230,
AT5G24270,12.132019406430441
AT5G24330,16.487525889740127
AT5G24350,32.42504951807434
AT5G24470,
AT5G24520,17.91739971379236
AT5G24630,
AT5G24670,
AT5G24710,29.86162341840226
AT5G24780,14.110338371493707
AT5G24930,7.737930929820337
AT5G25060,20.911338893281275
AT5G25100,
AT5G25150,26.470586090870636
AT5G25220,10.436443426355925
AT5G25260,14.371891604912875
AT5G25380,
AT5G25440,16.200851660875667
AT5G25470,12.524688228166703
AT5G25475,12.201712781565137
AT5G25510,21.40299083323465
AT5G25610,19.872466517147355
AT5G25752,
AT5G25757,21.688449691885513
AT5G25980,32.84303133891406
AT5G26000,33.296954617306
AT5G26280,17.76744484303583
AT5G26340,
AT5G26710,32.74110851801136
AT5G26742,
AT5G26830,36.32403719512475
AT5G26980,
AT5G27030,25.483035683411938
AT5G27050,
AT5G27100,
AT5G27120,20.283922354922282
AT5G27150,
AT5G27420,
AT5G27540,32.37191321656896
AT5G27600,34.797157528542016
AT5G27620,
AT5G27630,
AT5G27640,28.953048767063404
AT5G27720,5.041214651804989
AT5G27840,
AT5G27850,9.481879789927243
AT5G27910,
AT5G28020,24.239804685327616
AT5G28050,
AT5G28060,6.18071417861217
AT5G28290,19.230810215653108
AT5G28500,20.46628589600025
AT5G28540,36.51205547591559
AT5G28640,4.531772491436821
AT5G28900,23.191525160305208
AT5G29000,
AT5G33280,
AT5G33320,
AT5G35080,9.858521692792667
AT5G35360,35.32832183505826
AT5G35410,23.296214562331762
AT5G35530,11.488708771991465
AT5G35620,10.930671016830082
AT5G35630,26.152229145322526
AT5G35680,
AT5G35740,6.558196308817032
AT5G35770,23.99328688373934
AT5G35790,24.183612786827542
AT5G35840,28.431395403126533
AT5G35910,25.663044135469903
AT5G37020,
AT5G37055,4.847068388085455
AT5G37500,
AT5G37600,25.283680064436076
AT5G37610,
AT5G37720,7.944668801468294
AT5G37740,9.692645660373985
AT5G37770,7.477841429560326
AT5G37780,13.082914666512387
AT5G37850,20.508874516102143
AT5G38220,17.437328324607982
AT5G38410,
AT5G38420,
AT5G38430,
AT5G38470,13.20832208942743
AT5G38480,12.477733156642923
AT5G38530,30.565134090438946
AT5G38560,
AT5G38640,15.423299896569233
AT5G38660,
AT5G38890,
AT5G38970,
AT5G39410,30.46098945414445
AT5G39510,
AT5G39660,6.778422686311711
AT5G39670,6.178762579675469
AT5G40100,33.0908082607987
AT5G40160,11.496109541355047
AT5G40280,
AT5G40420,
AT5G40460,2.5550287353215024
AT5G40580,13.54076495756127
AT5G41180,
AT5G41210,15.921985300056052
AT5G41260,25.74081010343949
AT5G41315,
AT5G41370,
AT5G41520,6.733424778969151
AT5G41560,2.6637069628756125
AT5G41670,32.7931890213465
AT5G41700,11.62927459954105
AT5G41770,27.389997683118356
AT5G41790,18.02397562787392
AT5G41940,
AT5G42000,
AT5G42020,36.72367155540095
AT5G42080,29.707486650154728
AT5G42190,10.91376146206823
AT5G42220,
AT5G42350,19.37548373273766
AT5G42470,
AT5G42750,3.790013245992097
AT5G42920,18.555371034787772
AT5G42950,13.128599345952262
AT5G42970,20.384387499555682
AT5G42980,7.833539407999025
AT5G43070,4.696621921209766
AT5G43080,17.74393019256841
AT5G43130,
AT5G43280,
AT5G43330,20.22428494024378
AT5G43350,
AT5G43380,22.35128789792942
AT5G43470,27.02236038687721
AT5G43610,
AT5G43700,5.072143761483781
AT5G43810,24.368203284678668
AT5G43940,27.835114128722683
AT5G43960,12.747727722472865
AT5G43980,
AT5G43990,
AT5G44020,12.896407927587957
AT5G44030,
AT5G44070,25.150357184250574
AT5G44090,23.557059943868804
AT5G44180,18.34141751371764
AT5G44200,9.853934902851272
AT5G44210,5.435549120900132
AT5G44280,11.79654367046828
AT5G44340,25.063273377731765
AT5G44500,9.247970583617153
AT5G44550,
AT5G44560,5.38079721297301
AT5G44790,
AT5G44800,17.358492816653516
AT5G44930,21.02776152666802
AT5G45010,1.576691296267179
AT5G45250,30.287332446969387
AT5G45260,
AT5G45290,
AT5G45390,11.964369404161946
AT5G45410,
AT5G45510,
AT5G45600,10.345259047200345
AT5G45620,16.23309385011059
AT5G45750,13.29517725536735
AT5G45900,30.235964840187595
AT5G46110,
AT5G46210,21.580947021692445
AT5G46240,
AT5G46280,26.51307890282853
AT5G46290,
AT5G46330,
AT5G46350,6.1527884840061295
AT5G46430,6.083108663726144
AT5G46570,24.769815830065287
AT5G46630,
AT5G46640,8.879316951054506
AT5G46750,10.017900365629039
AT5G46760,15.707235215750865
AT5G46780,4.3026230420051865
AT5G46790,11.156954486190285
AT5G46830,15.970975958167791
AT5G46860,
AT5G47100,11.863575811245408
AT5G47120,
AT5G47200,13.325374986493967
AT5G47210,6.788840064080601
AT5G47560,
AT5G47590,13.408899272032931
AT5G47640,6.1276042179781465
AT5G47690,
AT5G47700,4.123364894948014
AT5G47890,5.085348061156982
AT5G47910,
AT5G48030,17.49698890743249
AT5G48140,22.05999695910197
AT5G48160,17.575493715470913
AT5G48170,5.782573553471704
AT5G48230,30.528431944757195
AT5G48300,26.41311177178635
AT5G48380,
AT5G48570,31.18202627810753
AT5G48630,14.260723303787524
AT5G48650,
AT5G48820,3.310079079142352
AT5G48870,4.6754622694007555
AT5G48930,29.70899007502286
AT5G49020,26.547049400677583
AT5G49160,24.410341190797205
AT5G49210,
AT5G49230,
AT5G49510,7.755962875786078
AT5G49650,34.165668432521905
AT5G49660,
AT5G49720,
AT5G49760,
AT5G49830,22.490677284279535
AT5G49880,12.430319550139851
AT5G49910,34.70688848370369
AT5G50150,22.422742132698097
AT5G50230,20.05776148953885
AT5G50320,30.595697919625174
AT5G50470,7.358473212363877
AT5G50480,7.074110779795282
AT5G50490,5.891269336696999
AT5G50580,19.483441207757828
AT5G50600,20.59290947748764
AT5G50680,18.932636150851273
AT5G50810,2.9369251807817536
AT5G50850,24.180650935229167
AT5G51040,5.569829239497713
AT5G51100,
AT5G51110,8.642247202849262
AT5G51180,
AT5G51200,
AT5G51230,
AT5G51280,30.667644055064972
AT5G51570,10.221347235715093
AT5G51660,29.377977764651984
AT5G51700,
AT5G51820,34.48922811505451
AT5G51940,5.8510342355242235
AT5G52040,
AT5G52240,
AT5G52250,21.1111047582639
AT5G52310,6.330410517068819
AT5G52430,5.583201475377506
AT5G52470,17.40300679603374
AT5G52640,
AT5G52650,6.106233507701187
AT5G52830,6.90144824312335
AT5G52860,
AT5G52960,5.850673863676001
AT5G53000,12.614294396977032
AT5G53060,20.150718613256693
AT5G53120,21.833691253666892
AT5G53140,18.60682573287292
AT5G53160,9.706407735811004
AT5G53400,12.929223775470476
AT5G53480,29.23783466901469
AT5G53530,15.270575950779824
AT5G53560,
AT5G53660,5.5267259143897824
AT5G53850,29.059845749658155
AT5G54160,21.022813881878534
AT5G54190,22.39049687714845
AT5G54260,26.879386274699606
AT5G54270,
AT5G54310,10.639543328735186
AT5G54390,22.139777865677846
AT5G54430,10.482108376866924
AT5G54590,
AT5G54640,9.560862225467922
AT5G54661,
AT5G54680,5.168236863941441
AT5G54750,9.117481674401265
AT5G54770,17.090014586749405
AT5G54810,30.45369563555788
AT5G54900,17.09467232792964
AT5G54960,32.1206397125377
AT5G55070,22.89285765836007
AT5G55100,
AT5G55160,4.321988134491738
AT5G55170,3.8854496457841217
AT5G55180,
AT5G55190,14.133909673570889
AT5G55220,22.382098621384845
AT5G55280,19.907309715763922
AT5G55480,34.99535329810077
AT5G55630,
AT5G55990,11.985666321059561
AT5G56000,30.83166284746557
AT5G56010,30.853849258771888
AT5G56030,30.344992969820535
AT5G56210,
AT5G56280,11.39343956033427
AT5G56290,17.85625423179677
AT5G56350,33.86208699660554
AT5G56360,16.823102937116182
AT5G56500,35.17648024056501
AT5G56600,8.56906187457572
AT5G56670,2.3306924891182543
AT5G56740,21.533908277388875
AT5G56750,
AT5G56760,19.12367919038605
AT5G56950,13.115740817553522
AT5G57050,19.611324547546253
AT5G57090,
AT5G57110,
AT5G57160,33.09120518731701
AT5G57180,5.6128661869961824
AT5G57360,30.592361316486006
AT5G57380,16.959475410864375
AT5G57710,21.366051406699253
AT5G57870,17.40765628528224
AT5G57940,
AT5G58003,21.70071147649827
AT5G58030,9.433679825007077
AT5G58040,
AT5G58060,9.602409054211199
AT5G58140,23.292753407873843
AT5G58150,
AT5G58220,
AT5G58230,23.734942798973716
AT5G58270,
AT5G58290,20.336053555770164
AT5G58430,23.72288647805484
AT5G58470,12.707793567024906
AT5G58490,22.87089896202863
AT5G58550,
AT5G58900,6.631668038312463
AT5G59160,22.687891196227287
AT5G59310,6.175676390313236
AT5G59320,6.451558031047195
AT5G59380,6.776355142449796
AT5G59570,5.799698942381058
AT5G59700,
AT5G59730,23.855961704804777
AT5G59800,10.907714581031293
AT5G59850,7.883593295117542
AT5G59880,8.253281056082653
AT5G59950,
AT5G59970,9.610467730819247
AT5G59980,
AT5G60100,10.430702992698343
AT5G60120,8.23867027484236
AT5G60160,25.593561387203067
AT5G60390,38.72240559294208
AT5G60410,
AT5G60450,
AT5G60540,
AT5G60640,32.3497898247626
AT5G60910,6.8073872568264555
AT5G60930,28.068511156841918
AT5G60960,23.66042900867297
AT5G60980,14.128615300761433
AT5G61060,33.853243007293386
AT5G61150,
AT5G61210,8.245114363563928
AT5G61270,6.364213005256399
AT5G61380,11.906829912277368
AT5G61500,11.959695358616566
AT5G61600,5.484812602833732
AT5G61780,29.95424635246151
AT5G61850,
AT5G61900,29.441893825827513
AT5G61920,4.728009804850037
AT5G62000,21.70274113713785
AT5G62090,15.927300013854751
AT5G62190,30.534440004094535
AT5G62200,8.79640443597542
AT5G62230,
AT5G62300,5.266062598768122
AT5G62390,8.435426170716806
AT5G62430,4.729551399199216
AT5G62440,7.527579774802045
AT5G62500,11.925304742621462
AT5G62575,
AT5G62600,31.227190511139217
AT5G62690,24.216824236404683
AT5G62700,24.332425394302067
AT5G62740,10.646589782658097
AT5G62790,30.546183432202337
AT5G62810,9.480311180317129
AT5G62880,13.827301230506043
AT5G62950,
AT5G63110,26.994105701252362
AT5G63190,24.203002806637944
AT5G63310,11.296149790169256
AT5G63370,
AT5G63470,7.3079181289729584
AT5G63510,
AT5G63530,12.224505943216245
AT5G63570,27.91029282951817
AT5G63610,23.572270917007287
AT5G63670,
AT5G63860,25.882741125669746
AT5G63870,26.30791114623237
AT5G63970,
AT5G63980,
AT5G64040,3.5530406863534605
AT5G64070,15.909123926889201
AT5G64110,19.072054951942988
AT5G64140,3.5722915273290896
AT5G64260,18.518227272165323
AT5G64330,
AT5G64430,11.276920024286172
AT5G64610,18.815028353602077
AT5G64740,
AT5G64850,
AT5G64930,
AT5G64940,
AT5G64960,24.154046587061394
AT5G65020,19.848079435468232
AT5G65160,18.563578359657882
AT5G65220,4.095458910101722
AT5G65360,8.102936415608161
AT5G65410,7.845366088778914
AT5G65420,13.14772134238054
AT5G65430,
AT5G65700,
AT5G65720,24.46250077604802
AT5G65780,22.817286001819564
AT5G65800,24.845923882547048
AT5G65930,28.45103791031992
AT5G65950,26.64324841234166
AT5G66030,11.118374805710923
AT5G66120,28.100394573094412
AT5G66140,16.327234513990458
AT5G66190,20.584382894831
AT5G66240,
AT5G66280,20.917343567792937
AT5G66470,21.555590353388506
AT5G66570,
AT5G66680,
AT5G66750,25.1589318812061
AT5G66790,
AT5G66850,15.765932607852431
AT5G66880,20.275351615950367
AT5G66930,8.494028496472604
AT5G67100,21.738483108507044
AT5G67250,24.449556124733085
AT5G67260,11.806920670646232
AT5G67270,9.585933705342738
AT5G67360,36.26417259294289
AT5G67380,22.153487617405975
AT5G67385,
AT5G67500,
AT5G67570,23.73672539395922
AT5G67610,
AT5G67630,
ATCG00020,
ATCG00120,
ATCG00270,
ATCG00280,
ATCG00340,
ATCG00350,
ATCG00470,
ATCG00480,
ATCG00490,
ATCG00720,
ATCG00730,
ATCG00780,
ATCG00800,
ATCG00810,
ATMG01190,
