Protein ID,No. of Significant Peptides (Adj. P-value),recovery_diff
P22202,30,1
P15992,16,1
P31539,14,1
P10591,11,1
P00360,8,1
P38715,10,1
Q00764,8,1
P17709,11,1
P53286,5,1
P53691,6,1
Q3E841,5,1
P38616,4,1
P04807,3,1
P16474,3,1
P23776,3,1
P37012,3,1
P38249,4,1
Q12490,3,1
P39954,3,1
P25619,3,1
P06169,2,1
P15108,2,1
P32527,2,1
P33416,2,1
P53315,2,1
P53316,2,1
P00924,1,0
P04806,3,1
P06115,1,0
P06208,1,0
P08432,1,0
P08524,1,0
P09232,1,0
P0CX80,1,0
P10081,1,0
P10592,1,0
P12709,1,0
P13382,1,0
P14742,1,0
P19097,1,0
P19807,1,0
P20967,1,0
P21524,1,0
P26321,1,0
P27472,1,0
P31688,1,0
P32178,1,0
P32288,1,0
P32379,1,0
P32454,1,0
P32861,1,0
P38426,1,0
P38891,1,0
P38911,1,0
P39003,1,0
P39009,1,0
P40010,1,0
P40150,1,0
P40202,1,0
P40217,1,0
P40484,1,0
P43535,1,0
P47120,1,0
P50101,1,0
P53303,1,0
P53909,1,0
P53973,1,0
Q01080,1,0
Q01532,1,0
Q03690,1,0
Q03771,1,0
Q03834,1,0
Q04432,1,0
Q06178,1,0
Q07478,1,0
Q08193,1,0
Q12024,1,0
Q12198,1,0
Q12361,1,0
Q12680,1,0
P23180,1,0
P38067,1,0
P38187,1,0
P40043,1,0
P46982,1,0
P47137,1,0
P49090,1,0
P53283,1,0
P54114,1,0
Q12028,1,0
Q12056,1,0
Q12329,1,0
P09436,1,0
P16547,1,0
P38804,1,0
Q06494,1,0
Q06689,1,0
P53929,1,0
Q06177,1,0
O13297,0,0
O13516,0,0
O13527,0,0
O13547,0,0
O13563,0,0
O14467,0,0
O74700,0,0
O94742,0,0
P00044,0,0
P00128,0,0
P00330,0,0
P00358,0,0
P00359,0,0
P00410,0,0
P00431,0,0
P00445,0,0
P00546,0,0
P00549,0,0
P00560,0,0
P00572,0,0
P00724,0,0
P00729,0,0
P00812,0,0
P00815,0,0
P00817,0,0
P00830,0,0
P00890,0,0
P00925,0,0
P00927,0,0
P00937,0,0
P00942,0,0
P00950,0,0
P00958,0,0
P01119,0,0
P01120,0,0
P01123,0,0
P02293,0,0
P02309,0,0
P02400,0,0
P02406,0,0
P02557,0,0
P02829,0,0
P02992,0,0
P02994,0,0
P03965,0,0
P04037,0,0
P04050,0,0
P04051,0,0
P04147,0,0
P04456,0,0
P04802,0,0
P04840,0,0
P04911,0,0
P05030,0,0
P05317,0,0
P05318,0,0
P05319,0,0
P05373,0,0
P05453,0,0
P05626,0,0
P05737,0,0
P05739,0,0
P05740,0,0
P05744,0,0
P05745,0,0
P05748,0,0
P05750,0,0
P05755,0,0
P05756,0,0
P05759,0,0
P06100,0,0
P06101,0,0
P06102,0,0
P06103,0,0
P06104,0,0
P06105,0,0
P06168,0,0
P06244,0,0
P06245,0,0
P06367,0,0
P06634,0,0
P06738,0,0
P06780,0,0
P06782,0,0
P06785,0,0
P06786,0,0
P06787,0,0
P06844,0,0
P07149,0,0
P07170,0,0
P07213,0,0
P07244,0,0
P07245,0,0
P07246,0,0
P07248,0,0
P07251,0,0
P07256,0,0
P07257,0,0
P07259,0,0
P07260,0,0
P07263,0,0
P07264,0,0
P07267,0,0
P07273,0,0
P07274,0,0
P07277,0,0
P07278,0,0
P07280,0,0
P07283,0,0
P07342,0,0
P07347,0,0
P07560,0,0
P07702,0,0
P07703,0,0
P07834,0,0
P07991,0,0
P08004,0,0
P08067,0,0
P08417,0,0
P08518,0,0
P08539,0,0
P08566,0,0
P08678,0,0
P09032,0,0
P09064,0,0
P09440,0,0
P09624,0,0
P09733,0,0
P09734,0,0
P09880,0,0
P09938,0,0
P09950,0,0
P0C0T4,0,0
P0C0V8,0,0
P0C0W9,0,0
P0C2I6,0,0
P0C2I9,0,0
P0CH08,0,0
P0CS90,0,0
P0CT04,0,0
P0CX27,0,0
P0CX29,0,0
P0CX31,0,0
P0CX35,0,0
P0CX37,0,0
P0CX39,0,0
P0CX41,0,0
P0CX43,0,0
P0CX45,0,0
P0CX47,0,0
P0CX49,0,0
P0CX51,0,0
P0CX53,0,0
P0CX55,0,0
P0CX82,0,0
P0CX84,0,0
P10080,0,0
P10363,0,0
P10507,0,0
P10614,0,0
P10622,0,0
P10659,0,0
P10664,0,0
P10962,0,0
P10964,0,0
P11075,0,0
P11076,0,0
P11154,0,0
P11353,0,0
P11412,0,0
P11484,0,0
P11632,0,0
P11633,0,0
P11745,0,0
P11792,0,0
P11914,0,0
P11938,0,0
P11972,0,0
P12385,0,0
P12630,0,0
P12688,0,0
P12695,0,0
P12754,0,0
P12868,0,0
P12904,0,0
P12945,0,0
P12962,0,0
P13393,0,0
P13517,0,0
P13663,0,0
P13856,0,0
P14020,0,0
P14065,0,0
P14120,0,0
P14126,0,0
P14164,0,0
P14306,0,0
P14540,0,0
P14682,0,0
P14741,0,0
P14743,0,0
P14747,0,0
P14772,0,0
P14832,0,0
P14904,0,0
P14906,0,0
P14907,0,0
P14922,0,0
P15019,0,0
P15180,0,0
P15274,0,0
P15303,0,0
P15424,0,0
P15436,0,0
P15454,0,0
P15496,0,0
P15565,0,0
P15624,0,0
P15625,0,0
P15646,0,0
P15700,0,0
P15703,0,0
P15705,0,0
P15731,0,0
P15790,0,0
P15873,0,0
P15891,0,0
P16140,0,0
P16370,0,0
P16387,0,0
P16451,0,0
P16467,0,0
P16521,0,0
P16550,0,0
P16603,0,0
P16622,0,0
P16649,0,0
P16861,0,0
P16862,0,0
P17065,0,0
P17076,0,0
P17106,0,0
P17157,0,0
P17255,0,0
P17505,0,0
P17555,0,0
P17649,0,0
P17695,0,0
P17883,0,0
P17890,0,0
P17891,0,0
P17898,0,0
P17967,0,0
P18239,0,0
P18562,0,0
P18759,0,0
P18899,0,0
P19073,0,0
P19146,0,0
P19262,0,0
P19358,0,0
P19414,0,0
P19454,0,0
P19524,0,0
P19658,0,0
P19880,0,0
P19882,0,0
P20081,0,0
P20107,0,0
P20133,0,0
P20433,0,0
P20434,0,0
P20435,0,0
P20436,0,0
P20447,0,0
P20448,0,0
P20449,0,0
P20457,0,0
P20459,0,0
P20485,0,0
P20486,0,0
P20604,0,0
P20606,0,0
P20676,0,0
P21147,0,0
P21182,0,0
P21242,0,0
P21243,0,0
P21306,0,0
P21375,0,0
P21538,0,0
P21576,0,0
P21734,0,0
P21801,0,0
P21825,0,0
P21827,0,0
P21954,0,0
P21965,0,0
P22082,0,0
P22133,0,0
P22137,0,0
P22138,0,0
P22139,0,0
P22141,0,0
P22146,0,0
P22147,0,0
P22203,0,0
P22213,0,0
P22214,0,0
P22217,0,0
P22276,0,0
P22336,0,0
P22515,0,0
P22579,0,0
P22696,0,0
P22768,0,0
P22803,0,0
P22936,0,0
P22943,0,0
P23201,0,0
P23202,0,0
P23254,0,0
P23287,0,0
P23291,0,0
P23292,0,0
P23301,0,0
P23337,0,0
P23503,0,0
P23542,0,0
P23594,0,0
P23595,0,0
P23615,0,0
P23638,0,0
P23639,0,0
P23642,0,0
P23644,0,0
P23724,0,0
P24276,0,0
P24279,0,0
P24280,0,0
P24783,0,0
P25043,0,0
P25045,0,0
P25087,0,0
P25293,0,0
P25294,0,0
P25296,0,0
P25298,0,0
P25299,0,0
P25303,0,0
P25340,0,0
P25342,0,0
P25343,0,0
P25344,0,0
P25359,0,0
P25369,0,0
P25373,0,0
P25374,0,0
P25375,0,0
P25382,0,0
P25386,0,0
P25441,0,0
P25443,0,0
P25451,0,0
P25491,0,0
P25515,0,0
P25555,0,0
P25567,0,0
P25574,0,0
P25582,0,0
P25586,0,0
P25588,0,0
P25605,0,0
P25623,0,0
P25627,0,0
P25635,0,0
P25644,0,0
P25655,0,0
P25694,0,0
P25719,0,0
P25847,0,0
P26570,0,0
P26754,0,0
P26755,0,0
P26783,0,0
P26784,0,0
P26785,0,0
P26786,0,0
P26793,0,0
P27476,0,0
P27514,0,0
P27614,0,0
P27616,0,0
P27692,0,0
P27705,0,0
P27809,0,0
P27810,0,0
P27882,0,0
P27999,0,0
P28000,0,0
P28005,0,0
P28007,0,0
P28241,0,0
P28272,0,0
P28274,0,0
P28319,0,0
P28321,0,0
P28495,0,0
P28496,0,0
P28707,0,0
P28817,0,0
P28834,0,0
P29311,0,0
P29366,0,0
P29453,0,0
P29468,0,0
P29469,0,0
P29496,0,0
P29509,0,0
P29547,0,0
P29704,0,0
P29952,0,0
P30605,0,0
P30619,0,0
P30624,0,0
P30656,0,0
P30657,0,0
P30771,0,0
P30822,0,0
P30902,0,0
P31116,0,0
P31373,0,0
P31380,0,0
P31382,0,0
P31383,0,0
P31384,0,0
P31412,0,0
P32074,0,0
P32179,0,0
P32259,0,0
P32316,0,0
P32319,0,0
P32324,0,0
P32327,0,0
P32332,0,0
P32335,0,0
P32337,0,0
P32342,0,0
P32347,0,0
P32349,0,0
P32353,0,0
P32356,0,0
P32366,0,0
P32367,0,0
P32368,0,0
P32377,0,0
P32381,0,0
P32386,0,0
P32419,0,0
P32447,0,0
P32457,0,0
P32458,0,0
P32461,0,0
P32465,0,0
P32466,0,0
P32468,0,0
P32471,0,0
P32472,0,0
P32473,0,0
P32474,0,0
P32476,0,0
P32478,0,0
P32480,0,0
P32481,0,0
P32485,0,0
P32486,0,0
P32492,0,0
P32495,0,0
P32497,0,0
P32499,0,0
P32501,0,0
P32502,0,0
P32505,0,0
P32521,0,0
P32523,0,0
P32529,0,0
P32558,0,0
P32561,0,0
P32563,0,0
P32565,0,0
P32566,0,0
P32582,0,0
P32588,0,0
P32589,0,0
P32591,0,0
P32597,0,0
P32598,0,0
P32599,0,0
P32602,0,0
P32610,0,0
P32614,0,0
P32621,0,0
P32623,0,0
P32626,0,0
P32628,0,0
P32639,0,0
P32644,0,0
P32657,0,0
P32660,0,0
P32769,0,0
P32771,0,0
P32773,0,0
P32790,0,0
P32793,0,0
P32794,0,0
P32795,0,0
P32802,0,0
P32803,0,0
P32832,0,0
P32835,0,0
P32842,0,0
P32860,0,0
P32864,0,0
P32874,0,0
P32892,0,0
P32895,0,0
P32897,0,0
P32898,0,0
P32899,0,0
P32905,0,0
P32908,0,0
P32911,0,0
P32914,0,0
P32915,0,0
P32916,0,0
P32939,0,0
P33201,0,0
P33202,0,0
P33297,0,0
P33298,0,0
P33299,0,0
P33302,0,0
P33307,0,0
P33308,0,0
P33309,0,0
P33313,0,0
P33317,0,0
P33322,0,0
P33327,0,0
P33333,0,0
P33334,0,0
P33338,0,0
P33399,0,0
P33401,0,0
P33442,0,0
P33734,0,0
P33754,0,0
P33755,0,0
P33767,0,0
P33775,0,0
P33892,0,0
P34077,0,0
P34078,0,0
P34087,0,0
P34160,0,0
P34163,0,0
P34167,0,0
P34216,0,0
P34217,0,0
P34221,0,0
P34223,0,0
P34227,0,0
P34241,0,0
P34244,0,0
P34730,0,0
P34760,0,0
P34761,0,0
P34909,0,0
P35179,0,0
P35182,0,0
P35189,0,0
P35194,0,0
P35197,0,0
P35207,0,0
P35691,0,0
P35718,0,0
P35728,0,0
P35732,0,0
P35734,0,0
P35817,0,0
P35844,1,0
P35997,0,0
P36010,0,0
P36013,0,0
P36015,0,0
P36016,0,0
P36017,0,0
P36018,0,0
P36027,0,0
P36037,0,0
P36041,0,0
P36047,0,0
P36049,0,0
P36051,0,0
P36060,0,0
P36076,0,0
P36081,0,0
P36088,0,0
P36095,0,0
P36100,0,0
P36102,0,0
P36104,0,0
P36112,0,0
P36124,0,0
P36135,0,0
P36136,0,0
P36152,0,0
P36156,0,0
P36160,0,0
P36161,0,0
P36162,0,0
P36421,0,0
P36531,0,0
P36775,0,0
P37254,0,0
P37291,0,0
P37292,0,0
P37303,0,0
P37370,0,0
P37838,0,0
P38009,0,0
P38011,0,0
P38013,0,0
P38063,0,0
P38069,0,0
P38071,0,0
P38074,0,0
P38075,0,0
P38077,0,0
P38088,0,0
P38109,0,0
P38112,0,0
P38115,0,0
P38116,0,0
P38121,0,0
P38129,0,0
P38130,0,0
P38137,0,0
P38138,0,0
P38143,0,0
P38144,0,0
P38149,0,0
P38174,0,0
P38199,0,0
P38203,0,0
P38205,0,0
P38217,0,0
P38221,0,0
P38225,0,0
P38237,0,0
P38238,0,0
P38248,0,0
P38250,0,0
P38264,0,0
P38272,0,0
P38286,0,0
P38295,0,0
P38328,0,0
P38333,0,0
P38340,0,0
P38344,0,0
P38345,0,0
P38351,0,0
P38353,0,0
P38427,0,0
P38431,0,0
P38439,0,0
P38523,0,0
P38555,0,0
P38604,0,0
P38615,0,0
P38620,0,0
P38623,0,0
P38624,0,0
P38626,0,0
P38627,0,0
P38628,0,0
P38631,0,0
P38634,0,0
P38689,0,0
P38697,0,0
P38701,0,0
P38710,0,0
P38711,0,0
P38712,0,0
P38713,0,0
P38720,0,0
P38753,0,0
P38755,0,0
P38758,0,0
P38764,0,0
P38779,0,0
P38781,0,0
P38788,0,0
P38792,0,0
P38793,0,0
P38797,0,0
P38805,0,0
P38810,0,0
P38817,0,0
P38821,0,0
P38825,0,0
P38853,0,0
P38869,0,0
P38874,0,0
P38879,0,0
P38882,0,0
P38883,0,0
P38886,0,0
P38902,0,0
P38910,0,0
P38912,0,0
P38915,0,0
P38922,0,0
P38930,0,0
P38932,0,0
P38934,0,0
P38968,0,0
P38993,0,0
P38996,0,0
P38998,0,0
P39001,0,0
P39007,0,0
P39010,0,0
P39013,0,0
P39015,0,0
P39081,0,0
P39107,0,0
P39111,0,0
P39515,0,0
P39516,0,0
P39517,0,0
P39522,0,0
P39533,0,0
P39538,0,0
P39676,0,0
P39683,0,0
P39704,0,0
P39705,0,0
P39714,0,0
P39726,0,0
P39727,0,0
P39729,0,0
P39730,0,0
P39742,0,0
P39743,0,0
P39744,0,0
P39926,0,0
P39929,0,0
P39935,0,0
P39936,0,0
P39940,0,0
P39958,0,0
P39960,0,0
P39962,0,0
P39966,0,0
P39968,0,0
P39969,0,0
P39976,0,0
P39985,0,0
P39986,0,0
P39990,0,0
P39993,0,0
P39998,0,0
P40011,0,0
P40016,0,0
P40024,0,0
P40032,0,0
P40046,0,0
P40047,0,0
P40054,0,0
P40056,0,0
P40059,0,0
P40064,0,0
P40069,0,0
P40070,0,0
P40075,0,0
P40078,0,0
P40087,0,0
P40089,0,0
P40096,0,0
P40106,0,0
P40161,0,0
P40204,0,0
P40215,0,0
P40302,0,0
P40303,0,0
P40319,0,0
P40327,0,0
P40340,0,0
P40347,0,0
P40348,0,0
P40368,0,0
P40414,0,0
P40416,0,0
P40422,0,0
P40454,0,0
P40462,0,0
P40471,0,0
P40472,0,0
P40477,0,0
P40482,0,0
P40495,0,0
P40498,0,0
P40505,0,0
P40506,0,0
P40509,0,0
P40510,0,0
P40517,0,0
P40553,0,0
P40554,0,0
P40563,0,0
P40564,0,0
P40581,0,0
P40693,0,0
P40825,0,0
P40956,0,0
P40958,0,0
P40959,0,0
P40961,0,0
P40970,0,0
P40991,0,0
P41056,0,0
P41277,0,0
P41338,0,0
P41543,0,0
P41697,0,0
P41805,0,0
P41807,0,0
P41810,0,0
P41811,0,0
P41832,0,0
P41895,0,0
P41896,0,0
P41903,0,0
P41911,0,0
P41920,0,0
P41921,0,0
P42838,0,0
P42839,0,0
P42844,0,0
P42935,0,0
P42945,0,0
P42949,0,0
P43123,0,0
P43321,0,0
P43555,0,0
P43573,0,0
P43583,0,0
P43585,0,0
P43586,0,0
P43588,0,0
P43593,0,0
P43603,0,0
P43609,0,0
P43616,0,0
P43636,0,0
P43639,0,0
P45818,0,0
P45978,0,0
P46367,0,0
P46654,0,0
P46655,0,0
P46669,0,0
P46672,0,0
P46676,0,0
P46678,0,0
P46680,0,0
P46681,0,0
P46948,0,0
P46959,0,0
P46971,0,0
P46984,0,0
P46985,0,0
P46990,0,0
P46995,0,0
P47001,0,0
P47006,0,0
P47008,0,0
P47017,0,0
P47035,0,0
P47037,0,0
P47039,0,0
P47047,0,0
P47054,0,0
P47068,0,0
P47077,0,0
P47083,0,0
P47096,0,0
P47102,0,0
P47103,0,0
P47116,0,0
P47119,0,0
P47124,0,0
P47143,0,0
P47154,0,0
P47160,0,0
P47176,0,0
P47912,0,0
P48164,0,0
P48240,0,0
P48360,0,0
P48363,0,0
P48415,0,0
P48439,0,0
P48445,0,0
P48510,0,0
P48562,0,0
P48582,0,0
P48813,0,0
P48837,0,0
P49017,0,0
P49095,0,0
P49334,0,0
P49435,0,0
P49626,0,0
P49686,0,0
P49687,0,0
P49723,0,0
P49957,0,0
P50085,0,0
P50094,0,0
P50095,0,0
P50107,0,0
P50108,0,0
P50623,0,0
P50861,0,0
P51601,0,0
P51996,0,0
P52286,0,0
P52488,0,0
P52489,0,0
P52490,0,0
P52553,0,0
P52593,0,0
P52891,0,0
P52910,0,0
P52917,0,0
P53008,0,0
P53011,0,0
P53040,0,0
P53043,0,0
P53044,0,0
P53045,0,0
P53049,0,0
P53064,0,0
P53076,0,0
P53082,0,0
P53088,0,0
P53090,0,0
P53093,0,0
P53112,0,0
P53131,0,0
P53141,0,0
P53144,0,0
P53145,0,0
P53152,0,0
P53163,0,0
P53184,0,0
P53191,0,0
P53192,0,0
P53193,0,0
P53199,0,0
P53250,0,0
P53252,0,0
P53254,0,0
P53255,0,0
P53256,0,0
P53261,0,0
P53262,0,0
P53276,0,0
P53281,0,0
P53296,0,0
P53297,0,0
P53299,0,0
P53323,0,0
P53330,0,0
P53334,0,0
P53335,0,0
P53378,0,0
P53379,0,0
P53538,0,0
P53549,0,0
P53550,0,0
P53551,0,0
P53552,0,0
P53598,0,0
P53617,0,0
P53622,0,0
P53632,0,0
P53633,0,0
P53720,0,0
P53731,0,0
P53734,0,0
P53738,0,0
P53741,0,0
P53742,0,0
P53743,0,0
P53753,0,0
P53839,0,0
P53844,0,0
P53845,0,0
P53848,0,0
P53853,0,0
P53858,0,0
P53859,0,0
P53860,0,0
P53874,0,0
P53877,0,0
P53879,0,0
P53890,0,0
P53893,0,0
P53894,0,0
P53897,0,0
P53904,0,0
P53905,0,0
P53914,0,0
P53919,0,0
P53920,0,0
P53941,0,0
P53981,0,0
P54000,0,0
P54113,0,0
P54115,0,0
P54781,0,0
P54783,0,0
P54837,0,0
P54838,0,0
P54860,0,0
P54861,0,0
P54999,0,0
P57743,0,0
P60010,0,0
P61830,0,0
P69771,0,0
P69850,0,0
P80210,0,0
P80428,0,0
P80967,0,0
P81449,0,0
P81450,0,0
P87108,0,0
P89105,0,0
Q00055,0,0
Q00245,0,0
Q00362,0,0
Q00402,0,0
Q00416,0,0
Q00539,0,0
Q00684,0,0
Q00772,0,0
Q00816,0,0
Q00955,0,0
Q01159,0,0
Q01217,0,0
Q01329,0,0
Q01454,0,0
Q01476,0,0
Q01477,0,0
Q01519,0,0
Q01560,0,0
Q01662,0,0
Q01852,0,0
Q01855,0,0
Q01939,0,0
Q02046,0,0
Q02159,0,0
Q02199,0,0
Q02201,0,0
Q02256,0,0
Q02260,0,0
Q02326,0,0
Q02455,0,0
Q02457,0,0
Q02486,0,0
Q02555,0,0
Q02629,0,0
Q02630,0,0
Q02642,0,0
Q02647,0,0
Q02776,0,0
Q02784,0,0
Q02792,0,0
Q02793,0,0
Q02795,0,0
Q02821,0,0
Q02892,0,0
Q02908,0,0
Q02931,0,0
Q03048,0,0
Q03063,0,0
Q03103,0,0
Q03124,0,0
Q03195,0,0
Q03280,0,0
Q03305,0,0
Q03390,0,0
Q03429,0,0
Q03435,0,0
Q03497,0,0
Q03532,0,0
Q03558,0,0
Q03640,0,0
Q03655,0,0
Q03674,0,0
Q03691,0,0
Q03705,0,0
Q03761,0,0
Q03768,0,0
Q03769,0,0
Q03774,0,0
Q03790,0,0
Q03835,0,0
Q03862,0,0
Q03921,0,0
Q03940,0,0
Q03973,0,0
Q04013,0,0
Q04062,1,0
Q04067,0,0
Q04119,0,0
Q04120,0,0
Q04175,0,0
Q04177,0,0
Q04178,0,0
Q04179,0,0
Q04217,0,0
Q04305,0,0
Q04307,0,0
Q04338,0,0
Q04344,0,0
Q04371,0,0
Q04373,0,0
Q04409,0,0
Q04410,0,0
Q04439,0,0
Q04491,0,0
Q04493,0,0
Q04500,0,0
Q04636,0,0
Q04660,0,0
Q04693,0,0
Q04728,0,0
Q04739,0,0
Q04781,0,0
Q04839,0,0
Q04947,0,0
Q04951,0,0
Q04964,0,0
Q05016,0,0
Q05022,0,0
Q05027,0,0
Q05029,0,0
Q05123,0,0
Q05164,0,0
Q05359,0,0
Q05567,0,0
Q05580,0,0
Q05583,0,0
Q05636,0,0
Q05775,0,0
Q05785,0,0
Q05931,0,0
Q05946,0,0
Q05979,0,0
Q06010,0,0
Q06053,0,0
Q06078,0,0
Q06106,0,0
Q06142,0,0
Q06143,0,0
Q06144,0,0
Q06151,0,0
Q06168,0,0
Q06205,0,0
Q06218,0,0
Q06287,0,0
Q06344,0,0
Q06385,0,0
Q06389,0,0
Q06406,0,0
Q06440,0,0
Q06449,0,0
Q06488,0,0
Q06489,0,0
Q06504,0,0
Q06505,0,0
Q06512,0,0
Q06580,0,0
Q06628,0,0
Q06631,0,0
Q06639,0,0
Q06677,0,0
Q06679,0,0
Q06685,0,0
Q06697,0,0
Q06705,0,0
Q06706,0,0
Q07381,0,0
Q07418,0,0
Q07540,0,0
Q07551,0,0
Q07648,0,0
Q07657,0,0
Q07807,0,0
Q07878,0,0
Q07896,0,0
Q07915,0,0
Q07938,0,0
Q08004,0,0
Q08096,0,0
Q08162,0,0
Q08179,0,0
Q08220,0,0
Q08229,0,0
Q08230,0,0
Q08235,0,0
Q08245,0,0
Q08273,0,0
Q08282,0,0
Q08285,0,0
Q08412,0,0
Q08444,0,0
Q08446,0,0
Q08492,0,0
Q08601,0,0
Q08641,0,0
Q08645,0,0
Q08647,0,0
Q08685,0,0
Q08689,0,0
Q08723,0,0
Q08826,0,0
Q08831,0,0
Q08886,0,0
Q08920,0,0
Q08924,0,0
Q08951,0,0
Q08960,0,0
Q08962,0,0
Q08965,0,0
Q08972,0,0
Q08985,0,0
Q10740,0,0
Q12009,0,0
Q12017,0,0
Q12018,0,0
Q12019,0,0
Q12030,0,0
Q12038,0,0
Q12060,0,0
Q12063,0,0
Q12068,0,0
Q12080,0,0
Q12114,0,0
Q12118,0,0
Q12136,0,0
Q12149,0,0
Q12154,0,0
Q12159,0,0
Q12166,0,0
Q12168,0,0
Q12176,0,0
Q12178,0,0
Q12207,0,0
Q12211,0,0
Q12220,0,0
Q12230,0,0
Q12250,0,0
Q12255,0,0
Q12263,0,0
Q12265,0,0
Q12271,0,0
Q12277,0,0
Q12285,0,0
Q12287,0,0
Q12305,0,0
Q12306,0,0
Q12315,0,0
Q12344,0,0
Q12349,0,0
Q12355,0,0
Q12363,0,0
Q12373,0,0
Q12377,0,0
Q12389,0,0
Q12402,0,0
Q12429,0,0
Q12432,0,0
Q12446,0,0
Q12449,0,0
Q12452,0,0
Q12460,0,0
Q12463,0,0
Q12464,0,0
Q12465,0,0
Q12466,0,0
Q12499,0,0
Q12514,0,0
Q12517,0,0
Q12518,0,0
Q12522,0,0
Q12532,0,0
Q12692,0,0
Q12746,0,0
Q12754,0,0
Q3E772,0,0
Q3E7X9,0,0
Q6Q547,0,0
Q92331,0,0
Q99190,0,0
Q99207,0,0
Q99210,0,0
Q99216,0,0
Q99257,0,0
Q99258,0,0
Q99278,0,0
Q99287,0,0
Q99312,0,0
Q99321,0,0
Q99383,0,0
Q99394,0,0
P00427,0,0
P00447,0,0
P00899,0,0
P00931,0,0
P04046,0,0
P04076,0,0
P04161,0,0
P04449,0,0
P04650,0,0
P04803,0,0
P05694,0,0
P05738,0,0
P05743,0,0
P05747,0,0
P05749,0,0
P07258,0,0
P07262,0,0
P07275,0,0
P07284,0,0
P07806,0,0
P09457,0,0
P0C0W1,0,0
P0C2H6,0,0
P0C2H8,0,0
P0CX23,0,0
P0CX25,0,0
P0CX33,0,0
P10869,0,0
P12612,0,0
P12687,0,0
P12887,0,0
P13188,0,0
P13298,0,0
P14843,0,0
P17423,0,0
P17536,0,0
P18544,0,0
P19881,0,0
P20051,0,0
P20484,0,0
P21771,0,0
P22135,0,0
P22353,0,0
P22470,0,0
P23248,0,0
P23641,0,0
P24000,0,0
P24521,0,0
P25037,0,0
P25039,0,0
P25332,0,0
P25339,0,0
P25348,0,0
P25349,0,0
P25367,0,0
P25371,0,0
P25558,0,0
P25559,0,0
P25560,0,0
P25632,0,0
P28273,0,0
P28777,0,0
P28789,0,0
P29478,0,0
P31381,0,0
P31787,0,0
P32263,0,0
P32264,0,0
P32352,0,0
P32445,0,0
P32449,0,0
P32451,0,0
P32463,0,0
P32469,0,0
P32477,0,0
P32496,0,0
P32590,0,0
P32601,0,0
P32608,0,0
P32611,0,0
P32767,0,0
P32787,0,0
P32836,0,0
P32909,0,0
P33204,0,0
P33330,0,0
P33417,0,0
P33750,0,0
P33759,0,0
P34072,0,0
P34220,0,0
P34222,0,0
P34237,0,0
P34253,0,0
P35127,0,0
P35176,0,0
P35183,0,0
P35184,0,0
P35202,0,0
P36008,0,0
P36036,0,0
P36059,0,0
P36080,0,0
P36101,0,0
P36121,0,0
P36145,0,0
P36166,0,0
P37262,0,0
P37302,0,0
P37898,0,0
P38066,0,0
P38131,0,0
P38219,0,0
P38254,0,0
P38260,0,0
P38302,0,0
P38625,0,0
P38636,0,0
P38682,0,0
P38688,0,0
P38698,0,0
P38737,0,0
P38754,0,0
P38759,0,0
P38773,0,0
P38789,0,0
P38791,0,0
P38795,0,0
P38816,0,0
P38836,0,0
P38837,0,0
P38858,0,0
P38861,0,0
P38890,0,0
P38972,0,0
P38985,0,0
P38986,0,0
P38988,0,0
P38999,0,0
P39076,0,0
P39077,0,0
P39078,0,0
P39079,0,0
P39106,0,0
P39547,0,0
P39692,0,0
P39724,0,0
P39927,0,0
P39938,0,0
P40005,0,0
P40007,0,0
P40029,0,0
P40030,0,0
P40037,0,0
P40040,0,0
P40080,0,0
P40154,0,0
P40165,0,0
P40185,0,0
P40212,0,0
P40363,0,0
P40413,0,0
P40459,0,0
P40474,0,0
P40516,0,0
P40518,0,0
P40582,0,0
P40986,0,0
P41057,0,0
P41058,0,0
P41734,0,0
P41814,0,0
P41818,0,0
P41819,0,0
P41940,0,0
P42846,0,0
P43556,0,0
P43569,0,0
P43577,0,0
P43582,0,0
P43612,0,0
P43619,0,0
P43621,0,0
P46683,0,0
P46784,0,0
P46956,0,0
P46965,0,0
P46969,0,0
P46988,0,0
P47019,0,0
P47031,0,0
P47079,0,0
P47095,0,0
P47117,0,0
P47771,0,0
P48015,0,0
P48234,0,0
P48606,0,0
P49167,0,0
P49367,0,0
P49954,0,0
P50086,0,0
P50278,0,0
P50946,0,0
P51401,0,0
P52893,0,0
P53073,0,0
P53075,0,0
P53108,0,0
P53111,0,0
P53128,0,0
P53136,0,0
P53206,0,0
P53219,0,0
P53221,0,0
P53235,0,0
P53295,0,0
P53312,0,0
P53313,0,0
P53331,0,0
P53332,0,0
P53337,0,0
P53834,0,0
P53849,0,0
P53852,0,0
P53900,0,0
P53903,0,0
P53946,0,0
P54839,0,0
P54885,0,0
P56628,0,0
P57744,0,0
P81451,0,0
Q01163,0,0
Q02648,0,0
Q02753,0,0
Q03016,0,0
Q03088,0,0
Q03161,0,0
Q03246,0,0
Q03254,0,0
Q03579,0,0
Q04066,0,0
Q04279,0,0
Q04430,0,0
Q04697,0,0
Q04894,0,0
Q04934,0,0
Q05040,0,0
Q05050,0,0
Q05506,0,0
Q05518,0,0
Q05543,0,0
Q05584,0,0
Q05635,0,0
Q05788,0,0
Q05791,0,0
Q05874,0,0
Q05911,0,0
Q05933,0,0
Q05942,0,0
Q06103,0,0
Q06336,0,0
Q06338,0,0
Q06405,0,0
Q06451,0,0
Q06525,0,0
Q06624,0,0
Q06672,0,0
Q06709,0,0
Q07527,0,0
Q07623,0,0
Q07825,0,0
Q07844,0,0
Q07953,0,0
Q08199,0,0
Q08208,0,0
Q08237,0,0
Q08561,0,0
Q08686,0,0
Q08726,0,0
Q08732,0,0
Q08742,0,0
Q08746,0,0
Q08925,0,0
Q08977,0,0
Q12000,0,0
Q12010,0,0
Q12029,0,0
Q12040,0,0
Q12072,0,0
Q12102,0,0
Q12122,0,0
Q12125,0,0
Q12156,0,0
Q12163,0,0
Q12165,0,0
Q12192,0,0
Q12234,0,0
Q12242,0,0
Q12245,0,0
Q12335,0,0
Q12354,0,0
Q12359,0,0
Q12387,0,0
Q12434,0,0
Q12447,0,0
Q12450,0,0
Q12455,0,0
Q12458,0,0
Q12513,0,0
Q12676,0,0
Q12743,0,0
Q3E705,0,0
Q3E7A4,0,0
Q3E833,0,0
Q6Q560,0,0
Q99288,0,0
Q99316,0,0
Q9P305,0,0
P00498,0,0
P01098,0,0
P02407,0,0
P04801,0,0
P06174,0,0
P07172,0,0
P07285,0,0
P0C2I4,0,0
P0C2I8,0,0
P0C2J4,0,0
P10662,0,0
P16120,0,0
P16965,0,0
P18962,0,0
P21264,0,0
P21304,0,0
P24031,0,0
P25040,0,0
P25372,0,0
P26637,0,0
P28625,0,0
P32351,0,0
P32453,0,0
P32525,0,0
P32583,0,0
P32902,0,0
P33331,0,0
P35178,0,0
P35195,0,0
P35724,0,0
P36069,0,0
P37304,0,0
P38061,0,0
P38079,0,0
P38081,0,0
P38145,0,0
P38197,0,0
P38230,0,0
P38234,0,0
P38281,0,0
P38288,0,0
P38325,0,0
P38707,0,0
P38708,0,0
P38732,0,0
P38771,0,0
P38777,0,0
P38787,0,0
P38809,0,0
P38828,0,0
P38829,0,0
P38845,0,0
P39005,0,0
P40006,0,0
P40019,0,0
P40081,0,0
P40210,0,0
P40513,0,0
P40525,0,0
P40531,0,0
P40533,0,0
P40545,0,0
P40561,0,0
P42842,0,0
P42940,0,0
P42941,0,0
P42943,0,0
P43613,0,0
P46151,0,0
P46992,0,0
P47018,0,0
P47089,0,0
P47166,0,0
P48353,0,0
P48362,0,0
P48589,0,0
P49089,0,0
P52918,0,0
P53155,0,0
P53172,0,0
P53183,0,0
P53200,0,0
P53305,0,0
P53438,0,0
P53600,0,0
P53723,0,0
P53883,0,0
P53885,0,0
P53937,0,0
P54730,0,0
P89886,0,0
Q02875,0,0
Q02889,0,0
Q03264,0,0
Q03667,0,0
Q03799,0,0
Q04031,0,0
Q04225,0,0
Q04341,0,0
Q04602,0,0
Q04767,0,0
Q04792,0,0
Q05515,0,0
Q05778,0,0
Q05827,0,0
Q05905,0,0
Q06214,0,0
Q06678,0,0
Q07362,0,0
Q07451,0,0
Q07549,0,0
Q07897,0,0
Q08045,0,0
Q08225,0,0
Q08421,0,0
Q08422,0,0
Q12074,0,0
Q12109,0,0
Q12117,0,0
Q12189,0,0
Q12272,0,0
Q12314,0,0
Q12408,0,0
Q12480,0,0
Q12500,0,0
Q12515,0,0
Q12672,0,0
Q12690,0,0
Q3E752,0,0
Q3E764,0,0
Q86ZR7,0,0
Q99369,0,0
O13585,0,0
P10356,0,0
P25361,0,0
P25617,0,0
P25631,0,0
P25654,0,0
P35719,0,0
P36103,0,0
P36114,0,0
P36151,0,0
P36154,0,0
P37263,0,0
P38202,0,0
P38235,0,0
P38276,0,0
P38635,0,0
P38716,0,0
P38841,0,0
P39101,0,0
P39721,0,0
P39931,0,0
P40008,0,0
P40022,0,0
P40053,0,0
P40093,0,0
P40159,0,0
P40364,0,0
P40579,0,0
P40893,0,0
P42942,0,0
P43590,0,0
P43597,0,0
P47173,0,0
P53078,0,0
P53081,0,0
P53265,0,0
P53270,0,0
P53278,0,0
P53326,0,0
P53336,0,0
P53889,0,0
P53912,0,0
P53962,0,0
P54858,0,0
Q03102,0,0
Q03104,0,0
Q03219,0,0
Q03559,0,0
Q04170,0,0
Q04336,0,0
Q04773,0,0
Q04869,0,0
Q04925,0,0
Q05812,0,0
Q05881,0,0
Q05948,0,0
Q06070,0,0
Q06146,0,0
Q06252,0,0
Q06523,0,0
Q06608,0,0
Q06839,0,0
Q07505,0,0
Q07589,0,0
Q07622,0,0
Q07716,0,0
Q08687,0,0
Q08954,0,0
Q08971,0,0
Q08979,0,0
Q12032,0,0
Q12044,0,0
Q12160,0,0
Q3E747,0,0
Q3E756,0,0
P25572,0,0
P35725,0,0
P50089,0,0
P53066,0,0
P53122,0,0
Q03629,0,0
Q03759,0,0
Q12496,0,0
Q3E7Z5,0,0
Q8TGT2,0,0
