name,_wkshell,_wks_percentile_bucket
AT5G06110,84.0,50.0
AT3G50310,19.0,25.0
AT3G50440,217.0,75.0
AT5G37720,68.0,45.0
AT3G50820,77.0,50.0
AT3G50930,61.0,45.0
AT3G50950,6.0,10.0
AT5G25440,6.0,10.0
AT3G51130,128.0,60.0
AT3G51160,217.0,75.0
AT3G51770,2.0,0.0
AT3G51820,40.0,35.0
AT5G37770,2.0,0.0
AT3G51840,3.0,5.0
AT3G51895,63.0,45.0
AT3G52120,84.0,50.0
AT3G52300,217.0,80.0
AT3G52420,5.0,10.0
AT3G52850,,
AT3G52890,2.0,0.0
AT3G52910,1.0,0.0
AT4G00850,1.0,0.0
AT3G53120,128.0,65.0
AT3G53150,40.0,35.0
AT3G53390,54.0,40.0
AT3G53990,217.0,85.0
AT5G06320,104.0,55.0
AT5G16130,217.0,90.0
AT3G53510,63.0,45.0
AT3G53620,128.0,60.0
AT3G54050,217.0,80.0
AT3G54090,62.0,45.0
AT3G54110,40.0,35.0
AT3G54130,105.0,55.0
AT3G56130,62.0,45.0
AT3G56940,62.0,45.0
AT3G60660,62.0,45.0
AT4G00238,62.0,45.0
AT4G04640,217.0,85.0
AT4G09980,62.0,45.0
AT4G10760,62.0,45.0
AT4G35250,62.0,45.0
AT4G35860,217.0,85.0
AT4G36690,217.0,85.0
AT4G38510,217.0,85.0
AT5G06360,62.0,45.0
AT5G10060,217.0,85.0
AT5G23060,82.0,50.0
AT5G23120,62.0,45.0
AT5G44020,62.0,45.0
AT5G47200,62.0,45.0
AT5G51100,217.0,85.0
AT1G01040,9.0,15.0
AT5G51180,62.0,45.0
AT5G54270,217.0,80.0
AT1G09700,9.0,15.0
AT5G64140,62.0,45.0
AT3G20550,2.0,5.0
AT5G65020,217.0,80.0
AT4G15900,126.0,60.0
AT3G54230,217.0,75.0
AT1G01050,217.0,75.0
AT3G54300,17.0,20.0
AT5G03240,344.0,95.0
AT5G19000,2.0,0.0
AT1G01060,5.0,10.0
AT3G54400,40.0,35.0
AT2G46830,9.0,15.0
AT3G54590,40.0,35.0
AT4G18390,6.0,10.0
AT3G54920,84.0,50.0
AT1G01090,159.0,65.0
AT3G55005,128.0,60.0
AT1G30120,171.0,70.0
AT3G55130,63.0,45.0
AT2G34590,167.0,70.0
AT3G55770,217.0,80.0
AT3G02520,256.0,90.0
AT5G11300,20.0,25.0
AT4G29040,339.0,95.0
AT4G39730,3.0,5.0
AT5G06290,288.0,95.0
AT3G56410,128.0,65.0
AT5G16050,260.0,90.0
AT3G56800,3.0,5.0
AT5G38480,340.0,95.0
AT3G56910,217.0,85.0
AT1G01100,42.0,35.0
AT3G57560,3.0,5.0
AT2G40010,323.0,95.0
AT3G58780,217.0,80.0
AT3G44590,262.0,90.0
AT3G59020,217.0,80.0
AT1G01120,63.0,45.0
AT3G59150,8.0,15.0
AT5G65430,336.0,95.0
AT3G59380,217.0,75.0
AT1G01140,128.0,60.0
AT5G40280,2.0,0.0
AT4G18710,343.0,95.0
AT3G59920,217.0,75.0
AT1G01160,1.0,0.0
AT5G16840,128.0,60.0
AT5G53660,1.0,0.0
AT3G61220,128.0,60.0
AT1G01200,50.0,40.0
AT3G61830,63.0,45.0
AT5G46630,331.0,95.0
AT3G61860,3.0,5.0
AT1G01230,2.0,5.0
AT3G61870,40.0,35.0
AT4G36480,3.0,5.0
AT3G62290,217.0,75.0
AT1G01340,84.0,50.0
AT3G62560,217.0,75.0
AT1G01360,9.0,15.0
AT3G62600,84.0,50.0
AT4G26080,217.0,90.0
AT3G62800,3.0,5.0
AT1G01510,128.0,60.0
AT5G20320,217.0,80.0
AT1G01560,40.0,35.0
AT3G63130,18.0,25.0
AT4G25030,317.0,95.0
AT3G63190,82.0,50.0
AT1G01620,217.0,90.0
AT4G11600,2.0,0.0
AT2G45960,342.0,95.0
AT5G45010,7.0,10.0
AT3G24300,338.0,95.0
AT5G10290,10.0,15.0
AT3G28860,207.0,70.0
AT5G45510,61.0,45.0
AT3G53420,341.0,95.0
AT4G00720,63.0,45.0
AT1G01820,4.0,10.0
AT4G00752,128.0,60.0
AT3G19720,25.0,25.0
AT4G00900,63.0,45.0
AT1G01880,16.0,20.0
AT4G01026,9.0,15.0
AT1G15570,81.0,50.0
AT4G08480,5.0,10.0
AT1G47230,86.0,55.0
AT4G01480,217.0,75.0
AT5G25380,49.0,35.0
AT4G01850,126.0,60.0
AT1G02090,115.0,55.0
AT4G02080,217.0,75.0
AT1G22920,217.0,85.0
AT4G02520,217.0,85.0
AT1G71230,117.0,55.0
AT4G36800,13.0,20.0
AT2G26990,100.0,55.0
AT5G42350,217.0,80.0
AT3G23580,7.0,15.0
AT4G02930,54.0,40.0
AT3G57290,266.0,95.0
AT4G02980,1.0,0.0
AT3G61140,217.0,90.0
AT4G28270,1.0,0.0
AT4G14110,116.0,55.0
AT4G03520,4.0,5.0
AT4G31160,59.0,40.0
AT5G15090,128.0,65.0
AT5G14250,113.0,55.0
AT4G04330,25.0,25.0
AT5G27640,239.0,90.0
AT4G04450,217.0,75.0
AT5G42970,160.0,65.0
AT4G04490,6.0,10.0
AT5G56280,217.0,85.0
AT4G11890,2.0,0.0
AT1G02140,217.0,85.0
AT4G34090,217.0,80.0
AT1G51510,87.0,55.0
AT4G04890,1.0,0.0
AT3G19760,75.0,50.0
AT4G21750,1.0,0.0
AT3G24140,297.0,95.0
AT4G16440,10.0,15.0
AT4G39680,217.0,90.0
AT4G34890,217.0,80.0
AT5G11170,217.0,85.0
AT4G35910,10.0,15.0
AT5G11200,217.0,85.0
AT5G09830,10.0,15.0
AT1G02280,14.0,20.0
AT5G11870,10.0,15.0
AT1G06950,67.0,45.0
AT5G18400,128.0,60.0
AT4G02510,128.0,65.0
AT5G46570,10.0,15.0
AT4G35450,217.0,85.0
AT4G04980,40.0,35.0
AT1G02340,43.0,35.0
AT4G14560,4.0,5.0
AT2G20180,96.0,55.0
AT4G08350,63.0,45.0
AT2G32950,219.0,90.0
AT4G08520,217.0,80.0
AT2G37678,36.0,30.0
AT4G17750,126.0,60.0
AT3G59060,27.0,25.0
AT4G18770,73.0,50.0
AT4G25560,15.0,20.0
AT4G25530,217.0,85.0
AT5G02200,15.0,20.0
AT4G28370,73.0,50.0
AT5G11260,54.0,40.0
AT4G33520,109.0,55.0
AT1G02450,3.0,5.0
AT4G34030,73.0,50.0
AT1G64280,13.0,20.0
AT4G35640,96.0,55.0
AT1G02500,141.0,65.0
AT4G35650,96.0,55.0
AT3G54170,334.0,95.0
AT4G37870,217.0,85.0
AT4G09000,337.0,95.0
AT5G03280,138.0,65.0
AT5G64740,230.0,90.0
AT5G05700,73.0,50.0
AT1G02510,217.0,75.0
AT5G07280,126.0,60.0
AT1G02560,217.0,85.0
AT5G10180,73.0,50.0
AT1G66670,16.0,20.0
AT5G14050,73.0,50.0
AT3G11630,289.0,95.0
AT5G14870,73.0,50.0
AT4G05420,249.0,90.0
AT5G15960,128.0,65.0
AT4G21100,258.0,90.0
AT5G16570,217.0,85.0
AT4G25370,41.0,35.0
AT5G22640,73.0,50.0
AT5G45390,44.0,35.0
AT5G25510,126.0,60.0
AT1G02580,27.0,25.0
AT5G39410,73.0,50.0
AT3G20740,40.0,35.0
AT5G43330,111.0,55.0
AT5G49160,17.0,25.0
AT5G43610,73.0,50.0
AT5G58230,268.0,95.0
AT5G44210,217.0,85.0
AT1G02690,34.0,30.0
AT5G56740,96.0,55.0
AT1G52380,229.0,90.0
AT5G67250,126.0,60.0
AT5G16850,294.0,95.0
AT4G09340,29.0,30.0
AT1G02740,39.0,35.0
AT4G09550,3.0,5.0
AT1G18450,300.0,95.0
AT5G05620,2.0,0.0
AT2G47210,159.0,65.0
AT4G10250,217.0,75.0
AT5G15840,128.0,65.0
AT4G10920,3.0,5.0
AT1G02780,324.0,95.0
AT5G09240,2.0,0.0
AT1G04270,314.0,95.0
AT5G09250,2.0,0.0
AT1G07770,324.0,95.0
AT4G10970,31.0,30.0
AT1G08360,320.0,95.0
AT4G11010,217.0,75.0
AT1G09590,324.0,95.0
AT4G11220,6.0,10.0
AT1G14320,324.0,95.0
AT4G11660,128.0,60.0
AT1G22780,324.0,95.0
AT4G11860,128.0,60.0
AT1G26880,311.0,95.0
AT5G02530,26.0,25.0
AT1G26910,324.0,95.0
AT4G12460,29.0,30.0
AT1G33140,322.0,95.0
AT4G12780,128.0,65.0
AT1G34030,324.0,95.0
AT4G13670,2.0,0.0
AT1G43170,330.0,95.0
AT4G13760,40.0,35.0
AT1G57660,324.0,95.0
AT4G13770,217.0,80.0
AT1G67430,324.0,95.0
AT4G13830,2.0,0.0
AT1G69620,310.0,95.0
AT4G13850,15.0,20.0
AT1G74050,324.0,95.0
AT4G24560,9.0,15.0
AT1G74060,324.0,95.0
AT4G30910,11.0,15.0
AT1G80670,333.0,95.0
AT4G14040,217.0,75.0
AT2G01250,324.0,95.0
AT4G14340,29.0,30.0
AT2G09990,324.0,95.0
AT5G54680,2.0,0.0
AT2G18020,328.0,95.0
AT4G14700,25.0,25.0
AT2G31610,324.0,95.0
AT4G32295,13.0,20.0
AT2G40590,324.0,95.0
AT4G15160,217.0,75.0
AT2G44120,324.0,95.0
AT4G15530,217.0,75.0
AT2G47610,324.0,95.0
AT4G15545,217.0,80.0
AT3G04840,324.0,95.0
AT4G16420,84.0,50.0
AT3G05560,324.0,95.0
AT4G16520,217.0,80.0
AT3G09500,319.0,95.0
AT4G16860,12.0,20.0
AT3G09630,324.0,95.0
AT4G17330,128.0,65.0
AT3G11510,320.0,95.0
AT4G17370,40.0,35.0
AT3G13580,324.0,95.0
AT4G17500,84.0,50.0
AT3G28900,310.0,95.0
AT4G17720,128.0,60.0
AT3G49010,324.0,95.0
AT4G17730,3.0,5.0
AT3G49910,328.0,95.0
AT5G16820,3.0,5.0
AT3G53870,324.0,95.0
AT4G17770,217.0,75.0
AT3G56340,324.0,95.0
AT5G57050,217.0,80.0
AT3G60245,315.0,95.0
AT4G18010,217.0,75.0
AT3G62870,324.0,95.0
AT4G18160,63.0,45.0
AT4G00100,324.0,95.0
AT4G20940,128.0,60.0
AT4G02195,193.0,70.0
AT4G22540,128.0,60.0
AT4G09800,324.0,95.0
AT4G24100,128.0,60.0
AT4G15000,326.0,95.0
AT4G26750,128.0,60.0
AT4G31700,323.0,95.0
AT4G27430,128.0,60.0
AT4G34670,324.0,95.0
AT4G31170,128.0,60.0
AT5G02450,324.0,95.0
AT4G32285,128.0,60.0
AT5G02870,325.0,95.0
AT4G33945,128.0,65.0
AT5G02960,321.0,95.0
AT4G35600,128.0,60.0
AT5G05760,238.0,90.0
AT4G35730,128.0,60.0
AT5G10360,321.0,95.0
AT4G38550,128.0,60.0
AT5G20290,324.0,95.0
AT5G03040,128.0,65.0
AT5G23740,324.0,95.0
AT5G04230,217.0,80.0
AT5G26980,196.0,70.0
AT5G05190,128.0,60.0
AT5G27850,325.0,95.0
AT5G05970,128.0,60.0
AT5G28060,324.0,95.0
AT5G07240,128.0,60.0
AT5G35530,324.0,95.0
AT5G09620,128.0,60.0
AT5G45410,316.0,95.0
AT5G09680,128.0,60.0
AT5G46860,249.0,90.0
AT5G10470,128.0,60.0
AT5G59850,324.0,95.0
AT5G11500,128.0,60.0
AT1G02840,217.0,80.0
AT5G12140,128.0,60.0
AT1G16610,217.0,80.0
AT5G12900,128.0,60.0
AT2G37340,217.0,80.0
AT5G13300,128.0,60.0
AT3G49430,217.0,80.0
AT5G16720,128.0,60.0
AT5G62600,217.0,80.0
AT5G18610,128.0,60.0
AT1G02970,24.0,25.0
AT5G21990,128.0,65.0
AT2G23350,217.0,80.0
AT5G22120,128.0,60.0
AT2G28380,4.0,10.0
AT5G24010,128.0,60.0
AT3G54650,27.0,25.0
AT5G28050,217.0,80.0
AT3G56860,63.0,45.0
AT5G37020,128.0,60.0
AT3G62930,4.0,10.0
AT5G43130,128.0,65.0
AT5G25060,62.0,45.0
AT5G43960,128.0,60.0
AT1G03060,12.0,20.0
AT5G49760,128.0,60.0
AT1G08370,13.0,20.0
AT5G52310,128.0,60.0
AT2G22490,118.0,55.0
AT5G52430,128.0,60.0
AT1G03130,63.0,45.0
AT5G53400,128.0,65.0
AT2G20260,51.0,40.0
AT5G54430,217.0,80.0
AT4G28750,217.0,85.0
AT5G57870,128.0,60.0
AT5G25260,201.0,70.0
AT5G58060,217.0,80.0
AT1G03190,52.0,40.0
AT5G59700,128.0,60.0
AT1G05055,4.0,10.0
AT5G62810,128.0,60.0
AT1G55750,12.0,20.0
AT5G64430,128.0,60.0
AT1G66750,126.0,60.0
AT5G64850,128.0,60.0
AT2G39130,4.0,10.0
AT5G66850,128.0,60.0
AT4G16143,279.0,95.0
AT4G18780,217.0,75.0
AT5G27620,131.0,65.0
AT4G18800,217.0,75.0
AT1G03330,12.0,20.0
AT4G19170,2.0,0.0
AT2G03870,13.0,20.0
AT5G17790,63.0,45.0
AT3G59810,13.0,20.0
AT4G19700,8.0,15.0
AT5G27720,31.0,30.0
AT4G20270,50.0,35.0
AT1G03350,128.0,60.0
AT4G35050,22.0,25.0
AT1G03360,100.0,55.0
AT5G53060,2.0,0.0
AT1G54440,89.0,55.0
AT4G22070,217.0,75.0
AT1G60080,102.0,55.0
AT4G22130,29.0,30.0
AT1G73720,94.0,55.0
AT4G22200,217.0,85.0
AT3G07750,215.0,70.0
AT4G22220,1.0,0.0
AT3G61620,106.0,55.0
AT5G06410,1.0,0.0
AT4G32175,106.0,55.0
AT4G22690,217.0,75.0
AT5G35910,59.0,40.0
AT4G23140,6.0,10.0
AT5G38890,100.0,55.0
AT4G23220,217.0,75.0
AT1G03445,50.0,40.0
AT4G23630,6.0,10.0
AT1G78300,329.0,95.0
AT4G23670,217.0,85.0
AT3G26940,6.0,10.0
AT4G23680,217.0,75.0
AT4G00710,190.0,70.0
AT4G23730,84.0,50.0
AT1G03600,29.0,30.0
AT4G23920,13.0,20.0
AT1G03630,217.0,85.0
AT4G24390,217.0,75.0
AT1G03680,217.0,75.0
AT4G24690,217.0,75.0
AT1G03740,128.0,60.0
AT4G24770,217.0,75.0
AT1G03760,40.0,35.0
AT4G24780,217.0,75.0
AT1G03860,12.0,20.0
AT4G24972,3.0,5.0
AT1G47260,110.0,55.0
AT4G24990,2.0,0.0
AT5G47120,134.0,65.0
AT5G41700,217.0,75.0
AT1G03910,15.0,20.0
AT4G31570,217.0,80.0
AT1G03960,52.0,40.0
AT4G36020,40.0,35.0
AT1G13320,228.0,90.0
AT5G02040,40.0,35.0
AT1G25490,252.0,90.0
AT5G06740,40.0,35.0
AT3G25800,240.0,90.0
AT5G14690,40.0,35.0
AT1G04050,3.0,5.0
AT5G15700,40.0,35.0
AT5G43990,54.0,40.0
AT5G16400,217.0,80.0
AT1G04170,162.0,65.0
AT5G17640,40.0,35.0
AT1G08560,192.0,70.0
AT5G22580,40.0,35.0
AT1G80410,217.0,90.0
AT5G35740,40.0,35.0
AT2G23070,217.0,85.0
AT5G48140,40.0,35.0
AT2G23080,217.0,85.0
AT5G64110,40.0,35.0
AT2G40290,183.0,70.0
AT5G65160,40.0,35.0
AT3G18140,286.0,95.0
AT4G25080,61.0,45.0
AT3G50000,217.0,85.0
AT4G25140,217.0,75.0
AT3G52400,244.0,90.0
AT4G25910,84.0,50.0
AT4G18040,32.0,30.0
AT4G27920,9.0,15.0
AT4G32720,37.0,35.0
AT4G30120,6.0,10.0
AT5G08080,255.0,90.0
AT4G26450,15.0,20.0
AT5G20920,197.0,70.0
AT4G26570,1.0,0.0
AT5G67380,217.0,85.0
AT4G34840,1.0,0.0
AT1G04240,4.0,10.0
AT4G26590,40.0,35.0
AT4G05320,47.0,35.0
AT4G39100,84.0,50.0
AT1G04250,84.0,50.0
AT5G10930,29.0,30.0
AT3G62980,33.0,30.0
AT5G38560,29.0,30.0
AT1G58983,318.0,95.0
AT5G41180,29.0,30.0
AT2G04390,277.0,95.0
AT5G47690,217.0,80.0
AT2G05220,267.0,95.0
AT5G49660,29.0,30.0
AT2G20450,298.0,95.0
AT5G66240,29.0,30.0
AT2G41840,323.0,95.0
AT4G26720,17.0,20.0
AT4G27090,304.0,95.0
AT5G05270,84.0,50.0
AT5G14320,269.0,95.0
AT5G08450,54.0,40.0
AT1G04310,5.0,10.0
AT5G08790,54.0,40.0
AT1G66340,92.0,55.0
AT5G13590,54.0,40.0
AT1G04360,217.0,85.0
AT5G13930,84.0,50.0
AT1G08720,63.0,45.0
AT5G23940,84.0,50.0
AT1G04400,81.0,50.0
AT5G39660,54.0,40.0
AT1G26260,7.0,15.0
AT5G43700,84.0,50.0
AT1G53090,53.0,40.0
AT5G47890,84.0,50.0
AT2G18790,253.0,90.0
AT5G51040,84.0,50.0
AT2G46340,130.0,65.0
AT5G60160,54.0,40.0
AT3G13670,27.0,25.0
AT5G60930,54.0,40.0
AT3G15354,60.0,45.0
AT4G27060,84.0,50.0
AT4G11110,60.0,45.0
AT4G27070,217.0,75.0
AT4G34530,7.0,15.0
AT4G27960,217.0,75.0
AT5G27910,17.0,25.0
AT5G23310,2.0,0.0
AT5G50470,21.0,25.0
AT4G28610,1.0,0.0
AT5G50490,21.0,25.0
AT5G20150,1.0,0.0
AT1G04410,217.0,85.0
AT4G28650,217.0,75.0
AT4G09320,217.0,85.0
AT4G28780,14.0,20.0
AT5G22220,39.0,35.0
AT5G15880,77.0,50.0
AT1G04430,217.0,80.0
AT5G37850,77.0,50.0
AT1G04480,284.0,95.0
AT4G29160,61.0,45.0
AT2G43460,199.0,70.0
AT4G29350,217.0,75.0
AT1G04550,4.0,10.0
AT4G29510,3.0,5.0
AT1G04650,59.0,40.0
AT4G29680,217.0,75.0
AT3G27120,2.0,5.0
AT4G29810,217.0,75.0
AT1G04690,217.0,80.0
AT4G30200,22.0,25.0
AT5G53000,247.0,90.0
AT4G30960,8.0,15.0
AT1G04750,128.0,65.0
AT4G31985,217.0,75.0
AT2G35190,128.0,65.0
AT4G32010,5.0,10.0
AT3G11820,264.0,95.0
AT4G32040,31.0,30.0
AT5G43980,237.0,90.0
AT5G01840,5.0,10.0
AT5G61210,128.0,65.0
AT5G54661,5.0,10.0
AT1G04870,84.0,50.0
AT4G32150,217.0,80.0
AT4G26840,332.0,95.0
AT5G20350,24.0,25.0
AT5G55170,335.0,95.0
AT4G32520,217.0,80.0
AT1G04950,217.0,90.0
AT5G62440,31.0,30.0
AT1G21700,214.0,70.0
AT4G32940,217.0,75.0
AT1G54140,225.0,90.0
AT4G33200,5.0,10.0
AT1G60620,301.0,95.0
AT4G33360,217.0,75.0
AT1G60850,302.0,95.0
AT5G20480,9.0,15.0
AT2G01710,35.0,30.0
AT5G03470,13.0,20.0
AT2G25170,216.0,70.0
AT4G34000,8.0,15.0
AT2G27470,196.0,70.0
AT4G34140,61.0,45.0
AT2G33610,256.0,90.0
AT4G34230,217.0,75.0
AT2G47620,266.0,95.0
AT5G56750,5.0,10.0
AT3G01890,282.0,95.0
AT4G35000,5.0,10.0
AT3G17590,201.0,70.0
AT4G35570,17.0,20.0
AT3G22320,256.0,90.0
AT4G36220,217.0,75.0
AT3G22990,281.0,95.0
AT4G36250,217.0,75.0
AT3G54610,47.0,35.0
AT5G42000,2.0,0.0
AT4G31720,33.0,30.0
AT4G37260,6.0,10.0
AT4G34430,217.0,90.0
AT5G08330,9.0,15.0
AT4G38130,217.0,85.0
AT4G37640,63.0,45.0
AT5G14170,292.0,95.0
AT4G37690,217.0,70.0
AT5G19310,157.0,65.0
AT5G48030,2.0,0.0
AT5G23880,123.0,60.0
AT4G38230,217.0,70.0
AT5G25150,107.0,55.0
AT4G38270,217.0,70.0
AT5G42920,234.0,90.0
AT4G38430,2.0,0.0
AT1G05000,9.0,15.0
AT5G42750,7.0,10.0
AT5G19620,13.0,20.0
AT5G58220,61.0,45.0
AT1G05190,217.0,90.0
AT5G51280,15.0,20.0
AT2G43030,217.0,90.0
AT5G24330,2.0,0.0
AT3G10650,222.0,90.0
AT4G39850,1.0,0.0
AT4G01310,272.0,95.0
AT5G27600,1.0,0.0
AT1G05200,50.0,40.0
AT5G01210,217.0,70.0
AT1G05500,167.0,65.0
AT5G01540,6.0,10.0
AT1G05510,217.0,75.0
AT5G01820,217.0,80.0
AT1G05730,1.0,0.0
AT5G02050,31.0,30.0
AT2G33410,1.0,0.0
AT5G09420,61.0,45.0
AT1G05805,128.0,65.0
AT5G18010,2.0,0.0
AT2G27970,209.0,70.0
AT5G04550,217.0,70.0
AT3G08850,295.0,95.0
AT5G05130,217.0,70.0
AT3G11520,37.0,35.0
AT5G06960,217.0,70.0
AT1G06040,217.0,80.0
AT5G07530,217.0,70.0
AT1G14920,84.0,55.0
AT5G08160,217.0,70.0
AT4G39070,27.0,25.0
AT5G10860,217.0,70.0
AT1G06070,17.0,25.0
AT5G11030,217.0,80.0
AT3G10525,47.0,35.0
AT5G11490,217.0,70.0
AT3G24810,81.0,50.0
AT5G13650,217.0,70.0
AT5G48820,125.0,60.0
AT5G18100,217.0,70.0
AT1G06110,17.0,25.0
AT5G19140,217.0,70.0
AT1G06290,217.0,75.0
AT5G20020,217.0,80.0
AT1G06400,217.0,75.0
AT5G20250,217.0,70.0
AT1G06530,1.0,0.0
AT5G20990,217.0,80.0
AT3G58840,1.0,0.0
AT5G24930,217.0,70.0
AT1G06680,6.0,10.0
AT5G29000,217.0,70.0
AT1G21250,8.0,15.0
AT5G38220,217.0,70.0
AT1G67700,62.0,45.0
AT5G38530,217.0,70.0
AT1G06700,217.0,90.0
AT5G38660,217.0,80.0
AT1G06790,101.0,55.0
AT5G40420,217.0,70.0
AT5G62950,3.0,5.0
AT5G41210,217.0,70.0
AT1G06840,128.0,60.0
AT5G41790,217.0,70.0
AT2G16640,8.0,15.0
AT5G42220,217.0,70.0
AT4G23430,8.0,15.0
AT5G43810,217.0,70.0
AT5G16620,30.0,30.0
AT5G44070,217.0,70.0
AT1G07000,2.0,5.0
AT5G44340,217.0,85.0
AT3G52450,57.0,40.0
AT5G45750,217.0,70.0
AT1G07130,31.0,30.0
AT5G46110,217.0,70.0
AT1G07140,9.0,15.0
AT5G48930,217.0,70.0
AT3G25230,128.0,65.0
AT5G52960,217.0,70.0
AT5G20010,217.0,85.0
AT5G54640,217.0,70.0
AT5G48570,5.0,10.0
AT5G55630,217.0,70.0
AT1G07310,61.0,45.0
AT5G58040,217.0,70.0
AT1G07360,34.0,30.0
AT5G58270,217.0,70.0
AT1G09770,135.0,65.0
AT5G58490,217.0,70.0
AT1G20960,256.0,90.0
AT5G59880,217.0,70.0
AT1G07370,217.0,90.0
AT5G62690,217.0,85.0
AT1G09210,180.0,70.0
AT5G62700,217.0,70.0
AT1G10430,217.0,90.0
AT5G65720,217.0,70.0
AT1G17720,217.0,90.0
AT5G03290,10.0,15.0
AT1G56340,188.0,70.0
AT5G64930,3.0,5.0
AT1G59830,217.0,90.0
AT5G04560,84.0,50.0
AT1G69960,217.0,90.0
AT5G51820,29.0,30.0
AT1G73230,236.0,90.0
AT5G17410,2.0,0.0
AT2G29570,217.0,90.0
AT5G07400,50.0,35.0
AT2G42500,217.0,90.0
AT5G07570,40.0,35.0
AT3G06720,261.0,90.0
AT5G08190,61.0,45.0
AT3G54960,152.0,65.0
AT5G08560,31.0,30.0
AT4G34400,13.0,20.0
AT5G09400,84.0,50.0
AT5G60640,217.0,90.0
AT5G10200,61.0,45.0
AT5G63190,147.0,65.0
AT5G10550,4.0,5.0
AT1G07400,5.0,10.0
AT5G11010,17.0,20.0
AT1G07480,40.0,35.0
AT5G49830,7.0,10.0
AT1G07500,37.0,35.0
AT5G58030,9.0,15.0
AT3G48750,270.0,95.0
AT5G59730,7.0,10.0
AT1G07530,128.0,60.0
AT5G19320,5.0,10.0
AT1G07570,84.0,50.0
AT5G12860,40.0,35.0
AT1G07590,40.0,35.0
AT5G12920,4.0,5.0
AT1G07650,40.0,35.0
AT5G12980,31.0,30.0
AT1G07660,143.0,65.0
AT5G16440,40.0,35.0
AT1G09200,43.0,35.0
AT5G17290,84.0,50.0
AT1G13370,43.0,35.0
AT5G44030,2.0,0.0
AT4G40030,43.0,35.0
AT5G17600,63.0,45.0
AT4G40040,43.0,35.0
AT5G17690,25.0,25.0
AT5G09860,283.0,95.0
AT5G19780,17.0,20.0
AT5G10400,43.0,35.0
AT5G67610,2.0,0.0
AT5G10980,43.0,35.0
AT5G47910,2.0,0.0
AT5G65360,217.0,80.0
AT5G22360,17.0,20.0
AT2G20140,324.0,95.0
AT5G23730,6.0,10.0
AT2G20580,324.0,95.0
AT5G25610,63.0,45.0
AT3G56150,276.0,95.0
AT5G25752,,
AT4G25740,259.0,90.0
AT5G28020,4.0,5.0
AT5G19990,309.0,95.0
AT5G62090,13.0,20.0
AT5G25757,257.0,90.0
AT5G33320,40.0,35.0
AT5G41520,263.0,95.0
AT5G35620,6.0,10.0
AT5G52650,263.0,90.0
AT5G39670,8.0,15.0
AT5G56670,232.0,90.0
AT5G38970,84.0,50.0
AT5G58290,327.0,95.0
AT5G41370,84.0,50.0
AT1G07810,63.0,45.0
AT5G57160,84.0,50.0
AT1G07890,217.0,90.0
AT5G57940,105.0,55.0
AT1G07940,217.0,75.0
AT5G66790,84.0,50.0
AT1G07980,84.0,55.0
AT5G40100,40.0,35.0
AT2G29540,196.0,70.0
AT5G40160,61.0,45.0
AT1G08070,40.0,35.0
AT5G50320,5.0,10.0
AT1G08200,3.0,5.0
AT5G60980,15.0,20.0
AT1G21750,40.0,35.0
AT5G44790,63.0,45.0
AT1G08290,6.0,10.0
AT5G45260,2.0,0.0
AT3G10730,13.0,20.0
AT5G45290,40.0,35.0
AT5G04990,7.0,15.0
AT5G47590,40.0,35.0
AT2G37190,307.0,95.0
AT5G62790,40.0,35.0
AT3G08530,274.0,95.0
AT5G64940,40.0,35.0
AT3G11130,278.0,95.0
AT5G45900,1.0,0.0
AT3G18740,313.0,95.0
AT5G61500,1.0,0.0
AT4G18100,312.0,95.0
AT5G66470,50.0,35.0
AT4G26910,224.0,90.0
AT5G50480,5.0,10.0
AT5G46430,310.0,95.0
AT5G63470,5.0,10.0
AT5G55070,250.0,90.0
AT5G48630,3.0,5.0
AT5G67630,305.0,95.0
AT5G49230,1.0,0.0
AT1G26110,128.0,60.0
AT5G63870,1.0,0.0
AT3G13300,217.0,85.0
AT5G50150,61.0,45.0
AT5G13570,13.0,20.0
AT5G52250,6.0,10.0
AT1G08420,217.0,80.0
AT5G52860,63.0,45.0
AT1G08460,2.0,5.0
AT5G53140,61.0,45.0
AT2G46040,7.0,15.0
AT5G54390,63.0,45.0
AT1G08480,18.0,25.0
AT5G55100,61.0,45.0
AT1G22840,13.0,20.0
AT5G60390,61.0,45.0
AT2G15620,217.0,85.0
AT5G62190,61.0,45.0
AT3G52200,142.0,65.0
AT5G63530,61.0,45.0
AT1G12360,217.0,80.0
AT5G66750,3.0,5.0
AT2G33120,137.0,65.0
AT5G60100,4.0,5.0
AT3G09740,207.0,70.0
AT5G65950,17.0,20.0
AT4G18060,193.0,70.0
AT5G66030,,
AT4G24190,247.0,90.0
AT1G05385,8.0,15.0
AT4G32070,217.0,85.0
ATCG00020,137.0,65.0
AT4G32760,128.0,65.0
ATCG00270,120.0,55.0
AT4G34050,67.0,45.0
ATCG00280,177.0,70.0
AT5G13530,30.0,30.0
ATCG00350,150.0,65.0
AT1G08780,56.0,40.0
ATCG00120,217.0,80.0
AT1G29990,40.0,35.0
ATCG00470,217.0,85.0
AT2G07340,56.0,40.0
ATCG00480,217.0,85.0
AT2G30110,217.0,90.0
ATCG00720,17.0,20.0
AT5G23290,56.0,40.0
ATCG00730,62.0,45.0
AT5G49510,56.0,40.0
AT3G17930,2.0,0.0
AT1G08800,128.0,60.0
ATCG00780,40.0,35.0
AT5G20490,217.0,85.0
ATCG00800,97.0,55.0
AT1G08820,128.0,60.0
ATCG00810,7.0,10.0
AT1G08830,217.0,75.0
ATMG01190,40.0,35.0
AT1G08970,20.0,25.0
AT2G01570,168.0,70.0
AT5G47640,88.0,55.0
AT1G09000,1.0,0.0
AT1G18370,1.0,0.0
AT1G09020,217.0,80.0
AT5G21170,8.0,15.0
AT1G09030,217.0,75.0
AT1G09060,99.0,55.0
AT1G25260,114.0,55.0
AT1G32380,217.0,90.0
AT2G35390,206.0,70.0
AT2G44530,210.0,70.0
AT5G54260,158.0,65.0
AT1G09070,128.0,65.0
AT1G64060,6.0,10.0
AT1G09080,2.0,5.0
AT3G10800,17.0,25.0
AT1G09100,310.0,95.0
AT1G16470,300.0,95.0
AT1G20200,305.0,95.0
AT1G29150,300.0,95.0
AT1G45000,303.0,95.0
AT1G47250,300.0,95.0
AT1G56450,300.0,95.0
AT1G64520,308.0,95.0
AT1G75990,305.0,95.0
AT1G76540,65.0,45.0
AT2G05840,300.0,95.0
AT2G21390,294.0,95.0
AT2G27020,300.0,95.0
AT3G14290,300.0,95.0
AT3G26340,287.0,95.0
AT3G27430,291.0,95.0
AT3G51260,300.0,95.0
AT3G60820,300.0,95.0
AT4G29130,142.0,65.0
AT4G31300,300.0,95.0
AT4G34450,300.0,95.0
AT4G38630,263.0,90.0
AT5G02470,90.0,55.0
AT5G14960,51.0,40.0
AT5G40580,291.0,95.0
AT5G45620,306.0,95.0
AT5G66140,300.0,95.0
AT1G09140,8.0,15.0
AT1G09180,217.0,75.0
AT2G28740,177.0,70.0
AT3G46320,139.0,65.0
AT3G53730,139.0,65.0
AT5G59970,139.0,65.0
AT5G48300,217.0,80.0
AT1G09270,217.0,85.0
AT1G49620,117.0,55.0
AT1G09330,5.0,10.0
AT1G09630,2.0,5.0
AT1G28490,39.0,35.0
AT1G09340,86.0,55.0
AT1G10522,4.0,10.0
AT2G16365,128.0,65.0
AT2G25930,186.0,70.0
AT3G51800,102.0,55.0
AT4G37930,217.0,85.0
AT1G09530,144.0,65.0
AT1G09570,133.0,65.0
AT2G34640,71.0,45.0
AT3G18520,26.0,25.0
AT4G10180,92.0,55.0
AT4G16250,59.0,40.0
AT5G35840,58.0,40.0
AT1G52240,24.0,25.0
AT2G37680,10.0,15.0
AT2G40080,130.0,65.0
AT2G42810,45.0,35.0
AT2G46370,26.0,25.0
AT3G22170,21.0,25.0
AT5G37055,39.0,35.0
AT5G63310,217.0,80.0
AT1G70600,153.0,65.0
AT2G34480,278.0,95.0
AT2G36620,273.0,95.0
AT3G06850,74.0,50.0
AT3G07110,274.0,95.0
AT3G08580,243.0,90.0
AT3G23390,217.0,85.0
AT3G24830,273.0,95.0
AT3G53020,278.0,95.0
AT2G27100,217.0,85.0
AT4G21670,4.0,10.0
AT1G09760,90.0,55.0
AT1G67580,60.0,45.0
AT2G30260,82.0,50.0
AT5G20160,16.0,20.0
AT1G09840,217.0,75.0
AT1G09960,2.0,5.0
AT5G53560,115.0,55.0
AT1G09970,4.0,10.0
AT3G61430,217.0,90.0
AT1G10180,3.0,5.0
AT3G60600,83.0,50.0
AT1G10200,217.0,80.0
AT1G10290,207.0,70.0
AT1G14830,217.0,90.0
AT1G59610,212.0,70.0
AT2G38650,53.0,40.0
AT3G61130,53.0,40.0
AT5G42080,217.0,90.0
AT5G44560,241.0,90.0
AT1G10350,54.0,40.0
AT3G58500,217.0,90.0
AT4G33950,217.0,90.0
AT1G10470,20.0,25.0
AT3G21510,9.0,15.0
AT1G10480,84.0,50.0
AT1G10520,13.0,20.0
AT5G52640,228.0,90.0
AT1G10690,119.0,55.0
AT2G27960,202.0,70.0
AT4G37630,112.0,55.0
AT5G65420,70.0,45.0
AT1G10760,217.0,85.0
AT1G10790,29.0,30.0
AT4G26630,299.0,95.0
AT1G10820,1.0,0.0
AT5G58900,1.0,0.0
AT1G10840,217.0,90.0
AT1G66070,101.0,55.0
AT2G32710,140.0,65.0
AT2G46280,217.0,90.0
AT3G11400,140.0,65.0
AT4G11420,233.0,90.0
AT5G03415,44.0,35.0
AT5G22330,291.0,95.0
AT1G10940,217.0,75.0
AT1G11130,6.0,10.0
AT1G18260,12.0,20.0
AT5G35080,12.0,20.0
AT1G11260,182.0,70.0
AT1G11310,128.0,60.0
AT1G11330,128.0,60.0
AT1G11430,217.0,80.0
AT1G32580,18.0,25.0
AT2G33430,26.0,25.0
AT3G15000,74.0,50.0
AT1G11480,128.0,60.0
AT1G11650,146.0,65.0
AT1G24510,300.0,95.0
AT1G49760,34.0,30.0
AT1G78570,167.0,70.0
AT2G42600,217.0,85.0
AT3G02530,280.0,95.0
AT3G03960,300.0,95.0
AT3G18190,295.0,95.0
AT3G27925,48.0,35.0
AT4G15560,20.0,25.0
AT4G37910,9.0,15.0
AT4G39960,31.0,30.0
AT5G44200,22.0,25.0
AT5G46290,35.0,30.0
AT1G11850,29.0,30.0
AT1G11910,217.0,75.0
AT1G11950,217.0,75.0
AT1G12000,217.0,80.0
AT1G20950,217.0,80.0
AT1G22300,293.0,95.0
AT1G12110,2.0,5.0
AT2G17290,167.0,70.0
AT1G12200,217.0,85.0
AT1G12220,40.0,35.0
AT5G13160,50.0,40.0
AT1G12230,17.0,25.0
AT2G21270,128.0,65.0
AT2G44350,62.0,45.0
AT3G53580,217.0,80.0
AT4G38930,8.0,15.0
AT1G12270,128.0,65.0
AT1G17745,75.0,50.0
AT1G24360,58.0,40.0
AT2G43710,57.0,40.0
AT3G11710,217.0,85.0
AT3G62120,88.0,55.0
AT3G62310,217.0,80.0
AT4G34200,217.0,85.0
AT1G12310,128.0,60.0
AT1G71820,113.0,55.0
AT1G12410,8.0,15.0
AT1G49970,68.0,45.0
AT1G12440,63.0,45.0
AT1G12480,13.0,20.0
AT4G04740,2.0,5.0
AT1G12840,217.0,90.0
AT5G35410,128.0,65.0
AT1G12860,6.0,10.0
AT1G19180,24.0,25.0
AT1G48500,6.0,10.0
AT1G12900,217.0,85.0
AT1G32060,217.0,85.0
AT3G14980,218.0,90.0
AT1G12910,23.0,25.0
AT1G12920,217.0,80.0
AT2G04520,97.0,55.0
AT5G35680,31.0,30.0
AT1G12980,6.0,10.0
AT1G30490,7.0,15.0
AT5G08130,33.0,30.0
AT1G13020,128.0,60.0
AT1G13120,57.0,40.0
AT1G75340,110.0,55.0
AT3G53110,40.0,35.0
AT1G13180,2.0,5.0
AT4G14147,7.0,15.0
AT1G13260,20.0,25.0
AT3G50500,128.0,65.0
AT5G66880,128.0,65.0
AT1G50370,217.0,90.0
AT1G75080,223.0,90.0
AT2G19480,171.0,70.0
AT3G19980,172.0,70.0
AT4G26110,164.0,65.0
AT5G28900,52.0,40.0
AT5G44090,52.0,40.0
AT5G56950,155.0,65.0
AT1G13440,217.0,90.0
AT3G04120,217.0,85.0
AT4G04950,150.0,65.0
AT4G13520,70.0,45.0
AT1G13460,18.0,25.0
AT1G13570,57.0,40.0
AT1G13690,133.0,65.0
AT2G15400,285.0,95.0
AT2G15430,294.0,95.0
AT1G13930,128.0,60.0
AT1G13980,1.0,0.0
AT2G29960,1.0,0.0
AT1G14000,3.0,5.0
AT2G01950,116.0,55.0
AT1G14030,32.0,30.0
AT1G14280,128.0,60.0
AT3G45780,128.0,65.0
AT5G58140,128.0,65.0
AT5G05800,36.0,30.0
AT5G16000,36.0,30.0
AT1G14410,31.0,30.0
AT1G14510,217.0,80.0
AT4G29170,5.0,10.0
AT5G20510,15.0,20.0
AT1G14620,10.0,15.0
AT3G50630,170.0,70.0
AT1G14640,217.0,80.0
AT2G32600,104.0,55.0
AT5G06160,176.0,70.0
AT1G14730,167.0,65.0
AT1G14740,2.0,5.0
AT3G07780,7.0,15.0
AT1G14870,182.0,70.0
AT1G45249,6.0,10.0
AT1G49720,12.0,20.0
AT2G36270,169.0,70.0
AT3G05120,54.0,40.0
AT3G16770,6.0,10.0
AT3G24650,15.0,20.0
AT3G44460,6.0,10.0
AT5G59980,9.0,15.0
AT1G14960,217.0,75.0
AT1G15130,217.0,80.0
AT4G16144,2.0,5.0
AT1G15200,62.0,45.0
AT1G15215,51.0,40.0
AT3G42670,28.0,30.0
AT4G11130,3.0,5.0
AT1G15290,128.0,60.0
AT1G57720,217.0,90.0
AT1G61870,16.0,20.0
AT3G54180,118.0,55.0
AT1G15690,217.0,80.0
AT1G15730,32.0,30.0
AT1G15750,129.0,65.0
AT1G19350,128.0,65.0
AT2G46790,217.0,80.0
AT3G11260,128.0,65.0
AT3G24150,57.0,40.0
AT4G32570,128.0,65.0
AT5G02810,217.0,80.0
AT5G24470,29.0,30.0
AT5G63110,217.0,85.0
AT1G15810,5.0,10.0
AT3G18240,5.0,10.0
AT4G34620,68.0,45.0
AT1G15820,19.0,25.0
AT1G44575,39.0,35.0
AT2G41680,220.0,90.0
AT1G15910,2.0,5.0
AT3G48670,3.0,5.0
AT1G15930,77.0,50.0
AT1G16000,5.0,10.0
AT1G16030,217.0,85.0
AT1G47200,88.0,55.0
AT5G43070,88.0,55.0
AT1G16240,24.0,25.0
AT5G39510,84.0,55.0
AT1G16330,10.0,15.0
AT3G62240,16.0,20.0
AT1G55490,254.0,90.0
AT1G77440,263.0,95.0
AT2G28000,251.0,90.0
AT2G33210,287.0,95.0
AT3G05530,311.0,95.0
AT3G09840,300.0,95.0
AT3G11830,275.0,95.0
AT3G13470,248.0,90.0
AT3G20050,296.0,95.0
AT3G23990,291.0,95.0
AT5G16070,271.0,95.0
AT5G20890,265.0,95.0
AT5G56500,251.0,90.0
AT1G16530,84.0,50.0
AT1G23860,217.0,85.0
AT1G55310,4.0,10.0
AT1G16790,25.0,25.0
AT1G33810,2.0,5.0
AT5G66680,217.0,90.0
AT1G16860,128.0,60.0
AT1G16970,70.0,45.0
AT1G48050,102.0,55.0
AT1G17050,2.0,5.0
AT5G09820,3.0,5.0
AT1G17110,217.0,75.0
AT1G17140,217.0,80.0
AT2G33460,6.0,10.0
AT1G17260,217.0,90.0
AT1G17420,29.0,30.0
AT1G17550,9.0,15.0
AT4G18620,17.0,25.0
AT5G53160,217.0,85.0
AT1G17590,217.0,75.0
AT1G17615,2.0,5.0
AT5G58430,31.0,30.0
AT1G17650,2.0,5.0
AT2G40490,8.0,15.0
AT1G17730,15.0,20.0
AT1G48850,39.0,35.0
AT1G62740,132.0,65.0
AT2G01140,39.0,35.0
AT4G12400,50.0,40.0
AT4G18440,57.0,40.0
AT5G04140,217.0,85.0
AT1G17760,61.0,45.0
AT1G17840,16.0,20.0
AT1G31770,2.0,5.0
AT4G27420,2.0,5.0
AT1G17860,40.0,35.0
AT4G28440,2.0,5.0
AT1G17980,62.0,45.0
AT1G18040,21.0,25.0
AT1G23190,217.0,90.0
AT4G28980,21.0,25.0
AT1G18080,140.0,65.0
AT1G48410,217.0,85.0
AT2G43790,38.0,35.0
AT3G21220,23.0,25.0
AT3G45640,217.0,80.0
AT4G08500,16.0,20.0
AT4G34460,166.0,65.0
AT1G18150,217.0,80.0
AT1G18160,128.0,60.0
AT4G39400,217.0,85.0
AT1G18330,217.0,75.0
AT1G65650,30.0,30.0
AT1G79020,33.0,30.0
AT2G28290,128.0,65.0
AT2G46020,58.0,40.0
AT3G01780,222.0,90.0
AT3G03460,211.0,70.0
AT3G12380,28.0,30.0
AT3G12810,78.0,50.0
AT4G04920,124.0,60.0
AT4G06634,29.0,30.0
AT4G25630,291.0,95.0
AT5G16310,30.0,30.0
AT5G17510,214.0,70.0
AT5G28640,194.0,70.0
AT5G45600,66.0,45.0
AT5G52470,290.0,95.0
AT5G64610,33.0,30.0
AT1G18500,217.0,80.0
AT1G18660,66.0,45.0
AT1G18800,62.0,45.0
AT1G19100,2.0,5.0
AT4G36290,6.0,10.0
AT2G28550,4.0,10.0
AT3G20770,17.0,25.0
AT3G26744,217.0,85.0
AT5G60120,4.0,10.0
AT1G19270,8.0,15.0
AT1G69690,16.0,20.0
AT3G47620,25.0,25.0
AT1G71030,6.0,10.0
AT2G42620,27.0,25.0
AT3G23980,128.0,65.0
AT3G28910,217.0,80.0
AT5G17800,12.0,20.0
AT5G56030,246.0,90.0
AT1G19520,6.0,10.0
AT1G20610,82.0,50.0
AT1G19570,217.0,75.0
AT1G19750,34.0,30.0
AT1G27840,34.0,30.0
AT5G46210,181.0,70.0
AT1G19800,1.0,0.0
AT3G20320,1.0,0.0
AT1G19835,128.0,65.0
AT1G19850,28.0,30.0
AT3G15540,78.0,50.0
AT1G19860,61.0,45.0
AT1G20010,217.0,90.0
AT1G20020,57.0,40.0
AT1G20090,5.0,10.0
AT4G16340,125.0,60.0
AT1G20110,128.0,65.0
AT3G12400,128.0,60.0
AT3G61710,63.0,45.0
AT4G19690,217.0,80.0
AT5G13860,4.0,10.0
AT3G63460,217.0,90.0
AT5G07340,227.0,90.0
AT5G24670,58.0,40.0
AT1G20220,31.0,30.0
AT1G20260,217.0,90.0
AT3G58730,85.0,55.0
AT1G20330,63.0,45.0
AT1G20340,77.0,50.0
AT1G20450,128.0,60.0
AT1G20540,4.0,10.0
AT1G43700,27.0,25.0
AT5G07300,7.0,15.0
AT5G13330,5.0,10.0
AT1G20620,217.0,85.0
AT3G54360,14.0,20.0
AT4G20380,50.0,40.0
AT5G19450,5.0,10.0
AT1G20630,50.0,40.0
AT1G20640,217.0,75.0
AT1G20700,73.0,50.0
AT1G20840,63.0,45.0
AT1G20850,2.0,5.0
AT2G43120,5.0,10.0
AT1G20870,25.0,25.0
AT1G54840,25.0,25.0
AT5G59380,24.0,25.0
AT5G59800,25.0,25.0
AT1G20920,84.0,50.0
AT1G20930,57.0,40.0
AT1G51650,63.0,45.0
AT4G37490,9.0,15.0
AT5G06150,65.0,45.0
AT5G21274,60.0,45.0
AT5G37780,98.0,55.0
AT4G31180,39.0,35.0
AT1G77180,128.0,65.0
AT3G06400,211.0,70.0
AT5G18620,208.0,70.0
AT5G26710,217.0,90.0
AT5G41770,29.0,30.0
AT1G20970,21.0,25.0
AT2G05520,7.0,15.0
AT5G19280,57.0,40.0
AT1G21270,14.0,20.0
AT1G21400,40.0,35.0
AT1G21410,27.0,25.0
AT1G75950,163.0,65.0
AT4G02570,217.0,90.0
AT1G21560,84.0,50.0
AT1G21690,2.0,5.0
AT1G63160,9.0,15.0
AT1G54360,217.0,90.0
AT3G03450,87.0,55.0
AT5G17490,27.0,25.0
AT2G27860,217.0,80.0
AT3G28270,3.0,5.0
AT3G54660,58.0,40.0
AT1G21780,6.0,10.0
AT1G26830,76.0,50.0
AT1G21980,84.0,55.0
AT1G70490,4.0,10.0
AT3G23000,4.0,10.0
AT4G35950,4.0,10.0
AT5G56600,4.0,5.0
AT5G64070,4.0,5.0
AT1G22150,109.0,55.0
AT1G22280,19.0,25.0
AT3G26470,2.0,5.0
AT5G54590,14.0,20.0
AT1G24020,27.0,25.0
AT1G26570,47.0,35.0
AT1G29910,184.0,70.0
AT1G35160,217.0,90.0
AT1G35580,217.0,85.0
AT1G41880,120.0,55.0
AT1G47220,195.0,70.0
AT1G56070,189.0,70.0
AT1G61520,235.0,90.0
AT1G65930,217.0,90.0
AT1G75780,217.0,85.0
AT2G24270,27.0,25.0
AT2G36580,217.0,90.0
AT2G47750,27.0,25.0
AT3G02360,217.0,90.0
AT3G09440,217.0,90.0
AT3G16050,81.0,50.0
AT3G25860,165.0,65.0
AT4G24280,204.0,70.0
AT4G27160,217.0,80.0
AT4G39260,217.0,80.0
AT5G10450,217.0,90.0
AT5G17920,217.0,90.0
AT5G24780,91.0,55.0
AT5G35360,217.0,85.0
AT5G42020,198.0,70.0
AT5G61060,79.0,50.0
AT5G67360,81.0,50.0
AT1G22440,167.0,65.0
AT1G22700,40.0,35.0
AT1G22710,128.0,60.0
AT1G22760,19.0,25.0
AT2G42790,217.0,85.0
AT3G58740,47.0,35.0
AT3G58750,217.0,85.0
AT1G22770,217.0,85.0
AT1G68050,217.0,85.0
AT5G24270,5.0,10.0
AT5G57360,74.0,50.0
AT5G62430,5.0,10.0
AT1G47420,23.0,25.0
AT3G17240,3.0,5.0
AT5G62575,15.0,20.0
AT3G13550,122.0,60.0
AT1G22970,217.0,75.0
AT1G23080,128.0,65.0
AT1G63940,217.0,85.0
AT3G55440,76.0,50.0
AT4G14880,217.0,85.0
AT5G11520,217.0,80.0
AT5G13840,132.0,65.0
AT5G14780,217.0,80.0
AT5G20720,217.0,85.0
AT1G23290,145.0,65.0
AT1G23490,217.0,80.0
AT1G29330,2.0,5.0
AT2G37550,128.0,60.0
AT1G23820,16.0,20.0
AT1G70310,16.0,20.0
AT5G53120,6.0,10.0
AT2G24590,71.0,45.0
AT3G13570,14.0,20.0
AT4G02840,203.0,70.0
AT4G31580,71.0,45.0
AT1G23900,217.0,85.0
AT1G60780,217.0,85.0
AT4G11380,217.0,90.0
AT1G23980,40.0,35.0
AT1G24050,128.0,60.0
AT1G24190,2.0,5.0
AT3G20310,3.0,5.0
AT1G24260,84.0,50.0
AT1G69120,103.0,55.0
AT2G32700,128.0,65.0
AT3G48430,21.0,25.0
AT3G54340,39.0,35.0
AT4G18960,217.0,85.0
AT5G20240,105.0,55.0
AT5G44800,42.0,35.0
AT1G24280,50.0,40.0
AT1G24310,61.0,45.0
AT2G45000,72.0,45.0
AT4G37130,61.0,45.0
AT1G30580,41.0,35.0
AT2G33150,217.0,90.0
AT2G47470,73.0,50.0
AT1G29260,166.0,65.0
AT1G24590,6.0,10.0
AT2G40360,46.0,35.0
AT5G15550,24.0,25.0
AT1G25280,73.0,50.0
AT1G25310,7.0,15.0
AT5G57090,40.0,35.0
AT1G25540,28.0,30.0
AT1G32640,108.0,55.0
AT3G15210,7.0,15.0
AT5G10140,5.0,10.0
AT5G46760,23.0,25.0
AT5G63610,31.0,30.0
AT1G26460,17.0,25.0
AT4G35850,17.0,25.0
AT1G26480,163.0,65.0
AT1G26630,189.0,70.0
AT2G01830,8.0,15.0
AT3G25980,100.0,55.0
AT1G26670,64.0,45.0
AT1G77140,24.0,25.0
AT3G54320,7.0,15.0
AT5G20570,50.0,40.0
AT5G64330,128.0,65.0
AT5G67385,128.0,60.0
AT1G26850,17.0,25.0
AT1G26960,20.0,25.0
AT1G27020,217.0,75.0
AT1G27030,217.0,75.0
AT1G27070,217.0,80.0
AT1G27100,217.0,80.0
AT1G27190,9.0,15.0
AT4G33430,185.0,70.0
AT1G27310,5.0,10.0
AT1G27450,57.0,40.0
AT1G27630,8.0,15.0
AT5G10270,20.0,25.0
AT5G64960,81.0,50.0
AT1G27650,217.0,75.0
AT1G27970,217.0,80.0
AT1G28120,105.0,55.0
AT1G28200,2.0,5.0
AT1G28420,29.0,30.0
AT1G28480,73.0,50.0
AT4G35100,217.0,90.0
AT4G31490,221.0,90.0
AT1G29170,128.0,60.0
AT3G46060,7.0,15.0
AT4G18430,7.0,15.0
AT5G56290,128.0,60.0
AT1G29400,128.0,65.0
AT1G29670,61.0,45.0
AT1G29880,217.0,80.0
AT1G29900,217.0,80.0
AT3G22960,22.0,25.0
AT3G27740,217.0,80.0
AT5G02150,15.0,20.0
AT1G31330,204.0,70.0
AT3G47470,217.0,90.0
AT1G29920,73.0,50.0
AT3G44880,14.0,20.0
AT4G13250,14.0,20.0
AT4G22920,10.0,15.0
AT4G37000,14.0,20.0
AT5G04900,14.0,20.0
AT5G13800,23.0,25.0
AT1G29930,85.0,55.0
AT1G30070,128.0,65.0
AT1G30210,2.0,5.0
AT5G13060,6.0,10.0
AT1G30230,11.0,20.0
AT5G19510,26.0,25.0
AT1G30270,3.0,5.0
AT4G17615,3.0,5.0
AT5G47100,2.0,5.0
AT1G30320,128.0,60.0
AT1G30330,83.0,50.0
AT2G43010,86.0,55.0
AT1G30360,182.0,70.0
AT3G25070,128.0,65.0
AT1G30380,217.0,85.0
AT1G30400,4.0,5.0
AT3G21640,19.0,25.0
AT1G30440,217.0,75.0
AT1G30460,,
AT1G30480,84.0,50.0
AT1G30530,217.0,85.0
AT1G30690,182.0,70.0
AT1G30860,9.0,15.0
AT1G30950,64.0,45.0
AT5G61850,9.0,15.0
AT1G30970,8.0,15.0
AT3G19590,77.0,50.0
AT4G02560,217.0,85.0
AT1G31230,217.0,80.0
AT1G31280,217.0,75.0
AT1G55670,120.0,55.0
AT2G05070,217.0,85.0
AT2G05100,217.0,85.0
AT2G34420,90.0,55.0
AT2G34430,60.0,45.0
AT3G27690,217.0,85.0
AT4G12800,119.0,55.0
AT4G14713,60.0,45.0
AT5G01530,217.0,90.0
AT5G13450,81.0,50.0
AT5G19760,148.0,65.0
AT1G31340,13.0,20.0
AT1G31420,1.0,0.0
AT2G35620,1.0,0.0
AT1G31440,128.0,65.0
AT1G31760,16.0,20.0
AT4G11920,110.0,55.0
AT1G31780,12.0,20.0
AT1G67930,31.0,30.0
AT4G01400,14.0,20.0
AT4G24840,31.0,30.0
AT1G42970,94.0,55.0
AT3G26650,217.0,85.0
AT3G55800,217.0,85.0
AT1G32100,5.0,10.0
AT2G37000,5.0,10.0
AT1G32350,2.0,5.0
AT4G15415,3.0,5.0
AT1G32360,62.0,45.0
AT2G40650,154.0,65.0
AT4G20440,156.0,65.0
AT5G27120,205.0,70.0
AT5G44500,174.0,70.0
AT1G32440,16.0,20.0
AT1G32530,217.0,75.0
AT4G20020,18.0,25.0
AT1G71020,7.0,15.0
AT3G22380,128.0,65.0
AT4G17880,23.0,25.0
AT5G13220,31.0,30.0
AT5G20900,42.0,35.0
AT1G32900,50.0,40.0
AT1G32990,217.0,85.0
AT1G33040,23.0,25.0
AT3G12390,141.0,65.0
AT1G33050,128.0,60.0
AT1G34170,217.0,75.0
AT1G34430,19.0,25.0
AT1G34470,50.0,40.0
AT1G34760,163.0,65.0
AT5G56000,236.0,90.0
AT5G56010,226.0,90.0
AT1G35460,84.0,50.0
AT1G35520,84.0,50.0
AT3G09920,3.0,5.0
AT1G35670,217.0,80.0
AT2G31500,2.0,5.0
AT1G35720,16.0,20.0
AT2G38750,217.0,90.0
AT1G37130,217.0,80.0
AT1G42560,29.0,30.0
AT1G43790,2.0,5.0
AT5G17420,6.0,10.0
AT1G43850,217.0,85.0
AT1G44000,14.0,20.0
AT1G44110,28.0,30.0
AT2G36010,85.0,55.0
AT1G45170,3.0,5.0
AT5G05000,14.0,20.0
AT1G45474,15.0,20.0
AT1G46480,217.0,80.0
AT4G36710,2.0,5.0
AT1G47128,217.0,85.0
AT1G47710,5.0,10.0
AT1G72290,5.0,10.0
AT3G12580,200.0,70.0
AT5G02490,217.0,90.0
AT5G02500,242.0,90.0
AT5G11390,59.0,40.0
AT5G28540,217.0,90.0
AT1G53310,217.0,85.0
AT1G59750,16.0,20.0
AT1G75750,11.0,20.0
AT1G78380,82.0,50.0
AT2G05710,82.0,50.0
AT3G01280,11.0,20.0
AT4G34870,180.0,70.0
AT4G38740,127.0,60.0
AT5G19440,217.0,80.0
AT5G28290,11.0,20.0
AT1G69530,14.0,20.0
AT3G16980,178.0,70.0
AT4G14310,86.0,55.0
AT4G25550,101.0,55.0
AT4G28230,100.0,55.0
AT1G79010,88.0,55.0
AT2G20530,40.0,35.0
AT3G27240,68.0,45.0
AT3G28710,217.0,90.0
AT3G28715,217.0,90.0
AT3G48680,217.0,85.0
AT4G21150,213.0,70.0
AT4G27585,62.0,45.0
AT4G32470,54.0,40.0
AT5G63510,120.0,60.0
AT1G47290,3.0,5.0
AT5G67500,217.0,85.0
AT1G47380,3.0,5.0
AT2G40060,182.0,70.0
AT5G49910,187.0,70.0
AT1G47550,7.0,15.0
AT5G11040,64.0,45.0
AT1G47830,66.0,45.0
AT5G22770,81.0,50.0
AT1G47870,17.0,20.0
AT1G77000,16.0,20.0
AT3G12280,45.0,35.0
AT5G17330,73.0,50.0
AT1G48175,4.0,5.0
AT1G48210,95.0,55.0
AT1G48270,3.0,5.0
AT2G26300,13.0,20.0
AT2G32560,5.0,10.0
AT2G33730,111.0,55.0
AT2G45980,5.0,10.0
AT4G00355,5.0,10.0
AT4G25500,217.0,85.0
AT5G52040,115.0,55.0
AT1G48420,217.0,75.0
AT1G48480,167.0,65.0
AT1G48520,2.0,5.0
AT3G25660,3.0,5.0
AT1G48560,7.0,15.0
AT2G19520,104.0,55.0
AT1G48630,217.0,80.0
AT1G48830,141.0,65.0
AT2G19940,11.0,15.0
AT1G48900,217.0,75.0
AT1G48920,87.0,55.0
AT4G35260,217.0,85.0
AT1G49240,217.0,85.0
AT1G49480,1.0,0.0
AT4G34390,1.0,0.0
AT4G03270,59.0,40.0
AT5G10440,103.0,55.0
AT1G49670,23.0,25.0
AT4G14720,59.0,40.0
AT1G49820,217.0,80.0
AT4G03200,217.0,80.0
AT1G50010,217.0,80.0
AT1G50030,56.0,40.0
AT1G50250,109.0,55.0
AT2G30950,7.0,15.0
AT3G07370,34.0,30.0
AT1G50320,57.0,40.0
AT3G45190,128.0,65.0
AT5G63980,217.0,85.0
AT1G50410,3.0,5.0
AT1G50420,14.0,20.0
AT1G50430,73.0,50.0
AT1G50460,73.0,50.0
AT1G50500,128.0,60.0
AT4G02030,3.0,5.0
AT1G50600,4.0,5.0
AT1G50670,128.0,60.0
AT1G50740,40.0,35.0
AT1G51070,2.0,5.0
AT4G14410,3.0,5.0
AT1G51090,61.0,45.0
AT1G51100,57.0,40.0
AT1G74880,2.0,5.0
AT1G51460,29.0,30.0
AT1G51500,14.0,20.0
AT3G13920,217.0,90.0
AT1G51560,217.0,75.0
AT1G51590,1.0,0.0
AT4G38240,1.0,0.0
AT1G51600,31.0,30.0
AT1G51660,29.0,30.0
AT1G51690,217.0,80.0
AT1G51710,217.0,80.0
AT1G51800,182.0,70.0
AT1G51950,73.0,50.0
AT1G51980,217.0,85.0
AT3G02090,217.0,80.0
AT1G52040,217.0,80.0
AT3G12630,16.0,20.0
AT1G52230,84.0,50.0
AT1G52360,40.0,35.0
AT4G22910,136.0,65.0
AT1G79930,217.0,90.0
AT2G19900,17.0,20.0
AT2G25730,52.0,40.0
AT2G38300,68.0,45.0
AT3G01050,59.0,40.0
AT3G20250,217.0,85.0
AT3G24240,17.0,20.0
AT3G63490,173.0,70.0
AT4G02150,48.0,35.0
AT4G05520,17.0,20.0
AT4G20360,217.0,85.0
AT5G03740,33.0,30.0
AT5G04640,59.0,40.0
AT5G25980,217.0,85.0
AT5G47560,17.0,20.0
AT5G55180,48.0,35.0
AT1G52400,217.0,80.0
AT1G52410,9.0,15.0
AT1G52510,32.0,30.0
AT1G52600,73.0,50.0
AT1G52740,3.0,5.0
AT1G52760,8.0,15.0
AT1G52920,3.0,5.0
AT5G63860,69.0,45.0
AT1G53230,2.0,5.0
AT1G65620,11.0,15.0
AT5G54960,217.0,85.0
AT1G53320,84.0,50.0
AT1G53430,128.0,60.0
AT1G53440,128.0,60.0
AT1G53720,22.0,25.0
AT4G35800,217.0,90.0
AT1G53900,28.0,30.0
AT1G54000,5.0,10.0
AT1G54030,5.0,10.0
AT1G70520,5.0,10.0
AT1G54010,58.0,40.0
AT1G54040,3.0,5.0
AT4G23810,19.0,25.0
AT1G61150,59.0,40.0
AT1G79730,98.0,55.0
AT3G23325,176.0,70.0
AT4G14342,176.0,70.0
AT5G05680,67.0,45.0
AT5G50230,14.0,20.0
AT5G61150,25.0,25.0
AT1G54170,128.0,60.0
AT1G54320,182.0,70.0
AT1G54370,217.0,75.0
AT1G54410,217.0,80.0
AT1G54490,128.0,60.0
AT1G54610,12.0,20.0
AT3G43810,98.0,55.0
AT1G54820,40.0,35.0
AT1G54830,5.0,10.0
AT2G36490,63.0,45.0
AT1G55150,84.0,50.0
AT1G55300,54.0,40.0
AT1G55350,29.0,30.0
AT1G55460,1.0,0.0
AT5G18830,1.0,0.0
AT1G55540,128.0,60.0
AT1G55610,9.0,15.0
AT3G54890,119.0,55.0
AT4G10340,159.0,65.0
AT4G11960,47.0,35.0
AT4G22890,47.0,35.0
AT1G55890,24.0,25.0
AT5G43080,69.0,45.0
AT1G56220,128.0,60.0
AT1G56330,217.0,80.0
AT1G56580,84.0,50.0
AT1G56650,26.0,25.0
AT2G18110,11.0,15.0
AT1G58100,5.0,10.0
AT4G37460,40.0,35.0
AT1G58230,40.0,35.0
AT1G58270,217.0,75.0
AT2G21580,217.0,90.0
AT4G39200,217.0,90.0
AT1G59580,217.0,75.0
AT1G59620,40.0,35.0
AT2G24490,8.0,15.0
AT1G59870,217.0,90.0
AT1G59900,141.0,65.0
AT5G50850,15.0,20.0
AT1G59990,12.0,20.0
AT1G65440,100.0,55.0
AT1G60160,217.0,75.0
AT1G60220,20.0,25.0
AT1G60420,113.0,55.0
AT2G18510,112.0,55.0
AT2G34970,245.0,90.0
AT2G40030,161.0,65.0
AT3G07300,217.0,90.0
AT3G13860,176.0,70.0
AT3G52090,176.0,70.0
AT3G59600,175.0,70.0
AT4G14660,133.0,65.0
AT4G29830,100.0,55.0
AT5G38640,231.0,90.0
AT1G60650,7.0,15.0
AT3G18990,5.0,10.0
AT4G27690,63.0,45.0
AT5G53530,8.0,15.0
AT1G60940,217.0,75.0
AT1G60950,84.0,55.0
AT1G61010,30.0,30.0
AT2G01730,27.0,25.0
AT3G04680,30.0,30.0
AT5G13480,99.0,55.0
AT5G51660,99.0,55.0
AT4G37880,30.0,30.0
AT1G61170,84.0,50.0
AT1G61210,32.0,30.0
AT1G61250,182.0,70.0
AT3G61470,64.0,45.0
AT4G02770,217.0,85.0
AT5G13430,217.0,80.0
AT5G13440,217.0,80.0
AT1G61560,217.0,75.0
AT1G61690,217.0,85.0
AT1G61730,29.0,30.0
AT5G04470,37.0,35.0
AT1G61980,29.0,30.0
AT1G62180,57.0,40.0
AT1G62300,93.0,55.0
AT1G62360,22.0,25.0
AT1G62380,217.0,75.0
AT1G62780,217.0,85.0
AT1G62830,1.0,0.0
AT5G04340,1.0,0.0
AT1G62960,111.0,55.0
AT1G63000,217.0,75.0
AT1G77470,2.0,5.0
AT5G46280,84.0,50.0
AT1G63700,128.0,60.0
AT1G63850,128.0,60.0
AT1G70730,89.0,55.0
AT1G79550,217.0,80.0
AT3G12780,217.0,85.0
AT1G63970,217.0,75.0
AT1G64040,7.0,15.0
AT2G31305,34.0,30.0
AT5G48870,14.0,20.0
AT5G21326,11.0,15.0
AT1G64230,217.0,75.0
AT2G30360,10.0,15.0
AT5G06950,217.0,80.0
AT1G64330,54.0,40.0
AT1G64750,7.0,15.0
AT4G00020,11.0,15.0
AT5G01630,11.0,15.0
AT1G64770,61.0,45.0
AT1G64780,217.0,90.0
AT1G64990,3.0,5.0
AT1G65010,128.0,60.0
AT1G65030,22.0,25.0
AT1G65090,217.0,75.0
AT1G65260,3.0,5.0
AT2G28800,9.0,15.0
AT1G65310,1.0,0.0
AT3G44990,1.0,0.0
AT1G65360,57.0,40.0
AT1G65380,7.0,15.0
AT1G75820,57.0,40.0
AT5G13290,7.0,15.0
AT2G07690,36.0,30.0
AT1G65480,1.0,0.0
AT4G35900,1.0,0.0
AT2G23380,97.0,55.0
AT2G26590,128.0,60.0
AT1G65740,10.0,15.0
AT1G65820,182.0,70.0
AT4G16760,217.0,80.0
AT1G65980,40.0,35.0
AT1G66150,105.0,55.0
AT1G66200,217.0,85.0
AT1G66260,62.0,45.0
AT2G26070,5.0,10.0
AT2G40940,11.0,15.0
AT3G04580,8.0,15.0
AT3G23150,11.0,20.0
AT5G03730,11.0,20.0
AT1G66350,18.0,25.0
AT5G57710,62.0,45.0
AT1G66390,26.0,25.0
AT1G66410,2.0,5.0
AT5G43940,217.0,80.0
AT3G21140,217.0,80.0
AT4G38900,75.0,50.0
AT1G67090,148.0,65.0
AT1G67230,13.0,20.0
AT1G67320,217.0,75.0
AT3G04710,6.0,10.0
AT4G30220,16.0,20.0
AT1G67720,29.0,30.0
AT1G67730,167.0,70.0
AT2G16280,21.0,25.0
AT3G54010,63.0,45.0
AT3G55360,37.0,35.0
AT4G24510,217.0,80.0
AT5G10480,24.0,25.0
AT5G11980,31.0,30.0
AT2G18915,217.0,80.0
AT5G35630,217.0,85.0
AT5G42190,139.0,65.0
AT5G61380,47.0,35.0
AT1G68060,128.0,60.0
AT1G68360,29.0,30.0
AT1G68520,105.0,55.0
AT1G68680,40.0,35.0
AT1G68810,29.0,30.0
AT1G68840,1.0,0.0
AT3G25990,1.0,0.0
AT1G68850,41.0,35.0
AT2G01770,8.0,15.0
AT2G35940,8.0,15.0
AT5G02030,17.0,20.0
AT5G25220,31.0,30.0
AT5G60910,8.0,15.0
AT5G62000,30.0,30.0
AT1G69200,53.0,40.0
AT3G06730,62.0,45.0
AT4G20130,106.0,55.0
AT1G69490,2.0,5.0
AT4G14550,63.0,45.0
AT2G39830,8.0,15.0
AT3G57750,11.0,15.0
AT4G36860,8.0,15.0
AT1G69740,217.0,80.0
AT1G69770,29.0,30.0
AT1G69830,61.0,45.0
AT1G69840,37.0,30.0
AT4G26090,142.0,65.0
AT2G03440,128.0,65.0
AT1G70300,63.0,45.0
AT1G70320,217.0,85.0
AT1G70410,217.0,75.0
AT1G70440,40.0,35.0
AT1G70700,12.0,20.0
AT2G39940,50.0,40.0
AT3G17860,9.0,15.0
AT1G70750,128.0,60.0
AT1G70810,217.0,75.0
AT1G70940,128.0,60.0
AT2G39770,217.0,80.0
AT5G15850,111.0,55.0
AT1G71270,2.0,0.0
AT1G71770,217.0,80.0
AT1G71830,71.0,45.0
AT2G33500,4.0,5.0
AT5G13790,4.0,5.0
AT1G71840,217.0,75.0
AT1G71880,128.0,60.0
AT1G72010,128.0,60.0
AT1G72150,182.0,70.0
AT1G72160,217.0,90.0
AT1G72340,28.0,30.0
AT1G72370,217.0,90.0
AT1G72390,44.0,35.0
AT1G72430,3.0,5.0
AT1G72450,15.0,20.0
AT1G72530,10.0,15.0
AT1G72630,14.0,20.0
AT1G72710,128.0,60.0
AT1G72730,217.0,80.0
AT1G72750,5.0,10.0
AT2G42210,2.0,0.0
AT1G72770,45.0,35.0
AT4G17870,217.0,80.0
AT5G05440,12.0,20.0
AT1G72900,10.0,15.0
AT1G72930,40.0,35.0
AT1G73000,,
AT1G73030,15.0,20.0
AT1G73080,3.0,5.0
AT2G39660,20.0,25.0
AT1G73100,84.0,50.0
AT4G14840,9.0,15.0
AT1G73180,128.0,60.0
AT3G21830,113.0,55.0
AT3G21840,113.0,55.0
AT3G21850,113.0,55.0
AT3G21860,113.0,55.0
AT3G49470,95.0,55.0
AT3G53060,113.0,55.0
AT3G60010,113.0,55.0
AT3G60020,113.0,55.0
AT4G10480,128.0,65.0
AT4G34210,113.0,55.0
AT4G34470,113.0,55.0
AT1G73590,24.0,25.0
AT2G36910,105.0,55.0
AT2G39840,7.0,10.0
AT1G73660,128.0,60.0
AT1G73690,9.0,15.0
AT3G49240,36.0,30.0
AT1G73960,2.0,0.0
AT5G63670,16.0,20.0
AT1G74350,40.0,35.0
AT1G74380,5.0,10.0
AT2G03220,6.0,10.0
AT4G02500,5.0,10.0
AT1G74470,2.0,0.0
AT4G36810,3.0,5.0
AT1G74490,20.0,25.0
AT1G74500,1.0,0.0
AT3G05800,1.0,0.0
AT1G74560,62.0,45.0
AT1G74740,19.0,25.0
AT3G51920,111.0,55.0
AT1G74890,217.0,75.0
AT1G74910,217.0,75.0
AT1G74940,217.0,75.0
AT1G74950,5.0,10.0
AT1G74970,217.0,90.0
AT1G75060,1.0,0.0
AT3G57390,1.0,0.0
AT2G28080,18.0,25.0
AT2G30980,18.0,25.0
AT3G05840,18.0,25.0
AT3G09880,23.0,25.0
AT3G12490,18.0,25.0
AT3G14420,217.0,85.0
AT3G26020,18.0,25.0
AT3G61160,18.0,25.0
AT4G01370,217.0,85.0
AT4G32250,18.0,25.0
AT5G13120,73.0,50.0
AT5G20830,217.0,80.0
AT5G43470,217.0,80.0
AT1G75100,128.0,60.0
AT2G21660,18.0,25.0
AT1G75330,217.0,80.0
AT1G79280,57.0,40.0
AT2G30050,217.0,85.0
AT2G39810,110.0,55.0
AT3G14120,99.0,55.0
AT3G56900,57.0,40.0
AT5G51200,57.0,40.0
AT1G75490,84.0,50.0
AT1G75540,10.0,15.0
AT3G21150,2.0,0.0
AT3G02130,7.0,10.0
AT3G49670,4.0,5.0
AT5G65700,7.0,10.0
AT1G75840,111.0,55.0
AT1G75850,7.0,10.0
AT2G34690,2.0,0.0
AT1G80440,16.0,20.0
AT5G14620,40.0,35.0
AT5G35770,27.0,25.0
AT3G08730,133.0,65.0
AT1G76030,217.0,90.0
AT1G76080,57.0,40.0
AT1G76180,128.0,60.0
AT1G76260,48.0,35.0
AT2G19430,133.0,65.0
AT1G76420,2.0,0.0
AT1G76850,128.0,60.0
AT1G77080,2.0,0.0
AT2G22540,3.0,5.0
AT1G77210,84.0,50.0
AT1G77300,29.0,30.0
AT1G77760,73.0,50.0
AT1G78000,182.0,70.0
AT1G78290,13.0,20.0
AT1G80840,128.0,65.0
AT2G18170,50.0,40.0
AT2G22240,50.0,40.0
AT2G29100,217.0,80.0
AT2G32400,50.0,40.0
AT2G40470,50.0,40.0
AT2G42590,50.0,40.0
AT2G42830,217.0,80.0
AT2G45790,57.0,40.0
AT3G06530,50.0,40.0
AT3G16650,50.0,40.0
AT3G58040,50.0,40.0
AT3G59220,50.0,40.0
AT3G59760,50.0,40.0
AT4G00650,50.0,40.0
AT4G02020,59.0,40.0
AT4G02060,51.0,40.0
AT4G02680,50.0,40.0
AT4G03080,128.0,65.0
AT4G04910,217.0,90.0
AT4G11280,113.0,55.0
AT4G11850,182.0,70.0
AT4G12020,50.0,40.0
AT4G14960,217.0,85.0
AT4G26200,50.0,40.0
AT4G30935,50.0,40.0
AT4G31800,50.0,40.0
AT4G33510,88.0,55.0
AT4G35090,50.0,40.0
AT4G37770,50.0,40.0
AT4G39800,50.0,40.0
AT4G39980,217.0,85.0
AT5G03940,73.0,50.0
AT5G04870,50.0,40.0
AT5G09810,50.0,40.0
AT5G23430,50.0,40.0
AT5G23860,217.0,85.0
AT5G27100,75.0,50.0
AT5G33280,50.0,40.0
AT5G35790,217.0,80.0
AT5G37500,50.0,40.0
AT5G52830,50.0,40.0
AT5G57380,50.0,40.0
AT5G58550,217.0,85.0
AT5G65800,50.0,40.0
AT5G66280,131.0,65.0
AT1G78310,1.0,0.0
AT5G46350,1.0,0.0
AT1G78340,57.0,40.0
AT1G78370,217.0,85.0
AT1G78510,3.0,5.0
AT1G78630,217.0,90.0
AT1G78860,40.0,35.0
AT1G78920,63.0,45.0
AT1G78970,29.0,30.0
AT1G79000,142.0,65.0
AT2G05620,6.0,10.0
AT2G33220,31.0,30.0
AT4G34700,6.0,10.0
AT1G79040,66.0,45.0
AT1G79380,11.0,15.0
AT4G32690,128.0,60.0
AT5G63970,2.0,0.0
AT1G79570,128.0,60.0
AT1G79610,217.0,75.0
AT1G79650,12.0,20.0
AT1G79750,217.0,75.0
AT1G79830,29.0,30.0
AT1G79850,71.0,45.0
AT2G04030,217.0,90.0
AT4G29730,21.0,25.0
AT1G79940,217.0,75.0
AT1G80030,217.0,80.0
AT1G80210,2.0,0.0
AT5G42470,3.0,5.0
AT1G80270,217.0,75.0
AT1G80350,2.0,0.0
AT5G13780,217.0,80.0
AT2G25180,84.0,50.0
AT3G16857,217.0,80.0
AT1G80490,217.0,80.0
AT1G80560,18.0,25.0
AT3G02860,7.0,10.0
AT5G63570,217.0,85.0
AT2G17520,57.0,40.0
AT2G24090,80.0,50.0
AT2G30790,57.0,40.0
AT2G38540,57.0,40.0
AT3G01500,217.0,85.0
AT3G05670,90.0,55.0
AT3G12110,57.0,40.0
AT3G14415,90.0,55.0
AT3G16200,57.0,40.0
AT3G20820,217.0,85.0
AT3G52150,60.0,45.0
AT3G60750,217.0,85.0
AT3G62030,217.0,85.0
AT3G63410,217.0,85.0
AT4G04320,57.0,40.0
AT4G05180,217.0,85.0
AT4G20890,217.0,90.0
AT4G24750,91.0,55.0
AT4G30370,57.0,40.0
AT4G32260,57.0,40.0
AT4G38970,217.0,85.0
AT4G39690,57.0,40.0
AT5G12370,134.0,65.0
AT5G15920,60.0,45.0
AT5G23750,57.0,40.0
AT5G24230,57.0,40.0
AT5G26000,217.0,85.0
AT5G26742,126.0,60.0
AT5G38430,57.0,40.0
AT5G48380,134.0,65.0
AT5G48650,57.0,40.0
AT5G65410,57.0,40.0
AT5G66190,57.0,40.0
AT1G80720,31.0,30.0
AT5G13630,45.0,35.0
AT2G26080,217.0,80.0
AT2G01180,142.0,65.0
AT2G01210,10.0,15.0
AT2G01290,84.0,50.0
AT2G01350,61.0,45.0
AT2G01420,128.0,60.0
AT2G01430,,
AT2G01530,217.0,90.0
AT2G45160,11.0,15.0
AT3G63010,13.0,20.0
AT4G24210,27.0,25.0
AT5G48170,20.0,25.0
AT5G55160,10.0,15.0
AT2G05900,7.0,10.0
AT2G42580,3.0,5.0
AT2G02090,31.0,30.0
AT2G02170,128.0,60.0
AT2G02470,6.0,10.0
AT5G44280,2.0,0.0
AT2G02480,128.0,60.0
AT2G02560,217.0,80.0
AT5G40460,113.0,55.0
AT2G02950,10.0,15.0
AT2G03070,217.0,80.0
AT2G43410,3.0,5.0
AT3G21350,8.0,15.0
AT2G03120,73.0,50.0
AT2G03150,128.0,60.0
AT3G06590,2.0,0.0
AT2G20370,6.0,10.0
AT2G03340,54.0,40.0
AT2G03680,1.0,0.0
AT5G62500,1.0,0.0
AT2G03760,217.0,75.0
AT2G03780,1.0,0.0
AT2G37020,1.0,0.0
AT2G03890,3.0,5.0
AT3G07040,73.0,50.0
AT4G23570,71.0,45.0
AT5G51700,28.0,30.0
AT5G61780,191.0,70.0
AT2G04550,217.0,75.0
AT2G04630,17.0,20.0
AT2G04660,105.0,55.0
AT2G18290,105.0,55.0
AT2G20000,89.0,55.0
AT2G39090,88.0,55.0
AT2G42260,66.0,45.0
AT3G05870,15.0,20.0
AT3G16320,32.0,30.0
AT3G48150,88.0,55.0
AT3G57860,79.0,50.0
AT4G33270,86.0,55.0
AT2G04790,41.0,35.0
AT2G05210,31.0,30.0
AT3G57150,39.0,35.0
AT2G05310,40.0,35.0
AT2G44650,29.0,30.0
AT3G03780,81.0,50.0
AT3G60210,14.0,20.0
AT4G31990,217.0,85.0
AT5G14200,18.0,25.0
AT5G41670,40.0,35.0
AT2G05940,6.0,10.0
AT2G06160,40.0,35.0
AT2G06510,2.0,0.0
AT2G06530,15.0,20.0
AT2G06850,217.0,85.0
AT2G40550,54.0,40.0
AT3G10690,217.0,85.0
AT2G07698,217.0,75.0
AT3G61110,131.0,65.0
AT2G10940,40.0,35.0
AT2G13360,217.0,75.0
AT2G13370,50.0,40.0
AT2G13540,24.0,25.0
AT2G13560,29.0,30.0
AT2G14120,25.0,25.0
AT2G14510,20.0,25.0
AT2G14830,40.0,35.0
AT2G14835,128.0,60.0
AT3G17310,83.0,50.0
AT3G28730,83.0,50.0
AT5G09920,93.0,55.0
AT3G05690,26.0,25.0
AT3G49250,34.0,30.0
AT5G05410,25.0,25.0
AT5G58003,31.0,30.0
AT3G46640,30.0,30.0
AT4G18130,50.0,40.0
AT2G16370,45.0,35.0
AT2G16440,54.0,40.0
AT2G16600,167.0,65.0
AT2G16760,54.0,40.0
AT2G16850,217.0,75.0
AT2G16870,217.0,75.0
AT2G16900,29.0,30.0
AT2G16940,29.0,30.0
AT2G17150,61.0,45.0
AT2G17190,77.0,50.0
AT2G17200,15.0,20.0
AT2G17350,7.0,10.0
AT2G17390,217.0,80.0
AT2G17410,84.0,50.0
AT2G17670,29.0,30.0
AT2G17950,5.0,10.0
AT3G60630,10.0,15.0
AT2G18000,23.0,25.0
AT2G18380,217.0,75.0
AT2G18450,40.0,35.0
AT3G49180,40.0,35.0
AT4G21660,5.0,10.0
AT2G18710,40.0,35.0
AT2G18740,71.0,45.0
AT3G50670,217.0,80.0
AT2G18750,13.0,20.0
AT2G25620,20.0,25.0
AT2G26190,20.0,25.0
AT2G42400,20.0,25.0
AT2G46970,20.0,25.0
AT4G13940,217.0,85.0
AT5G15450,217.0,85.0
AT5G46240,20.0,25.0
AT5G61270,27.0,25.0
AT2G18960,217.0,90.0
AT4G35310,217.0,80.0
AT2G19190,73.0,50.0
AT2G42940,10.0,15.0
AT3G05430,7.0,10.0
AT3G48190,84.0,50.0
AT3G54760,7.0,10.0
AT2G19540,18.0,25.0
AT2G19730,217.0,90.0
AT4G37710,7.0,10.0
AT2G20190,128.0,60.0
AT3G46520,55.0,40.0
AT3G15180,110.0,55.0
AT2G20630,128.0,60.0
AT2G20760,182.0,70.0
AT2G20780,126.0,60.0
AT2G20890,5.0,10.0
AT2G20990,182.0,70.0
AT2G21050,217.0,75.0
AT2G21060,33.0,30.0
AT2G21160,182.0,70.0
AT2G46500,15.0,20.0
AT2G21330,217.0,80.0
AT2G21380,10.0,15.0
AT4G01900,86.0,55.0
AT2G21470,15.0,20.0
AT4G24940,3.0,5.0
AT5G15400,15.0,20.0
AT5G50580,3.0,5.0
AT5G50680,3.0,5.0
AT2G21620,217.0,75.0
AT2G21870,84.0,50.0
AT2G22125,217.0,90.0
AT2G22230,17.0,20.0
AT2G22360,84.0,50.0
AT2G22370,2.0,0.0
AT2G22430,105.0,55.0
AT2G22475,128.0,60.0
AT2G23430,34.0,30.0
AT3G05190,8.0,15.0
AT3G19150,70.0,45.0
AT2G22800,73.0,50.0
AT2G44680,35.0,30.0
AT3G60250,35.0,30.0
AT4G16845,40.0,35.0
AT5G51230,39.0,35.0
AT3G05420,2.0,0.0
AT2G23690,40.0,35.0
AT2G23770,95.0,55.0
AT2G23980,73.0,50.0
AT2G24170,15.0,20.0
AT2G24200,35.0,30.0
AT5G18170,29.0,30.0
AT5G53850,6.0,10.0
AT2G24420,217.0,75.0
AT5G60540,109.0,55.0
AT4G30330,62.0,45.0
AT2G24610,217.0,75.0
AT2G24720,84.0,50.0
AT2G24790,217.0,75.0
AT2G25000,2.0,0.0
AT2G25140,217.0,80.0
AT2G25625,1.0,0.0
AT5G66570,1.0,0.0
AT4G38960,14.0,20.0
AT5G06850,23.0,25.0
AT5G20630,217.0,80.0
AT5G59570,14.0,20.0
AT2G25980,182.0,70.0
AT2G26000,1.0,0.0
AT2G42160,1.0,0.0
AT4G33030,8.0,15.0
AT2G26230,29.0,30.0
AT2G26280,128.0,60.0
AT4G27630,3.0,5.0
AT2G26330,1.0,0.0
AT5G62230,1.0,0.0
AT2G26350,84.0,50.0
AT2G26400,217.0,75.0
AT2G26570,128.0,60.0
AT2G26650,111.0,55.0
AT4G33000,10.0,15.0
AT2G26920,128.0,65.0
AT2G26980,4.0,5.0
AT2G27030,10.0,15.0
AT2G27040,23.0,25.0
AT3G22680,23.0,25.0
AT5G04290,33.0,30.0
AT2G27050,61.0,45.0
AT2G27060,217.0,75.0
AT2G27110,217.0,75.0
AT2G27210,128.0,60.0
AT2G27450,40.0,35.0
AT2G27840,4.0,5.0
AT5G08630,2.0,0.0
AT5G22650,24.0,25.0
AT2G38620,55.0,40.0
AT2G39800,15.0,20.0
AT4G35620,111.0,55.0
AT5G58150,18.0,25.0
AT5G67260,81.0,50.0
AT3G50070,69.0,45.0
AT4G34160,48.0,35.0
AT2G28070,126.0,60.0
AT2G28190,57.0,40.0
AT2G28450,8.0,15.0
AT2G29680,217.0,80.0
AT2G33560,23.0,25.0
AT3G01460,29.0,30.0
AT2G45770,3.0,5.0
AT2G47450,3.0,5.0
AT2G28830,50.0,40.0
AT2G28900,2.0,0.0
AT5G54190,217.0,75.0
AT2G29190,128.0,60.0
AT2G29400,5.0,10.0
AT2G29530,1.0,0.0
AT5G50810,1.0,0.0
AT2G29550,217.0,85.0
AT2G46700,12.0,20.0
AT5G22750,126.0,60.0
AT2G29910,217.0,75.0
AT2G29980,29.0,30.0
AT2G30020,12.0,20.0
AT2G30060,5.0,10.0
AT5G16880,128.0,60.0
AT2G30120,2.0,0.0
AT5G61920,4.0,5.0
AT2G30250,84.0,50.0
AT2G30330,126.0,60.0
AT3G44110,217.0,85.0
AT5G55990,6.0,10.0
AT2G30390,217.0,80.0
AT2G30410,4.0,5.0
AT2G30470,25.0,25.0
AT2G30490,217.0,90.0
AT2G30520,138.0,65.0
AT2G30740,217.0,90.0
AT2G30990,128.0,60.0
AT2G31270,2.0,0.0
AT3G05580,5.0,10.0
AT3G46820,73.0,50.0
AT4G11240,7.0,10.0
AT5G27840,29.0,30.0
AT5G43380,5.0,10.0
AT5G59160,5.0,10.0
AT2G31320,5.0,10.0
AT2G31870,21.0,25.0
AT4G02390,5.0,10.0
AT2G31390,217.0,85.0
AT2G31440,217.0,75.0
AT2G31530,1.0,0.0
AT4G38490,1.0,0.0
AT2G31660,217.0,75.0
AT2G32080,31.0,30.0
AT2G32180,62.0,45.0
AT2G32240,182.0,70.0
AT2G32450,217.0,75.0
AT5G07310,51.0,40.0
AT5G11710,128.0,60.0
AT2G34150,84.0,50.0
AT2G36890,17.0,20.0
AT3G57870,58.0,40.0
AT4G08920,28.0,30.0
AT5G24630,17.0,20.0
AT5G60410,65.0,45.0
AT2G33250,40.0,35.0
AT2G35240,15.0,20.0
AT3G06790,15.0,20.0
AT2G33450,97.0,55.0
AT4G35020,2.0,0.0
AT2G33510,1.0,0.0
AT3G61150,1.0,0.0
AT2G33550,5.0,10.0
AT2G33580,3.0,5.0
AT3G21630,167.0,70.0
AT2G33600,84.0,50.0
AT4G00130,18.0,25.0
AT4G01260,18.0,25.0
AT4G25210,29.0,30.0
AT2G34140,63.0,45.0
AT2G34160,10.0,15.0
AT2G34250,217.0,75.0
AT2G34650,4.0,5.0
AT2G34680,128.0,60.0
AT5G65930,3.0,5.0
AT2G34720,63.0,45.0
AT2G35100,1.0,0.0
AT5G44930,1.0,0.0
AT2G35110,217.0,85.0
AT2G35635,13.0,20.0
AT2G35840,217.0,75.0
AT2G36170,10.0,15.0
AT2G36250,8.0,15.0
AT5G55280,63.0,45.0
AT2G41070,10.0,15.0
AT3G43440,10.0,15.0
AT4G16280,15.0,20.0
AT2G36400,13.0,20.0
AT2G36530,217.0,75.0
AT5G56350,217.0,85.0
AT2G36680,3.0,5.0
AT2G36740,9.0,15.0
AT2G36880,182.0,70.0
AT2G36990,1.0,0.0
AT5G67570,1.0,0.0
AT2G37040,217.0,80.0
AT2G37050,10.0,15.0
AT2G37170,182.0,70.0
AT2G37180,182.0,70.0
AT2G37250,5.0,10.0
AT3G01090,217.0,85.0
AT2G37360,167.0,65.0
AT2G37620,50.0,40.0
AT2G37630,217.0,80.0
AT2G37660,57.0,40.0
AT2G38170,1.0,0.0
AT3G51860,1.0,0.0
AT2G38230,217.0,85.0
AT5G17710,131.0,65.0
AT2G38280,25.0,25.0
AT2G38310,17.0,20.0
AT3G17980,21.0,25.0
AT5G37740,21.0,25.0
AT2G38400,126.0,60.0
AT2G38410,128.0,60.0
AT2G38440,2.0,0.0
AT2G38470,63.0,45.0
AT2G44745,217.0,80.0
AT3G18690,24.0,25.0
AT3G56710,3.0,5.0
AT2G38580,84.0,50.0
AT5G21160,4.0,5.0
AT3G19820,217.0,90.0
AT3G46740,46.0,35.0
AT5G49720,16.0,20.0
AT2G38760,182.0,70.0
AT2G38910,3.0,5.0
AT2G38940,75.0,50.0
AT5G43350,182.0,70.0
AT2G39010,182.0,70.0
AT2G39050,3.0,5.0
AT2G41475,2.0,0.0
AT5G62200,40.0,35.0
AT2G39480,128.0,60.0
AT5G46330,54.0,40.0
AT3G04610,5.0,10.0
AT4G28910,36.0,30.0
AT2G39960,167.0,70.0
AT5G27540,55.0,40.0
AT5G47700,42.0,35.0
AT5G51940,17.0,20.0
AT3G19390,39.0,35.0
AT2G40330,17.0,20.0
AT3G47370,217.0,90.0
AT5G62300,217.0,90.0
AT2G43970,57.0,40.0
AT2G44710,9.0,15.0
AT2G40840,61.0,45.0
AT2G40930,63.0,45.0
AT5G17990,217.0,80.0
AT2G41090,2.0,0.0
AT2G41100,128.0,65.0
AT2G41110,3.0,5.0
AT2G41140,128.0,60.0
AT2G41540,84.0,50.0
AT2G41630,217.0,75.0
AT3G15730,70.0,45.0
AT3G22890,217.0,80.0
AT3G52960,217.0,85.0
AT3G56490,217.0,80.0
AT4G18480,16.0,20.0
AT4G27440,58.0,40.0
AT5G14740,217.0,85.0
AT5G16710,58.0,40.0
AT5G38410,75.0,50.0
AT5G51110,16.0,20.0
AT5G54810,217.0,80.0
ATCG00340,121.0,60.0
ATCG00490,96.0,55.0
AT2G41900,128.0,65.0
AT2G42280,128.0,60.0
AT2G42360,73.0,50.0
AT2G42560,217.0,75.0
AT4G34110,23.0,25.0
AT2G42870,6.0,10.0
AT2G42910,217.0,75.0
AT2G43000,73.0,50.0
AT2G43130,217.0,75.0
AT2G43160,217.0,85.0
AT2G43610,40.0,35.0
AT2G43680,217.0,75.0
AT2G43750,217.0,80.0
AT5G56760,217.0,80.0
AT2G47060,217.0,85.0
AT4G18880,9.0,15.0
AT5G61600,5.0,10.0
AT5G67270,5.0,10.0
AT2G44060,217.0,75.0
AT2G44100,217.0,75.0
AT2G44190,21.0,25.0
AT2G44270,10.0,15.0
AT3G44600,5.0,10.0
AT2G44490,217.0,75.0
AT2G44670,29.0,30.0
AT2G44790,167.0,65.0
AT2G45140,149.0,65.0
AT2G45170,6.0,10.0
AT4G34660,8.0,15.0
AT2G45180,50.0,40.0
AT2G45440,217.0,75.0
AT2G45480,13.0,20.0
AT2G45510,40.0,35.0
AT2G45640,217.0,85.0
AT2G45660,4.0,5.0
AT2G45740,4.0,5.0
AT2G45820,170.0,70.0
AT2G45890,2.0,0.0
AT5G62880,12.0,20.0
AT3G01290,189.0,70.0
AT3G02420,111.0,55.0
AT3G02880,182.0,70.0
AT3G08680,111.0,55.0
AT3G09820,217.0,90.0
AT3G10380,217.0,90.0
AT3G10960,182.0,70.0
AT3G14350,111.0,55.0
AT3G14840,217.0,90.0
AT3G15950,217.0,85.0
AT3G17020,182.0,70.0
AT3G17390,217.0,90.0
AT3G17410,217.0,85.0
AT3G17440,179.0,70.0
AT3G17840,167.0,65.0
AT3G19930,217.0,90.0
AT3G23750,170.0,70.0
AT3G24550,217.0,90.0
AT3G28450,182.0,70.0
AT3G42050,217.0,90.0
AT3G46900,111.0,55.0
AT3G48990,217.0,85.0
AT3G51550,217.0,90.0
AT3G52920,170.0,70.0
AT3G54140,167.0,65.0
AT3G57530,167.0,70.0
AT3G60330,217.0,90.0
AT3G61260,182.0,70.0
AT3G63260,135.0,65.0
AT4G00430,217.0,90.0
AT4G00670,120.0,55.0
AT4G02350,111.0,55.0
AT4G03550,167.0,65.0
AT4G04720,170.0,70.0
AT4G08850,182.0,70.0
AT4G10840,217.0,90.0
AT4G12730,111.0,55.0
AT4G13510,182.0,70.0
AT4G13930,182.0,70.0
AT4G14160,167.0,65.0
AT4G17170,217.0,85.0
AT4G17280,167.0,70.0
AT4G20390,167.0,65.0
AT4G23400,182.0,70.0
AT4G23470,167.0,65.0
AT4G23650,217.0,90.0
AT4G24400,167.0,65.0
AT4G25240,167.0,65.0
AT4G27500,165.0,65.0
AT4G30190,217.0,90.0
AT4G31500,111.0,55.0
AT4G32410,167.0,70.0
AT4G35230,217.0,90.0
AT4G35470,182.0,70.0
AT4G35790,182.0,70.0
AT4G36750,167.0,65.0
AT5G03540,111.0,55.0
AT5G05010,217.0,90.0
AT5G05170,175.0,70.0
AT5G11670,182.0,70.0
AT5G16590,182.0,70.0
AT5G17770,217.0,85.0
AT5G19520,111.0,55.0
AT5G24710,201.0,70.0
AT5G26280,217.0,90.0
AT5G26340,152.0,65.0
AT5G41260,167.0,70.0
AT5G44550,167.0,65.0
AT5G47210,167.0,70.0
AT5G48230,217.0,85.0
AT5G51570,145.0,65.0
AT5G52240,182.0,70.0
AT5G53480,217.0,90.0
AT5G54160,217.0,90.0
AT5G55480,167.0,65.0
AT5G57110,167.0,65.0
AT5G62390,217.0,85.0
AT5G62740,167.0,70.0
AT4G08150,4.0,5.0
AT2G46130,8.0,15.0
AT2G46510,32.0,30.0
AT5G37600,109.0,55.0
AT2G46800,84.0,50.0
AT3G25250,3.0,5.0
AT2G47090,217.0,75.0
AT2G47110,67.0,45.0
AT3G33520,9.0,15.0
AT4G37280,9.0,15.0
AT5G09740,9.0,15.0
AT2G47430,29.0,30.0
AT2G47710,217.0,75.0
AT2G47770,1.0,0.0
AT4G21980,1.0,0.0
AT2G47900,73.0,50.0
AT4G16360,8.0,15.0
AT3G01180,29.0,30.0
AT3G01330,8.0,15.0
AT3G01340,217.0,80.0
AT3G01440,1.0,0.0
AT4G39710,1.0,0.0
AT3G01470,73.0,50.0
AT3G01570,217.0,75.0
AT3G01610,105.0,55.0
AT3G01910,217.0,75.0
AT3G02065,84.0,50.0
AT3G16480,8.0,15.0
AT3G02170,2.0,0.0
AT3G55000,128.0,65.0
AT3G02230,217.0,80.0
AT5G15650,73.0,50.0
AT5G16510,6.0,10.0
AT3G02260,217.0,80.0
AT3G02540,217.0,80.0
AT5G38470,217.0,80.0
AT3G02550,84.0,50.0
AT3G03000,1.0,0.0
AT5G27150,1.0,0.0
AT3G03270,217.0,75.0
AT3G03490,,
AT3G03530,13.0,20.0
AT3G03550,73.0,50.0
AT5G24520,128.0,65.0
AT3G04240,96.0,55.0
AT3G04380,105.0,55.0
AT3G04550,57.0,40.0
AT5G28500,57.0,40.0
AT4G04885,128.0,60.0
AT3G04790,57.0,40.0
AT3G04940,4.0,5.0
AT3G05000,9.0,15.0
AT5G54750,9.0,15.0
AT3G05150,84.0,50.0
AT3G05200,21.0,25.0
AT3G05350,2.0,0.0
AT4G14540,2.0,0.0
AT3G06240,2.0,0.0
AT4G12560,4.0,5.0
AT5G44180,10.0,15.0
AT3G06450,84.0,50.0
AT3G06560,29.0,30.0
AT3G06580,217.0,75.0
AT3G06610,17.0,20.0
AT3G06660,61.0,45.0
AT4G28590,4.0,5.0
AT3G06810,15.0,20.0
AT3G06930,217.0,75.0
AT5G49020,2.0,0.0
AT3G07030,40.0,35.0
AT3G07090,217.0,80.0
AT3G07520,73.0,50.0
AT3G07560,1.0,0.0
AT3G10572,1.0,0.0
AT3G07680,,
AT3G61530,20.0,25.0
AT4G31120,217.0,80.0
AT3G63500,19.0,25.0
AT5G48160,9.0,15.0
AT3G07880,84.0,50.0
AT3G08505,54.0,40.0
AT3G08510,41.0,35.0
AT3G08720,17.0,20.0
AT4G15410,128.0,65.0
AT3G08740,62.0,45.0
AT3G08780,2.0,0.0
AT3G08820,41.0,35.0
AT3G15040,45.0,35.0
AT3G29160,217.0,80.0
AT3G44620,29.0,30.0
AT3G49590,29.0,30.0
AT3G53710,128.0,65.0
AT3G56090,217.0,80.0
AT4G17950,29.0,30.0
AT4G24710,29.0,30.0
AT4G33400,29.0,30.0
AT5G14240,29.0,30.0
AT5G66930,29.0,30.0
AT3G08970,2.0,0.0
AT3G09000,128.0,60.0
AT3G09260,54.0,40.0
AT3G09370,34.0,30.0
AT4G11260,61.0,45.0
AT5G61900,61.0,45.0
AT3G09670,29.0,30.0
AT3G09770,2.0,0.0
AT4G31730,217.0,75.0
AT3G09800,22.0,25.0
AT3G20650,10.0,15.0
AT3G27310,35.0,30.0
AT3G09960,40.0,35.0
AT3G09980,13.0,20.0
AT3G10340,217.0,80.0
AT3G10390,9.0,15.0
AT3G10480,2.0,0.0
AT4G20400,3.0,5.0
AT3G10490,2.0,0.0
AT3G10640,15.0,20.0
AT3G15280,17.0,20.0
AT4G33060,17.0,20.0
AT5G65220,84.0,50.0
AT3G13360,3.0,5.0
AT4G26455,6.0,10.0
AT5G56210,6.0,10.0
AT3G10850,217.0,75.0
AT3G10860,40.0,35.0
AT5G54310,128.0,65.0
AT3G11200,217.0,85.0
AT3G15880,128.0,65.0
AT3G16830,128.0,60.0
AT4G01700,10.0,15.0
AT5G04280,62.0,45.0
AT5G27030,33.0,30.0
AT5G58470,10.0,15.0
AT5G59950,10.0,15.0
AT3G11280,5.0,10.0
AT3G11410,9.0,15.0
AT3G11430,40.0,35.0
AT5G06680,7.0,10.0
AT5G46780,4.0,5.0
AT3G11540,8.0,15.0
AT3G14940,217.0,85.0
AT3G20390,57.0,40.0
AT4G16155,217.0,85.0
AT4G21990,57.0,40.0
AT4G25100,217.0,85.0
AT4G25670,57.0,40.0
AT4G29060,57.0,40.0
AT5G09650,57.0,40.0
AT5G55220,57.0,40.0
AT5G26830,68.0,45.0
AT3G16460,217.0,85.0
AT4G21450,77.0,50.0
AT4G31340,217.0,85.0
AT4G32650,27.0,25.0
AT5G27420,140.0,65.0
AT3G12145,3.0,5.0
AT3G12210,31.0,30.0
AT5G11510,30.0,30.0
AT4G21560,3.0,5.0
AT3G12480,10.0,15.0
AT3G13110,217.0,75.0
AT3G13160,21.0,25.0
AT3G13200,15.0,20.0
AT3G13220,126.0,60.0
AT3G13320,84.0,50.0
AT3G13380,217.0,85.0
AT3G13460,128.0,60.0
AT3G13530,128.0,60.0
AT5G41560,76.0,50.0
AT3G13750,217.0,75.0
AT3G13810,41.0,35.0
AT3G56190,31.0,30.0
AT3G13960,13.0,20.0
AT3G13990,217.0,75.0
AT3G14000,32.0,30.0
AT3G14010,128.0,60.0
AT3G14080,3.0,5.0
AT3G14100,128.0,60.0
AT3G14210,79.0,50.0
AT3G14240,40.0,35.0
AT3G14310,217.0,75.0
AT3G14580,41.0,35.0
AT3G14930,217.0,75.0
AT3G52930,217.0,85.0
AT5G38420,217.0,80.0
AT3G14990,217.0,80.0
AT5G13270,5.0,10.0
AT3G15030,40.0,35.0
AT3G15095,128.0,60.0
AT3G15356,17.0,20.0
AT4G23980,4.0,5.0
AT5G20730,28.0,30.0
AT5G60450,4.0,5.0
AT3G15660,11.0,15.0
AT3G15690,62.0,45.0
AT3G16090,1.0,0.0
AT4G29960,1.0,0.0
AT3G16240,217.0,75.0
AT3G16270,128.0,60.0
AT3G16470,217.0,80.0
AT3G16630,128.0,60.0
AT3G16640,73.0,50.0
AT3G16670,61.0,45.0
AT3G16950,217.0,75.0
AT3G17210,9.0,15.0
AT3G17280,41.0,35.0
AT3G17510,63.0,45.0
AT3G17600,5.0,10.0
AT3G17609,8.0,15.0
AT4G36730,8.0,15.0
AT3G17690,217.0,80.0
AT3G17820,217.0,75.0
AT3G17900,61.0,45.0
AT3G17970,61.0,45.0
AT5G46790,17.0,20.0
AT3G18000,42.0,35.0
AT3G18035,65.0,45.0
AT3G18040,73.0,50.0
AT3G18130,217.0,80.0
AT3G51950,28.0,30.0
AT4G01720,28.0,25.0
AT5G01410,217.0,85.0
AT5G16220,28.0,25.0
AT5G18110,28.0,25.0
AT5G18230,128.0,65.0
AT5G19400,28.0,25.0
AT5G20280,217.0,80.0
AT5G42950,128.0,65.0
AT5G42980,217.0,80.0
AT3G18480,63.0,45.0
AT3G18580,31.0,30.0
AT4G11060,31.0,30.0
AT3G18700,40.0,35.0
AT3G18730,105.0,55.0
AT3G62250,23.0,25.0
AT4G33650,25.0,25.0
AT3G18780,217.0,80.0
AT3G18830,95.0,55.0
AT3G19140,40.0,35.0
AT5G54900,34.0,30.0
AT3G19180,217.0,75.0
AT3G19210,54.0,40.0
AT3G19360,62.0,45.0
AT3G19370,128.0,60.0
AT3G19510,73.0,50.0
AT3G19553,29.0,30.0
AT3G47430,4.0,5.0
AT3G61070,62.0,45.0
AT5G12390,4.0,5.0
AT3G19950,217.0,75.0
AT3G19960,128.0,60.0
AT3G20000,40.0,35.0
AT3G20130,217.0,75.0
AT5G01810,3.0,5.0
AT3G20600,6.0,10.0
AT3G20860,2.0,0.0
AT3G44200,3.0,5.0
AT3G21055,84.0,50.0
AT3G21175,31.0,30.0
AT4G25920,4.0,5.0
AT5G10720,4.0,5.0
AT3G21650,63.0,45.0
AT3G21720,217.0,75.0
AT4G15090,3.0,5.0
AT3G22231,,
AT3G22370,2.0,0.0
AT3G22660,31.0,30.0
AT3G22880,9.0,15.0
AT5G20850,9.0,15.0
AT5G19220,7.0,10.0
AT3G22970,61.0,45.0
AT3G27190,49.0,35.0
AT3G23050,3.0,5.0
AT5G20820,3.0,5.0
AT3G23310,128.0,60.0
AT3G23400,217.0,80.0
AT3G23660,217.0,75.0
AT3G52050,32.0,30.0
AT3G53260,217.0,85.0
AT4G03280,32.0,30.0
AT4G16430,32.0,30.0
AT4G27450,128.0,65.0
AT4G32551,128.0,65.0
AT5G02760,32.0,30.0
AT5G03850,32.0,30.0
AT5G11060,40.0,35.0
AT5G15680,32.0,30.0
AT5G43280,32.0,30.0
AT5G54770,84.0,50.0
AT3G47780,73.0,50.0
AT3G48890,149.0,65.0
AT3G57650,73.0,50.0
AT3G58510,151.0,65.0
AT4G02620,73.0,50.0
AT5G55190,217.0,85.0
AT3G24430,61.0,45.0
AT3G24440,22.0,25.0
AT5G20910,2.0,0.0
AT3G28220,6.0,10.0
AT3G25500,128.0,60.0
AT3G25545,77.0,50.0
AT4G04800,7.0,10.0
AT4G24680,128.0,60.0
AT4G38710,128.0,65.0
AT5G46750,128.0,60.0
AT5G49880,7.0,10.0
AT3G26030,13.0,20.0
AT3G26450,217.0,75.0
AT3G26520,217.0,75.0
AT3G26560,54.0,40.0
AT3G52590,5.0,10.0
AT3G26910,128.0,60.0
AT3G27170,217.0,75.0
AT3G27810,217.0,75.0
AT5G46830,2.0,0.0
AT3G27830,217.0,85.0
AT3G27850,217.0,75.0
AT3G27920,2.0,0.0
AT5G41315,4.0,5.0
AT3G46780,84.0,50.0
AT3G53460,4.0,5.0
AT3G28300,217.0,75.0
AT3G28360,84.0,50.0
AT5G10840,15.0,20.0
AT5G25100,15.0,20.0
AT3G29320,217.0,80.0
AT3G42640,217.0,75.0
AT3G43190,217.0,75.0
AT5G20810,22.0,25.0
AT3G63280,2.0,0.0
AT3G44730,217.0,75.0
AT3G44750,29.0,30.0
AT3G45080,40.0,35.0
AT3G45140,41.0,35.0
AT3G45620,22.0,25.0
AT4G12470,4.0,5.0
AT3G45860,6.0,10.0
AT3G46010,9.0,15.0
AT3G46510,11.0,15.0
AT3G46580,3.0,5.0
AT3G46830,62.0,45.0
AT3G47520,217.0,80.0
AT4G27670,4.0,5.0
AT3G48000,217.0,75.0
AT3G48080,13.0,20.0
AT3G48090,57.0,40.0
AT3G52430,8.0,15.0
AT5G14930,8.0,15.0
AT4G16890,9.0,15.0
AT5G45250,6.0,10.0
AT3G48240,40.0,35.0
AT3G48590,5.0,10.0
AT4G00380,2.0,0.0
AT4G04020,30.0,30.0
AT3G48870,4.0,5.0
AT5G49650,217.0,80.0
AT3G49100,17.0,20.0
AT3G49260,128.0,60.0
AT3G49500,1.0,0.0
AT5G23570,1.0,0.0
AT3G49750,14.0,20.0
AT3G50060,6.0,10.0
