gene,Volkening2019_Tm_median,Volkening2019_Tm_sd,Volkening2019_n_modeled,Volkening2019_R2_median
AT1G01080,39.01,1.068,6,0.9935
AT1G01090,42.277,1.501,6,0.996
AT1G01800,40.82,1.178,6,0.9884999999999999
AT1G02140,38.67,2.481,3,0.992
AT1G02560,48.019,1.827,6,0.9904999999999999
AT1G02920,39.982,2.259,5,0.995
AT1G03110,47.391,0.787,3,0.993
AT1G03220,50.733,1.852,6,0.978
AT1G03475,48.79,1.965,6,0.9975
AT1G03630,40.015,0.982,3,0.984
AT1G04170,42.011,2.998,6,0.997
AT1G04410,49.063,0.876,6,0.988
AT1G04420,48.45,0.816,6,0.986
AT1G04480,37.854,0.559,6,0.996
AT1G04690,44.183,2.0,6,0.9895
AT1G04820,39.281,0.45,6,0.9964999999999999
AT1G05180,48.799,1.779,6,0.9795
AT1G06000,42.105,1.121,6,0.994
AT1G06130,53.664,2.814,4,0.957
AT1G06290,48.609,1.625,6,0.9955
AT1G06550,43.886,1.145,6,0.995
AT1G07750,53.065,1.78,6,0.972
AT1G07890,41.745,1.018,6,0.998
AT1G07920,38.837,0.795,6,0.998
AT1G07930,38.837,0.795,6,0.998
AT1G07940,38.837,0.795,6,0.998
AT1G08110,48.249,1.721,5,0.994
AT1G08200,42.41,0.523,5,0.995
AT1G08450,39.215,0.379,3,0.995
AT1G08550,51.217,1.218,4,0.9884999999999999
AT1G08980,48.625,1.495,6,0.992
AT1G09010,59.499,0.938,3,0.961
AT1G09130,50.118,1.674,6,0.989
AT1G09210,47.638,0.505,5,0.994
AT1G09310,49.552,0.961,6,0.9924999999999999
AT1G09340,50.918,1.833,6,0.9844999999999999
AT1G09430,38.57,0.536,6,0.9955
AT1G09590,37.184,1.076,6,0.995
AT1G09620,39.261,0.469,6,0.9975
AT1G09640,41.264,0.727,6,0.9924999999999999
AT1G09690,37.184,1.076,6,0.995
AT1G09750,51.664,1.181,6,0.9664999999999999
AT1G09780,42.199,1.493,6,0.995
AT1G09795,45.774,1.743,6,0.9915
AT1G09830,46.724,0.752,6,0.994
AT1G10360,51.367,1.546,5,0.982
AT1G10630,41.043,0.856,6,0.9964999999999999
AT1G10670,41.084,1.47,4,0.9944999999999999
AT1G10760,45.275,1.473,5,0.991
AT1G11430,52.274,2.009,5,0.972
AT1G11720,43.382,1.317,4,0.991
AT1G11750,46.608,1.415,6,0.9895
AT1G11840,54.338,1.804,6,0.9844999999999999
AT1G11860,40.178,0.622,6,0.996
AT1G11870,43.651,0.578,6,0.9815
AT1G11910,43.354,0.998,3,0.991
AT1G11930,48.683,0.496,4,0.9855
AT1G12000,39.65,0.924,6,0.9935
AT1G12050,50.62,2.346,5,0.988
AT1G12230,42.776,0.738,6,0.995
AT1G12240,46.706,1.854,6,0.9944999999999999
AT1G12410,49.108,2.043,6,0.988
AT1G12780,38.406,0.555,5,0.994
AT1G14610,43.38,1.192,6,0.996
AT1G14810,44.691,2.973,6,0.9964999999999999
AT1G15930,48.946,2.836,4,0.965
AT1G15950,48.361,2.65,5,0.985
AT1G16080,45.969,0.749,6,0.993
AT1G16350,38.508,0.888,6,0.995
AT1G16470,61.72,0.744,3,0.886
AT1G16720,40.053,0.707,3,0.994
AT1G16880,53.195,1.625,6,0.9775
AT1G17100,53.611,1.393,4,0.9784999999999999
AT1G17160,53.355,0.812,6,0.973
AT1G17190,46.086,0.926,6,0.989
AT1G17220,42.657,1.614,5,0.969
AT1G17290,47.682,0.858,6,0.997
AT1G17650,42.208,2.611,6,0.99
AT1G17745,40.31,1.794,5,0.991
AT1G18080,48.123,1.449,6,0.964
AT1G18210,57.423,0.173,3,0.983
AT1G18270,43.136,1.17,6,0.9964999999999999
AT1G19570,48.448,2.698,5,0.995
AT1G19920,43.993,1.088,6,0.9884999999999999
AT1G20020,56.989,2.459,6,0.9815
AT1G20200,37.933,0.354,4,0.9955
AT1G20225,58.535,0.788,3,0.918
AT1G20620,46.825,0.987,6,0.9904999999999999
AT1G20950,40.239,1.914,6,0.9955
AT1G21440,59.206,1.908,3,0.937
AT1G21680,52.67,2.492,3,0.978
AT1G21750,54.403,1.783,5,0.993
AT1G22300,48.779,1.086,6,0.9915
AT1G22360,38.252,0.646,3,0.997
AT1G22440,50.636,1.579,6,0.9895
AT1G22530,42.759,2.244,6,0.98
AT1G22780,38.472,0.673,6,0.9955
AT1G23130,55.651,1.112,5,0.987
AT1G23190,39.661,1.158,6,0.994
AT1G23290,37.928,0.865,6,0.994
AT1G23310,44.781,0.369,6,0.996
AT1G23440,45.154,2.399,4,0.9944999999999999
AT1G23490,41.043,0.856,6,0.9964999999999999
AT1G23730,51.7,1.632,6,0.9804999999999999
AT1G23740,52.118,1.526,6,0.9864999999999999
AT1G23800,45.843,1.639,4,0.986
AT1G24020,44.845,0.817,6,0.996
AT1G24100,40.068,0.735,6,0.9964999999999999
AT1G24180,43.433,1.66,6,0.9915
AT1G24280,39.067,0.665,3,0.991
AT1G24510,41.121,2.095,6,0.995
AT1G25230,54.598,2.075,5,0.984
AT1G25350,44.311,1.648,6,0.994
AT1G26630,41.096,0.77,3,0.993
AT1G27020,43.801,2.055,6,0.9975
AT1G27130,45.905,0.668,6,0.987
AT1G27400,37.31,0.304,5,0.995
AT1G27450,40.265,3.026,6,0.9955
AT1G28350,48.859,1.262,6,0.9904999999999999
AT1G28660,50.361,2.077,3,0.964
AT1G28680,43.421,0.835,6,0.9935
AT1G29150,39.145,0.745,6,0.992
AT1G29260,42.618,1.533,3,0.984
AT1G29880,41.497,1.644,6,0.9975
AT1G29900,45.959,0.53,6,0.9944999999999999
AT1G30580,37.33,1.027,6,0.997
AT1G30690,49.297,1.169,6,0.9944999999999999
AT1G31180,60.1,0.509,3,0.93
AT1G31190,45.75,1.643,4,0.9744999999999999
AT1G31230,46.415,1.219,6,0.986
AT1G32060,57.281,1.942,6,0.973
AT1G32200,45.421,0.764,6,0.993
AT1G32500,43.822,1.994,3,0.99
AT1G32990,45.088,1.913,6,0.988
AT1G33120,38.139,0.793,6,0.997
AT1G33140,38.139,0.793,6,0.997
AT1G33590,50.065,2.993,5,0.982
AT1G34030,38.472,0.673,6,0.9955
AT1G35160,48.854,0.966,5,0.986
AT1G35580,54.203,1.85,6,0.9675
AT1G35720,48.076,1.267,6,0.993
AT1G36160,43.772,2.151,5,0.993
AT1G36390,41.545,0.876,6,0.992
AT1G37130,37.009,1.116,6,0.996
AT1G43170,37.002,0.836,6,0.9955
AT1G44820,39.87,0.465,3,0.994
AT1G45145,58.474,1.49,4,0.9635
AT1G45201,40.555,1.379,6,0.996
AT1G48350,38.21,1.302,3,0.992
AT1G48420,53.019,1.938,5,0.991
AT1G48520,46.156,1.176,6,0.987
AT1G48600,41.045,0.583,4,0.99
AT1G48630,41.343,1.797,6,0.9964999999999999
AT1G48850,40.843,1.165,6,0.9975
AT1G48860,43.038,1.396,6,0.9775
AT1G49660,39.712,0.855,6,0.996
AT1G49760,41.425,3.126,6,0.989
AT1G49820,42.314,1.019,6,0.993
AT1G49970,49.406,1.782,6,0.9815
AT1G50010,39.281,0.45,6,0.9964999999999999
AT1G50200,40.21,1.016,6,0.997
AT1G50370,42.786,1.483,6,0.9964999999999999
AT1G50380,53.609,0.964,6,0.9844999999999999
AT1G50480,46.166,1.887,6,0.988
AT1G50670,41.184,0.757,3,0.986
AT1G52400,49.705,1.7,3,0.985
AT1G53240,46.961,0.676,6,0.993
AT1G53280,45.416,1.587,6,0.993
AT1G53310,53.317,3.199,6,0.9795
AT1G53520,55.655,2.072,6,0.9355
AT1G53580,52.889,1.584,6,0.976
AT1G53750,38.369,0.575,6,0.998
AT1G54100,50.418,0.932,6,0.9875
AT1G55090,46.141,2.173,6,0.99
AT1G55120,49.12,1.219,3,0.99
AT1G55480,50.039,0.819,5,0.994
AT1G55490,54.124,1.159,6,0.969
AT1G56070,45.056,2.157,6,0.996
AT1G56190,45.307,2.243,6,0.986
AT1G56340,48.747,1.61,5,0.993
AT1G56450,58.552,0.962,5,0.954
AT1G57660,37.184,1.076,6,0.995
AT1G57720,41.716,0.717,6,0.998
AT1G57860,37.184,1.076,6,0.995
AT1G58080,46.922,1.364,6,0.99
AT1G59900,47.994,1.595,6,0.993
AT1G59960,40.186,0.502,5,0.991
AT1G60420,48.788,0.469,6,0.9915
AT1G62380,42.968,0.858,6,0.996
AT1G62640,43.307,1.466,6,0.9904999999999999
AT1G62660,53.317,2.594,6,0.982
AT1G62750,41.585,0.759,6,0.997
AT1G63000,38.211,0.535,6,0.9975
AT1G63460,46.586,1.449,6,0.9924999999999999
AT1G63660,40.181,1.572,6,0.995
AT1G63770,44.574,0.962,6,0.997
AT1G63940,55.794,2.211,5,0.988
AT1G64190,42.303,0.663,6,0.995
AT1G65980,52.463,1.393,6,0.979
AT1G66270,47.849,1.389,6,0.989
AT1G66410,58.754,0.942,3,0.972
AT1G66430,40.976,1.162,6,0.9955
AT1G67090,58.302,0.231,4,0.968
AT1G67280,56.116,1.952,6,0.9855
AT1G67430,37.31,0.304,5,0.995
AT1G68010,44.131,0.903,6,0.994
AT1G68760,44.549,0.299,3,0.99
AT1G69740,60.085,3.301,5,0.975
AT1G70410,43.364,3.131,6,0.996
AT1G70490,41.043,0.856,6,0.9964999999999999
AT1G70600,37.928,0.865,6,0.994
AT1G70730,44.819,2.27,6,0.996
AT1G70820,40.959,0.764,6,0.993
AT1G71860,40.729,1.628,5,0.996
AT1G72150,42.704,0.628,6,0.994
AT1G72160,46.092,1.856,6,0.994
AT1G72370,39.733,0.357,6,0.9944999999999999
AT1G72550,43.703,1.822,6,0.9975
AT1G72810,44.858,1.77,6,0.993
AT1G73260,56.71,2.887,6,0.982
AT1G73330,41.18,0.295,4,0.9955
AT1G74030,43.649,0.744,6,0.993
AT1G74100,49.142,1.546,6,0.986
AT1G74260,49.233,0.887,6,0.9884999999999999
AT1G74910,39.352,0.458,6,0.997
AT1G74920,49.042,1.035,6,0.994
AT1G74960,40.978,1.031,6,0.996
AT1G74970,37.953,0.712,6,0.991
AT1G75270,45.112,1.625,6,0.9944999999999999
AT1G75280,43.661,0.996,6,0.9904999999999999
AT1G75330,52.279,1.167,6,0.976
AT1G75950,56.439,1.165,5,0.975
AT1G76140,46.251,0.573,6,0.9964999999999999
AT1G76160,45.327,0.733,6,0.989
AT1G76680,43.549,1.019,6,0.9944999999999999
AT1G76790,41.511,0.806,6,0.994
AT1G77090,50.583,0.824,3,0.98
AT1G77510,52.494,1.204,5,0.995
AT1G78300,49.991,1.028,6,0.988
AT1G78370,43.997,1.229,6,0.9955
AT1G78570,37.4,1.148,6,0.997
AT1G78660,51.96,2.117,3,0.97
AT1G78670,51.013,0.216,3,0.981
AT1G78680,52.021,0.7,6,0.988
AT1G78830,48.481,1.728,6,0.9864999999999999
AT1G78900,45.144,1.162,6,0.9944999999999999
AT1G79210,61.72,0.744,3,0.886
AT1G79340,47.085,1.923,6,0.993
AT1G79440,59.534,1.505,5,0.966
AT1G79530,40.322,1.802,6,0.989
AT1G79550,47.932,0.847,6,0.987
AT1G79690,55.89,1.182,6,0.986
AT1G79720,52.237,1.445,4,0.978
AT1G79750,55.918,1.111,6,0.983
AT1G79870,43.938,1.321,6,0.996
AT1G79930,47.251,2.6,5,0.975
AT1G80360,54.867,1.985,6,0.978
AT1G80380,48.672,1.692,6,0.9875
AT1G80410,38.501,1.1,4,0.9944999999999999
AT1G80480,41.81,1.376,5,0.991
AT1G80560,60.248,1.068,4,0.8494999999999999
AT1G80600,51.933,1.346,5,0.996
AT2G01140,47.621,0.5,6,0.9844999999999999
AT2G01250,38.171,0.659,5,0.986
AT2G01520,47.568,0.776,6,0.9964999999999999
AT2G01530,43.724,1.691,6,0.997
AT2G01890,55.022,2.583,3,0.938
AT2G02390,51.409,1.648,6,0.9875
AT2G04030,45.369,1.261,6,0.992
AT2G04400,42.225,1.259,6,0.9884999999999999
AT2G04842,39.114,0.988,4,0.9915
AT2G05710,50.279,1.546,6,0.982
AT2G05830,40.035,1.501,6,0.995
AT2G05990,45.19,1.189,6,0.9844999999999999
AT2G06050,42.761,1.086,6,0.9935
AT2G09990,37.452,1.573,6,0.9884999999999999
AT2G13360,45.653,1.357,6,0.9964999999999999
AT2G13540,45.758,0.702,6,0.9884999999999999
AT2G13560,48.477,2.575,6,0.99
AT2G14170,59.977,0.864,4,0.958
AT2G14260,48.254,2.953,5,0.991
AT2G15620,42.682,1.772,6,0.997
AT2G16600,38.317,1.559,6,0.993
AT2G17265,56.244,1.474,6,0.9724999999999999
AT2G17360,37.091,0.855,6,0.9935
AT2G19760,50.108,1.228,6,0.98
AT2G19940,58.751,1.481,5,0.982
AT2G20140,38.869,0.392,6,0.997
AT2G20420,51.353,0.67,6,0.9855
AT2G20580,38.778,1.825,5,0.992
AT2G20890,49.659,1.448,5,0.988
AT2G21170,52.896,1.261,6,0.9784999999999999
AT2G21250,43.234,1.395,6,0.9955
AT2G21330,49.122,1.33,6,0.982
AT2G21370,45.773,2.091,6,0.9815
AT2G21620,49.482,1.212,6,0.987
AT2G22170,52.493,2.287,6,0.9864999999999999
AT2G22250,42.335,2.093,4,0.99
AT2G22420,54.071,2.75,5,0.987
AT2G22480,42.288,1.017,6,0.995
AT2G22990,57.254,2.307,3,0.93
AT2G23350,40.18,1.795,6,0.9944999999999999
AT2G23600,50.116,1.446,6,0.9784999999999999
AT2G24200,49.397,0.736,6,0.9935
AT2G24270,54.89,2.447,6,0.983
AT2G24580,44.819,1.436,6,0.9924999999999999
AT2G25450,39.335,1.58,5,0.99
AT2G25710,45.108,1.811,3,0.99
AT2G26080,47.886,0.775,6,0.9924999999999999
AT2G26670,49.822,1.407,6,0.9884999999999999
AT2G26740,62.363,2.428,4,0.9039999999999999
AT2G27020,59.668,0.691,4,0.946
AT2G27030,58.754,0.942,3,0.972
AT2G27460,49.302,1.225,4,0.9655
AT2G27860,42.047,1.103,6,0.996
AT2G28000,53.169,0.812,6,0.982
AT2G28470,55.609,2.619,5,0.952
AT2G29450,54.371,1.459,5,0.976
AT2G29750,39.073,0.691,4,0.9964999999999999
AT2G30110,43.664,0.643,6,0.9955
AT2G30200,46.173,0.815,6,0.987
AT2G30860,42.931,0.53,6,0.9955
AT2G30870,48.525,1.186,6,0.995
AT2G30970,40.418,1.136,6,0.998
AT2G31170,48.246,2.528,6,0.971
AT2G31390,46.192,0.688,6,0.9915
AT2G31570,49.166,1.861,6,0.9924999999999999
AT2G31670,46.102,1.336,6,0.9884999999999999
AT2G31790,41.395,1.503,6,0.997
AT2G32080,43.194,0.223,3,0.985
AT2G32520,58.978,0.593,5,0.969
AT2G32730,38.244,0.59,6,0.9944999999999999
AT2G32920,39.912,2.011,6,0.9964999999999999
AT2G33150,41.168,1.77,6,0.9955
AT2G33210,58.627,1.89,6,0.9644999999999999
AT2G33255,43.099,1.555,6,0.9924999999999999
AT2G33370,37.854,0.559,6,0.996
AT2G33800,38.055,1.316,4,0.993
AT2G33840,51.308,1.4,6,0.982
AT2G34040,38.138,0.878,4,0.993
AT2G35040,41.821,2.192,6,0.9955
AT2G35410,45.376,1.495,6,0.9955
AT2G35450,50.961,1.289,6,0.991
AT2G35780,40.343,1.053,6,0.9955
AT2G36390,44.272,1.025,6,0.993
AT2G36460,51.62,1.82,5,0.996
AT2G36530,49.855,2.468,6,0.9915
AT2G36580,43.413,2.313,6,0.996
AT2G36880,39.156,0.95,6,0.993
AT2G37130,41.857,0.513,6,0.9955
AT2G37220,47.877,1.224,5,0.997
AT2G37270,37.648,0.473,6,0.996
AT2G37500,52.36,1.832,6,0.985
AT2G37660,40.033,1.583,6,0.994
AT2G37690,43.052,2.429,6,0.989
AT2G37760,43.305,1.19,6,0.9824999999999999
AT2G37790,46.408,0.882,6,0.991
AT2G38040,41.197,2.242,5,0.977
AT2G38230,58.858,1.241,5,0.963
AT2G38270,46.248,2.912,6,0.9895
AT2G39080,45.764,0.848,6,0.994
AT2G39310,53.823,2.026,6,0.988
AT2G39460,36.962,1.263,6,0.996
AT2G39730,38.677,0.731,6,0.995
AT2G39940,39.534,0.899,4,0.9904999999999999
AT2G40490,63.322,2.103,5,0.936
AT2G40600,46.805,1.416,6,0.986
AT2G40660,39.703,1.318,6,0.9964999999999999
AT2G40840,40.97,1.255,6,0.992
AT2G41110,58.754,0.942,3,0.972
AT2G41220,58.61,1.436,6,0.967
AT2G41530,47.05,1.36,6,0.9924999999999999
AT2G41790,44.086,0.955,6,0.995
AT2G42590,49.182,0.965,6,0.99
AT2G42600,58.135,1.996,6,0.959
AT2G42690,51.155,1.451,6,0.964
AT2G42740,37.624,0.806,6,0.997
AT2G42790,41.357,1.464,4,0.992
AT2G43090,51.774,2.1,5,0.994
AT2G43100,47.108,1.044,5,0.987
AT2G43560,55.876,1.955,5,0.955
AT2G43710,47.894,0.828,6,0.993
AT2G43790,50.505,1.781,5,0.987
AT2G43820,43.353,0.807,6,0.9944999999999999
AT2G43910,43.619,1.087,6,0.9944999999999999
AT2G44050,59.215,1.693,4,0.9624999999999999
AT2G44100,46.661,0.802,6,0.9815
AT2G44160,39.307,0.751,6,0.997
AT2G44350,50.544,3.309,6,0.988
AT2G45290,39.77,0.624,6,0.996
AT2G45790,38.357,1.153,6,0.997
AT2G45990,38.739,0.856,6,0.995
AT2G46520,43.316,2.784,6,0.9944999999999999
AT2G47170,41.043,0.856,6,0.9964999999999999
AT2G47390,43.614,0.931,6,0.9955
AT2G47470,42.463,3.413,6,0.992
AT2G47510,49.033,2.41,6,0.9895
AT2G47730,41.753,0.788,6,0.996
AT2G47970,47.471,1.747,3,0.973
AT3G01120,52.957,1.302,6,0.993
AT3G01420,52.006,3.503,6,0.958
AT3G01480,41.232,1.082,6,0.996
AT3G01500,55.451,1.768,6,0.977
AT3G01520,45.432,1.379,6,0.9935
AT3G01640,39.691,0.886,3,0.976
AT3G01910,57.252,0.473,5,0.978
AT3G02360,42.251,0.703,6,0.9935
AT3G02660,49.619,2.236,6,0.9835
AT3G02720,57.032,3.276,5,0.969
AT3G02760,40.928,1.923,6,0.9984999999999999
AT3G02780,42.131,1.626,6,0.9955
AT3G02870,63.332,2.299,3,0.897
AT3G03250,42.814,0.529,6,0.9944999999999999
AT3G03710,45.325,0.627,6,0.995
AT3G03780,48.554,2.814,6,0.9915
AT3G03960,41.205,2.027,6,0.9975
AT3G04230,37.452,1.573,6,0.9884999999999999
AT3G04400,37.854,0.559,6,0.996
AT3G04550,42.927,1.27,6,0.9895
AT3G04790,40.968,0.79,6,0.996
AT3G04870,42.432,1.753,5,0.997
AT3G04880,49.65,0.841,5,0.989
AT3G05350,43.995,2.387,6,0.9955
AT3G05590,37.777,0.957,6,0.9924999999999999
AT3G06350,47.648,1.386,6,0.9955
AT3G06580,42.654,1.386,6,0.995
AT3G06650,42.779,2.02,6,0.988
AT3G06860,50.951,2.279,6,0.9864999999999999
AT3G07110,38.407,0.822,3,0.997
AT3G07460,55.407,1.734,4,0.965
AT3G08590,44.36,1.317,6,0.9935
AT3G08740,40.991,0.72,6,0.995
AT3G09440,39.579,1.085,6,0.9975
AT3G09820,45.63,1.934,6,0.994
AT3G09940,40.958,0.659,6,0.996
AT3G10520,55.411,2.284,6,0.9795
AT3G10740,61.332,1.892,5,0.879
AT3G11130,38.717,1.096,3,0.995
AT3G11340,39.759,0.668,3,0.981
AT3G11710,39.241,1.403,6,0.998
AT3G11830,41.213,2.222,6,0.997
AT3G11940,37.648,0.473,6,0.996
AT3G12290,48.196,1.825,6,0.9935
AT3G12780,46.449,1.07,6,0.991
AT3G13235,57.124,1.38,6,0.9635
AT3G13470,53.114,0.322,6,0.9735
AT3G13490,40.422,0.941,6,0.996
AT3G13560,54.838,0.473,3,0.983
AT3G13860,58.256,1.096,5,0.971
AT3G14415,40.163,1.217,6,0.9964999999999999
AT3G14420,41.646,0.994,6,0.997
AT3G14930,53.98,1.486,6,0.988
AT3G14940,46.913,2.203,6,0.986
AT3G14990,57.91,2.333,4,0.978
AT3G15520,40.822,1.21,4,0.994
AT3G15730,53.59,1.95,6,0.988
AT3G15840,53.279,3.455,6,0.986
AT3G15950,48.705,1.379,6,0.992
AT3G16110,48.823,0.28,3,0.975
AT3G16390,39.602,1.027,4,0.997
AT3G16400,56.645,1.563,6,0.982
AT3G16410,43.211,0.759,6,0.995
AT3G16420,47.181,1.166,6,0.9884999999999999
AT3G16520,44.335,0.933,6,0.9955
AT3G16640,41.707,1.515,6,0.9964999999999999
AT3G17210,51.126,1.307,6,0.981
AT3G17790,55.552,2.18,5,0.971
AT3G17810,42.814,0.787,6,0.996
AT3G17820,44.922,1.383,6,0.9884999999999999
AT3G17940,45.435,1.029,6,0.983
AT3G18060,55.686,1.256,5,0.982
AT3G18130,41.343,1.797,6,0.9964999999999999
AT3G18190,40.642,2.117,6,0.997
AT3G19170,45.157,1.134,6,0.9884999999999999
AT3G19390,54.07,1.554,3,0.977
AT3G19450,43.252,3.503,6,0.994
AT3G19980,42.786,1.483,6,0.9964999999999999
AT3G19990,54.825,2.083,5,0.972
AT3G20050,40.838,2.154,6,0.997
AT3G20330,46.9,1.882,6,0.9804999999999999
AT3G20370,56.278,1.372,6,0.9775
AT3G20630,42.24,1.556,6,0.9864999999999999
AT3G20790,44.703,1.322,6,0.9955
AT3G21560,54.786,2.414,3,0.986
AT3G21750,43.484,1.267,6,0.99
AT3G22110,58.222,1.827,6,0.912
AT3G22200,45.631,0.785,6,0.995
AT3G22890,37.655,0.366,6,0.9955
AT3G22960,47.414,1.147,6,0.9875
AT3G23490,63.068,0.773,3,0.827
AT3G23600,54.497,1.089,6,0.9775
AT3G23640,48.311,2.07,4,0.986
AT3G23800,45.317,1.582,3,0.996
AT3G23810,37.246,0.672,6,0.9924999999999999
AT3G23940,62.349,1.445,5,0.933
AT3G23990,58.78,0.619,5,0.978
AT3G24503,59.596,1.52,5,0.975
AT3G25230,46.601,1.876,5,0.994
AT3G25530,46.88,1.382,6,0.9915
AT3G25660,47.127,1.115,6,0.9875
AT3G25760,51.51,2.988,4,0.9595
AT3G25860,40.519,1.919,6,0.996
AT3G25920,37.475,0.929,5,0.991
AT3G26060,43.271,2.952,6,0.9824999999999999
AT3G27740,45.626,0.789,6,0.992
AT3G27925,43.885,1.333,6,0.9844999999999999
AT3G28940,55.761,1.067,6,0.9844999999999999
AT3G29185,38.999,0.391,6,0.9935
AT3G29320,41.427,1.229,6,0.996
AT3G29360,44.022,0.971,6,0.99
AT3G30841,42.181,1.838,4,0.986
AT3G43300,40.161,1.929,4,0.991
AT3G43800,44.901,3.636,6,0.9744999999999999
AT3G43810,58.754,0.942,3,0.972
AT3G44100,58.428,1.162,3,0.92
AT3G44310,45.281,2.782,6,0.997
AT3G44320,48.117,1.681,6,0.984
AT3G45140,40.102,1.343,6,0.993
AT3G45300,40.857,1.412,4,0.9935
AT3G46100,42.868,2.321,6,0.9935
AT3G46970,51.018,1.791,6,0.9844999999999999
AT3G47520,39.851,1.181,6,0.9964999999999999
AT3G48000,49.061,1.792,6,0.9915
AT3G48110,43.344,1.063,6,0.994
AT3G48170,52.263,1.094,6,0.982
AT3G48340,46.49,2.376,4,0.985
AT3G48420,49.804,0.436,6,0.9944999999999999
AT3G48560,40.814,1.059,6,0.9935
AT3G48690,45.749,0.415,6,0.9924999999999999
AT3G48730,54.715,1.036,6,0.9884999999999999
AT3G48990,40.591,0.829,6,0.993
AT3G49430,40.397,1.718,4,0.9875
AT3G51160,38.171,0.716,6,0.995
AT3G51800,44.39,1.636,6,0.9915
AT3G51840,58.453,0.362,3,0.975
AT3G52140,38.626,1.408,3,0.988
AT3G52200,44.895,1.764,6,0.993
AT3G52840,52.696,1.168,6,0.975
AT3G52880,52.843,1.908,6,0.994
AT3G52930,43.61,1.67,6,0.995
AT3G52960,60.274,0.932,5,0.985
AT3G52990,40.822,1.847,6,0.996
AT3G53180,46.47,1.425,6,0.982
AT3G53460,46.191,1.278,6,0.9904999999999999
AT3G53560,49.815,2.608,5,0.995
AT3G53580,44.577,0.632,6,0.9955
AT3G53880,42.634,2.405,3,0.979
AT3G53900,42.026,0.69,6,0.9955
AT3G54400,55.193,2.104,6,0.9515
AT3G54440,46.702,0.65,6,0.985
AT3G54470,40.001,0.32,6,0.997
AT3G54640,42.627,0.871,6,0.9844999999999999
AT3G54960,53.05,2.068,5,0.993
AT3G55010,58.878,2.359,3,0.906
AT3G55040,54.244,2.115,5,0.97
AT3G55120,47.673,0.985,6,0.9915
AT3G55260,60.649,2.385,4,0.957
AT3G55280,36.962,1.263,6,0.996
AT3G55410,40.063,1.309,6,0.9935
AT3G55440,47.227,0.54,6,0.993
AT3G55800,61.687,2.786,4,0.9145000000000001
AT3G56310,59.235,2.871,5,0.987
AT3G56460,51.048,1.924,6,0.975
AT3G56490,52.018,1.52,4,0.9924999999999999
AT3G56650,45.602,1.164,5,0.99
AT3G56800,58.754,0.942,3,0.972
AT3G57050,61.003,2.454,4,0.971
AT3G57290,39.96,1.457,6,0.993
AT3G57410,41.65,2.307,4,0.97
AT3G57560,54.22,1.286,3,0.985
AT3G57610,40.836,1.193,6,0.9955
AT3G58140,42.657,0.818,6,0.996
AT3G58610,40.134,0.814,6,0.998
AT3G58700,37.624,0.806,6,0.997
AT3G58990,47.666,0.906,6,0.9924999999999999
AT3G59760,48.359,3.428,6,0.9915
AT3G59920,42.68,1.423,6,0.992
AT3G59970,40.92,0.873,6,0.997
AT3G60130,51.935,1.964,6,0.984
AT3G60750,42.887,1.26,6,0.9975
AT3G60820,58.71,1.921,6,0.9515
AT3G61440,49.544,2.296,6,0.9955
AT3G61540,60.021,2.145,4,0.898
AT3G62030,42.238,0.795,6,0.9935
AT3G62120,42.675,2.327,6,0.9944999999999999
AT3G62290,41.043,0.856,6,0.9964999999999999
AT3G62910,41.148,1.109,4,0.993
AT3G63140,47.472,2.53,6,0.9915
AT3G63190,50.588,0.267,3,0.978
AT3G63250,39.978,2.313,3,0.979
AT3G63490,37.546,1.061,6,0.996
AT3G63540,51.958,2.309,6,0.9915
AT4G00490,44.639,0.766,6,0.9935
AT4G01070,45.169,0.65,3,0.982
AT4G01610,52.775,3.49,6,0.9744999999999999
AT4G01870,54.368,2.384,6,0.969
AT4G02450,55.6,1.884,5,0.983
AT4G02520,41.824,1.466,6,0.993
AT4G02530,54.521,2.288,5,0.986
AT4G02580,48.828,1.517,3,0.955
AT4G02930,38.64,0.544,6,0.997
AT4G03190,43.731,3.11,6,0.988
AT4G04040,42.103,2.32,6,0.9944999999999999
AT4G04350,43.797,0.72,5,0.985
AT4G04640,59.786,0.747,5,0.89
AT4G05160,45.114,0.959,6,0.994
AT4G05390,59.072,1.509,6,0.9299999999999999
AT4G05420,46.65,0.598,4,0.9764999999999999
AT4G08390,44.562,2.041,6,0.9924999999999999
AT4G09000,50.99,1.033,6,0.974
AT4G09040,39.811,2.796,4,0.9904999999999999
AT4G09320,53.574,1.453,6,0.9644999999999999
AT4G09520,42.181,1.838,4,0.986
AT4G09670,56.317,1.387,5,0.978
AT4G09800,38.472,0.673,6,0.9955
AT4G10320,40.221,1.056,6,0.9975
AT4G11150,43.42,0.654,4,0.9875
AT4G11260,47.35,0.733,4,0.9755
AT4G11600,56.772,2.153,5,0.968
AT4G11820,42.145,1.263,6,0.995
AT4G12060,48.404,0.664,6,0.9855
AT4G12420,45.792,1.214,6,0.9935
AT4G12730,53.44,1.331,3,0.987
AT4G13360,58.122,1.604,6,0.9715
AT4G13430,42.769,1.024,6,0.996
AT4G13780,39.426,0.842,6,0.9975
AT4G13930,47.986,1.443,6,0.99
AT4G13940,37.65,0.692,6,0.9964999999999999
AT4G14030,48.712,0.849,6,0.9895
AT4G14040,51.078,1.873,5,0.994
AT4G14570,50.234,0.548,6,0.98
AT4G14960,39.281,0.45,6,0.9964999999999999
AT4G15093,43.903,1.667,5,0.991
AT4G15210,54.909,2.306,6,0.9795
AT4G15390,47.857,1.77,6,0.989
AT4G15550,41.805,1.39,6,0.995
AT4G16060,43.268,0.605,6,0.992
AT4G16390,39.084,1.771,4,0.993
AT4G16720,37.591,0.594,6,0.9955
AT4G17040,50.453,1.849,6,0.985
AT4G17100,45.981,2.024,6,0.985
AT4G17190,41.896,1.758,6,0.9884999999999999
AT4G17300,44.622,1.116,6,0.994
AT4G17390,37.591,0.594,6,0.9955
AT4G18480,41.166,1.748,5,0.991
AT4G18730,37.624,0.806,6,0.997
AT4G19710,44.226,1.507,6,0.99
AT4G19880,50.947,1.814,6,0.988
AT4G20260,49.768,2.868,5,0.973
AT4G20360,38.909,0.263,6,0.997
AT4G20840,53.083,1.771,5,0.966
AT4G20850,53.445,0.776,6,0.9824999999999999
AT4G20960,45.715,1.602,5,0.993
AT4G21580,45.297,0.823,6,0.9955
AT4G22670,52.381,2.139,5,0.99
AT4G22720,43.004,1.899,3,0.895
AT4G23100,42.838,1.034,6,0.997
AT4G23600,53.388,2.162,6,0.9684999999999999
AT4G23670,47.016,0.627,6,0.9944999999999999
AT4G23680,44.948,1.41,6,0.9944999999999999
AT4G24190,41.394,1.979,6,0.998
AT4G24220,46.289,1.078,6,0.993
AT4G24280,46.752,1.294,6,0.993
AT4G24620,43.763,0.699,6,0.992
AT4G24770,48.446,0.624,5,0.997
AT4G24820,39.213,0.446,6,0.997
AT4G24830,43.691,2.022,6,0.995
AT4G25100,56.27,1.132,5,0.988
AT4G25370,48.931,0.704,6,0.9855
AT4G26300,41.955,1.344,6,0.9924999999999999
AT4G26690,51.767,0.506,6,0.9784999999999999
AT4G26870,40.309,1.057,3,0.989
AT4G26900,39.526,0.736,6,0.996
AT4G26970,52.247,1.006,6,0.9804999999999999
AT4G27000,47.877,1.421,6,0.989
AT4G29040,38.869,0.392,6,0.997
AT4G29060,43.951,1.019,6,0.9944999999999999
AT4G29260,56.038,2.143,5,0.969
AT4G29350,46.088,0.9,6,0.995
AT4G29410,37.211,1.565,3,0.996
AT4G29490,44.79,1.477,4,0.9875
AT4G29840,46.281,2.413,6,0.995
AT4G30160,43.565,1.259,6,0.983
AT4G30270,39.927,0.661,6,0.9935
AT4G30310,49.03,1.638,6,0.983
AT4G30530,42.044,1.217,6,0.9964999999999999
AT4G30810,44.779,2.5,5,0.98
AT4G30920,47.074,0.857,6,0.9895
AT4G31180,43.411,1.936,6,0.996
AT4G31300,58.075,1.827,5,0.95
AT4G31480,37.902,1.137,6,0.996
AT4G31490,37.902,1.137,6,0.996
AT4G31700,37.644,0.68,6,0.9935
AT4G31990,50.59,0.874,6,0.9915
AT4G32520,56.081,0.811,6,0.9764999999999999
AT4G32720,39.481,0.455,3,0.992
AT4G33010,45.816,0.554,6,0.993
AT4G33030,49.606,0.763,5,0.992
AT4G33090,55.379,0.402,6,0.972
AT4G33150,40.245,1.444,6,0.9895
AT4G33580,47.308,2.817,5,0.993
AT4G33670,49.983,1.307,6,0.9904999999999999
AT4G33680,46.407,1.183,6,0.9975
AT4G33760,39.111,0.927,6,0.994
AT4G34050,45.034,1.768,6,0.992
AT4G34110,40.595,0.707,6,0.996
AT4G34180,60.264,1.757,5,0.854
AT4G34200,43.557,1.363,6,0.9955
AT4G34260,47.338,1.921,4,0.986
AT4G34350,42.064,1.108,6,0.998
AT4G34450,38.835,1.049,6,0.9955
AT4G34490,38.399,1.183,6,0.995
AT4G34620,39.126,1.835,4,0.988
AT4G34740,46.623,2.723,6,0.988
AT4G34870,40.873,1.522,6,0.9955
AT4G35220,60.058,1.088,6,0.9185
AT4G35630,38.982,1.524,6,0.995
AT4G35830,53.401,1.813,6,0.9795
AT4G36400,48.608,2.597,6,0.991
AT4G36760,45.825,1.895,6,0.9964999999999999
AT4G37000,57.919,2.627,6,0.95
AT4G37800,41.996,1.221,6,0.9955
AT4G37910,41.511,0.827,6,0.9944999999999999
AT4G37980,39.283,1.322,6,0.996
AT4G38220,39.314,1.217,6,0.9895
AT4G38460,45.896,2.058,3,0.994
AT4G38740,45.617,1.715,6,0.9884999999999999
AT4G38800,45.887,1.414,6,0.9855
AT4G38970,49.914,0.403,6,0.9835
AT4G39280,41.475,1.992,6,0.998
AT4G39330,39.666,1.174,6,0.9964999999999999
AT4G39660,57.919,1.597,6,0.9715
AT5G01210,38.748,1.504,4,0.993
AT5G01410,58.965,2.848,6,0.9655
AT5G01650,51.635,2.069,6,0.9675
AT5G02240,48.952,0.64,6,0.983
AT5G02500,38.649,1.277,6,0.996
AT5G03300,47.411,2.049,6,0.989
AT5G03630,50.444,1.258,6,0.9924999999999999
AT5G03650,43.31,1.297,6,0.987
AT5G04140,61.052,1.111,5,0.954
AT5G04360,44.431,1.415,6,0.9944999999999999
AT5G04430,43.586,1.625,6,0.996
AT5G04740,53.286,1.058,6,0.983
AT5G05010,43.269,1.478,6,0.995
AT5G05270,51.318,0.89,5,0.983
AT5G05730,46.732,1.117,6,0.9924999999999999
AT5G05780,39.269,1.681,4,0.983
AT5G05980,41.952,3.377,6,0.99
AT5G06060,52.55,2.105,5,0.992
AT5G06580,57.539,1.133,6,0.9175
AT5G06600,43.161,1.42,6,0.9935
AT5G07090,37.091,0.855,6,0.9935
AT5G07350,38.536,1.911,5,0.996
AT5G07460,48.908,2.012,5,0.98
AT5G08100,48.7,1.642,3,0.99
AT5G08260,48.851,2.07,4,0.9875
AT5G08670,44.469,1.488,6,0.9924999999999999
AT5G08680,44.469,1.488,6,0.9924999999999999
AT5G08690,44.469,1.488,6,0.9924999999999999
AT5G09590,45.326,0.63,6,0.9935
AT5G09650,43.7,1.234,6,0.9955
AT5G09660,39.054,0.712,6,0.993
AT5G09810,38.477,0.629,6,0.997
AT5G10360,37.644,0.68,6,0.9935
AT5G10450,46.773,2.652,6,0.989
AT5G10540,41.237,1.486,6,0.9955
AT5G10860,41.353,1.263,6,0.9724999999999999
AT5G10870,58.707,1.852,3,0.93
AT5G10920,49.607,0.857,6,0.982
AT5G11170,39.641,0.7,6,0.998
AT5G11200,39.641,0.7,6,0.998
AT5G11520,46.738,1.444,6,0.995
AT5G11670,60.505,2.455,5,0.806
AT5G11810,44.773,1.046,6,0.989
AT5G12040,50.887,1.041,6,0.9955
AT5G12950,58.498,1.292,4,0.9915
AT5G13030,39.359,0.785,6,0.996
AT5G13110,39.067,0.665,3,0.991
AT5G13120,42.184,1.033,6,0.994
AT5G13410,44.82,2.466,3,0.988
AT5G13420,48.857,0.803,6,0.9855
AT5G13510,40.921,2.716,5,0.994
AT5G13520,46.634,1.152,6,0.984
AT5G14200,56.243,1.695,5,0.983
AT5G14260,52.633,0.766,6,0.9915
AT5G14590,43.01,2.613,6,0.9884999999999999
AT5G14670,41.043,0.856,6,0.9964999999999999
AT5G14740,56.861,2.028,6,0.989
AT5G14780,55.478,0.753,5,0.99
AT5G15450,41.007,1.17,6,0.9964999999999999
AT5G16440,44.477,1.439,6,0.9884999999999999
AT5G16510,58.257,2.214,4,0.958
AT5G16710,45.984,1.44,6,0.9935
AT5G16715,39.213,0.536,6,0.996
AT5G16760,46.051,0.74,3,0.981
AT5G16970,49.565,0.538,6,0.989
AT5G17310,50.736,1.032,6,0.9784999999999999
AT5G17380,40.813,1.358,6,0.9975
AT5G17530,48.112,0.875,6,0.9924999999999999
AT5G17920,45.805,2.025,6,0.9904999999999999
AT5G17990,43.923,1.127,6,0.9875
AT5G18380,37.452,1.573,6,0.9884999999999999
AT5G19180,47.406,1.424,6,0.988
AT5G19220,49.434,0.918,6,0.989
AT5G19440,45.186,0.569,6,0.9904999999999999
AT5G19510,43.274,2.408,4,0.9864999999999999
AT5G19550,45.017,1.574,6,0.995
AT5G19680,47.28,1.083,3,0.995
AT5G19770,39.281,0.45,6,0.9964999999999999
AT5G19780,39.281,0.45,6,0.9964999999999999
AT5G19820,45.367,2.255,6,0.9835
AT5G19990,39.012,0.595,6,0.997
AT5G20000,39.012,0.595,6,0.997
AT5G20010,53.548,1.035,6,0.985
AT5G20020,53.548,1.035,6,0.985
AT5G20080,43.372,0.871,6,0.9964999999999999
AT5G20290,37.142,1.005,6,0.995
AT5G20500,55.179,1.714,6,0.9724999999999999
AT5G20890,40.976,2.124,6,0.998
AT5G20990,42.446,1.42,4,0.9884999999999999
AT5G21060,50.949,2.227,6,0.984
AT5G21274,58.754,0.942,3,0.972
AT5G22510,56.137,2.205,6,0.9635
AT5G22580,52.916,1.022,5,0.987
AT5G22650,36.909,0.035,3,0.987
AT5G22800,39.813,0.915,6,0.996
AT5G23120,44.963,0.964,6,0.9915
AT5G23310,49.865,3.629,6,0.981
AT5G23540,39.122,0.52,5,0.997
AT5G23830,53.736,1.399,5,0.98
AT5G24260,46.016,1.451,5,0.99
AT5G24400,45.662,1.313,6,0.994
AT5G25460,41.186,0.81,4,0.9955
AT5G25780,39.367,1.325,6,0.9984999999999999
AT5G25980,60.837,1.817,5,0.913
AT5G26000,59.778,1.108,5,0.98
AT5G26260,49.551,1.605,6,0.9704999999999999
AT5G26280,53.759,1.986,6,0.9824999999999999
AT5G26360,41.457,2.197,6,0.998
AT5G26570,44.023,3.509,6,0.9944999999999999
AT5G26710,39.516,0.982,6,0.996
AT5G26830,40.097,1.36,6,0.9975
AT5G26860,39.273,2.079,3,0.994
AT5G27380,54.78,1.557,5,0.983
AT5G27410,46.674,2.819,5,0.981
AT5G27450,53.621,1.336,5,0.984
AT5G27470,45.627,2.43,6,0.992
AT5G27640,39.367,1.325,6,0.9984999999999999
AT5G27850,37.777,0.957,6,0.9924999999999999
AT5G28500,44.691,0.952,6,0.99
AT5G28840,38.808,0.652,6,0.998
AT5G30510,39.459,0.669,6,0.9964999999999999
AT5G34850,51.246,2.385,6,0.9864999999999999
AT5G35100,51.232,1.596,6,0.9455
AT5G35360,57.456,1.547,5,0.907
AT5G35590,56.899,2.195,4,0.9595
AT5G35630,41.137,1.052,6,0.9964999999999999
AT5G36160,41.31,0.751,4,0.995
AT5G36170,41.521,1.999,6,0.9784999999999999
AT5G36210,50.421,0.992,6,0.992
AT5G36230,40.045,1.986,4,0.979
AT5G36880,42.933,0.763,6,0.996
AT5G37780,58.754,0.942,3,0.972
AT5G37830,47.705,0.987,6,0.993
AT5G37850,44.575,0.853,6,0.991
AT5G38430,55.997,2.186,6,0.9584999999999999
AT5G38480,48.298,1.159,6,0.9864999999999999
AT5G39080,41.88,1.393,4,0.9884999999999999
AT5G39320,44.375,2.165,6,0.989
AT5G39730,53.467,0.469,6,0.9835
AT5G40280,50.067,1.156,3,0.987
AT5G40390,42.949,1.45,6,0.994
AT5G40760,38.936,0.771,4,0.992
AT5G41040,39.766,0.918,6,0.995
AT5G41670,43.219,3.163,6,0.9955
AT5G41970,50.971,1.141,6,0.9784999999999999
AT5G42740,53.047,1.785,6,0.98
AT5G43330,47.576,1.012,6,0.983
AT5G43600,47.872,0.446,6,0.986
AT5G43830,57.741,0.794,5,0.96
AT5G43940,48.239,3.165,6,0.9924999999999999
AT5G44720,44.255,0.779,6,0.993
AT5G45390,48.515,2.003,6,0.993
AT5G45680,58.964,2.309,5,0.973
AT5G45775,37.624,0.806,6,0.997
AT5G46180,46.582,2.188,5,0.987
AT5G46290,40.08,1.127,6,0.999
AT5G47770,40.212,0.916,6,0.996
AT5G47840,41.066,1.616,6,0.9955
AT5G48180,42.716,0.991,6,0.9944999999999999
AT5G48230,50.829,2.491,6,0.992
AT5G48300,50.374,1.705,6,0.9915
AT5G48540,52.526,0.696,5,0.964
AT5G48930,40.694,1.44,5,0.994
AT5G49030,41.634,1.659,6,0.9964999999999999
AT5G49360,46.694,1.699,5,0.981
AT5G49460,42.204,2.04,6,0.987
AT5G49650,51.208,0.676,6,0.9875
AT5G49910,44.64,1.506,6,0.992
AT5G49970,45.079,0.9,5,0.988
AT5G49980,51.856,2.162,6,0.988
AT5G50250,51.34,0.513,5,0.984
AT5G50850,45.524,1.292,6,0.99
AT5G50920,38.679,1.05,6,0.997
AT5G51100,46.28,0.794,6,0.9895
AT5G51820,38.962,1.079,6,0.9955
AT5G51970,47.728,1.687,6,0.989
AT5G52520,40.844,0.848,6,0.9964999999999999
AT5G52560,44.063,0.346,6,0.9895
AT5G52640,48.888,3.189,5,0.992
AT5G52920,46.41,1.822,6,0.9864999999999999
AT5G53140,58.038,1.509,6,0.955
AT5G53460,43.351,0.681,6,0.995
AT5G53490,48.781,0.942,6,0.9915
AT5G53850,44.841,1.026,6,0.9955
AT5G54080,51.629,1.605,4,0.9295
AT5G54160,40.693,1.952,6,0.9955
AT5G54750,49.685,3.586,6,0.981
AT5G54810,47.622,1.851,5,0.986
AT5G54900,48.743,1.882,6,0.9855
AT5G55190,53.548,1.035,6,0.985
AT5G55220,43.591,1.339,6,0.9955
AT5G55730,52.696,0.732,3,0.976
AT5G56260,51.422,0.855,5,0.991
AT5G56350,42.068,0.785,6,0.9955
AT5G56500,54.411,1.245,6,0.9544999999999999
AT5G56660,40.826,0.391,4,0.99
AT5G56680,41.038,0.873,6,0.9924999999999999
AT5G56740,39.547,1.385,4,0.993
AT5G57020,45.391,0.572,6,0.99
AT5G57330,53.468,1.301,5,0.982
AT5G57655,43.252,0.744,6,0.9944999999999999
AT5G57700,54.706,1.075,6,0.979
AT5G57850,56.243,1.932,6,0.9744999999999999
AT5G58070,52.313,1.441,3,0.968
AT5G58250,49.261,1.139,6,0.9895
AT5G58290,38.669,0.981,6,0.9964999999999999
AT5G58330,55.567,1.774,5,0.977
AT5G58420,37.091,0.855,6,0.9935
AT5G58490,39.768,0.968,6,0.9964999999999999
AT5G59880,47.732,1.043,6,0.986
AT5G60360,47.496,1.21,6,0.9804999999999999
AT5G60390,38.837,0.795,6,0.998
AT5G60600,45.018,1.342,6,0.9935
AT5G60640,48.937,1.546,6,0.994
AT5G61410,42.526,2.122,6,0.9964999999999999
AT5G61510,52.266,1.896,5,0.986
AT5G61780,39.056,1.165,5,0.989
AT5G62530,61.334,2.541,3,0.899
AT5G62790,42.027,0.359,6,0.9984999999999999
AT5G63420,39.199,0.231,3,0.995
AT5G63570,53.364,1.248,6,0.9895
AT5G63810,58.796,2.459,3,0.962
AT5G63840,48.019,0.534,6,0.982
AT5G63980,47.226,0.954,6,0.99
AT5G64050,38.617,0.188,6,0.9964999999999999
AT5G64250,44.833,1.074,4,0.989
AT5G64370,60.179,2.316,3,0.945
AT5G64860,44.965,3.601,6,0.9895
AT5G65010,38.669,1.003,6,0.9944999999999999
AT5G65020,39.02,0.582,6,0.995
AT5G65430,46.23,2.56,6,0.9644999999999999
AT5G65620,43.404,0.754,6,0.991
AT5G66120,39.145,0.639,5,0.998
AT5G66190,55.994,1.431,6,0.9664999999999999
AT5G66420,39.634,0.688,6,0.9935
AT5G66530,45.439,0.708,6,0.9935
AT5G67150,44.332,0.742,6,0.989
ATCG00160,37.7,0.68,6,0.9944999999999999
ATCG00490,57.213,1.331,6,0.9584999999999999
ATCG00800,37.225,0.849,6,0.9955
ATCG00810,37.788,0.596,5,0.995
ATCG00830,38.754,1.352,3,0.995
ATCG00900,37.954,1.539,6,0.991
ATCG01110,40.525,1.236,6,0.9864999999999999
ATCG01240,37.954,1.539,6,0.991
ATCG01310,38.754,1.352,3,0.995
