source_row,source_AGI,gene,n_agis_in_source,processing_status,Tm_median,Tm_sd,n_modeled,R2_median,C1.r2,C2.r2,C3.r2,C4.r2,C5.r2,C6.r2
1,AT1G01080,AT1G01080,1,usable,39.01,1.068,6,0.9935,0.994,0.996,0.993,0.995,0.993,0.993
2,AT1G01090,AT1G01090,1,usable,42.277,1.501,6,0.996,0.998,0.994,0.998,0.997,0.995,0.987
3,AT1G01800,AT1G01800,1,usable,40.82,1.178,6,0.9884999999999999,0.996,0.985,0.991,0.986,0.999,0.986
4,AT1G02140,AT1G02140,1,usable,38.67,2.481,3,0.992,0.992,,,,0.958,0.996
5,AT1G02560,AT1G02560,1,usable,48.019,1.827,6,0.9904999999999999,0.995,0.977,0.986,0.996,0.996,0.981
6,AT1G02920,AT1G02920,1,usable,39.982,2.259,5,0.995,0.998,0.992,0.995,0.997,0.988,
7,AT1G03110,AT1G03110,1,usable,47.391,0.787,3,0.993,0.997,0.976,,,0.993,
8,AT1G03220,AT1G03220,1,usable,50.733,1.852,6,0.978,0.99,0.975,0.988,0.98,0.976,0.957
9,AT1G03475,AT1G03475,1,usable,48.79,1.965,6,0.9975,0.998,0.984,0.997,0.998,0.998,0.954
10,AT1G03630,AT1G03630,1,usable,40.015,0.982,3,0.984,0.984,0.963,,,0.99,
11,AT1G04170,AT1G04170,1,usable,42.011,2.998,6,0.997,0.998,0.975,0.998,0.997,0.997,0.992
12,AT1G04410,AT1G04410,1,usable,49.063,0.876,6,0.988,0.988,0.956,0.988,0.992,0.99,0.974
13,AT1G04420,AT1G04420,1,usable,48.45,0.816,6,0.986,0.996,0.969,0.984,0.988,0.993,0.963
14,AT1G04480|AT2G33370|AT3G04400,AT1G04480,3,usable,37.854,0.559,6,0.996,0.999,0.995,0.989,0.993,0.997,0.998
14,AT1G04480|AT2G33370|AT3G04400,AT2G33370,3,usable,37.854,0.559,6,0.996,0.999,0.995,0.989,0.993,0.997,0.998
14,AT1G04480|AT2G33370|AT3G04400,AT3G04400,3,usable,37.854,0.559,6,0.996,0.999,0.995,0.989,0.993,0.997,0.998
15,AT1G04690,AT1G04690,1,usable,44.183,2.0,6,0.9895,0.987,0.989,0.994,0.987,0.994,0.99
16,AT1G04820|AT1G50010|AT4G14960|AT5G19770|AT5G19780,AT1G04820,5,usable,39.281,0.45,6,0.9964999999999999,0.996,0.968,0.998,0.997,0.998,0.993
16,AT1G04820|AT1G50010|AT4G14960|AT5G19770|AT5G19780,AT1G50010,5,usable,39.281,0.45,6,0.9964999999999999,0.996,0.968,0.998,0.997,0.998,0.993
16,AT1G04820|AT1G50010|AT4G14960|AT5G19770|AT5G19780,AT4G14960,5,usable,39.281,0.45,6,0.9964999999999999,0.996,0.968,0.998,0.997,0.998,0.993
16,AT1G04820|AT1G50010|AT4G14960|AT5G19770|AT5G19780,AT5G19770,5,usable,39.281,0.45,6,0.9964999999999999,0.996,0.968,0.998,0.997,0.998,0.993
16,AT1G04820|AT1G50010|AT4G14960|AT5G19770|AT5G19780,AT5G19780,5,usable,39.281,0.45,6,0.9964999999999999,0.996,0.968,0.998,0.997,0.998,0.993
17,AT1G05180,AT1G05180,1,usable,48.799,1.779,6,0.9795,0.908,0.966,0.987,0.983,0.994,0.976
18,AT1G06000,AT1G06000,1,usable,42.105,1.121,6,0.994,0.994,0.987,0.994,0.994,0.997,0.995
19,AT1G06130,AT1G06130,1,usable,53.664,2.814,4,0.957,0.973,0.868,0.941,,0.981,
20,AT1G06290,AT1G06290,1,usable,48.609,1.625,6,0.9955,0.996,0.968,0.995,0.997,0.996,0.991
21,AT1G06550,AT1G06550,1,usable,43.886,1.145,6,0.995,0.99,0.988,0.995,0.996,0.996,0.995
22,AT1G07750,AT1G07750,1,usable,53.065,1.78,6,0.972,0.992,0.962,0.979,0.965,0.989,0.842
23,AT1G07890,AT1G07890,1,usable,41.745,1.018,6,0.998,0.999,0.985,0.998,0.998,0.999,0.993
24,AT1G07920|AT1G07930|AT1G07940|AT5G60390,AT1G07920,4,usable,38.837,0.795,6,0.998,0.998,0.996,0.998,0.994,0.998,0.999
24,AT1G07920|AT1G07930|AT1G07940|AT5G60390,AT1G07930,4,usable,38.837,0.795,6,0.998,0.998,0.996,0.998,0.994,0.998,0.999
24,AT1G07920|AT1G07930|AT1G07940|AT5G60390,AT1G07940,4,usable,38.837,0.795,6,0.998,0.998,0.996,0.998,0.994,0.998,0.999
24,AT1G07920|AT1G07930|AT1G07940|AT5G60390,AT5G60390,4,usable,38.837,0.795,6,0.998,0.998,0.996,0.998,0.994,0.998,0.999
25,AT1G08110,AT1G08110,1,usable,48.249,1.721,5,0.994,0.997,0.975,,0.996,0.994,0.986
26,AT1G08200,AT1G08200,1,usable,42.41,0.523,5,0.995,0.995,0.979,0.997,0.993,0.998,
27,AT1G08450,AT1G08450,1,usable,39.215,0.379,3,0.995,0.996,0.99,,,,0.995
28,AT1G08550,AT1G08550,1,usable,51.217,1.218,4,0.9884999999999999,0.995,0.923,0.987,0.99,,
29,AT1G08980,AT1G08980,1,usable,48.625,1.495,6,0.992,0.997,0.935,0.992,0.992,0.998,0.985
30,AT1G09010,AT1G09010,1,usable,59.499,0.938,3,0.961,0.985,,0.961,0.887,,
31,AT1G09130,AT1G09130,1,usable,50.118,1.674,6,0.989,0.987,0.917,0.991,0.993,0.995,0.941
32,AT1G09210,AT1G09210,1,usable,47.638,0.505,5,0.994,0.987,0.975,0.997,0.997,0.994,
33,AT1G09310,AT1G09310,1,usable,49.552,0.961,6,0.9924999999999999,0.994,0.975,0.985,0.994,0.996,0.991
34,AT1G09340,AT1G09340,1,usable,50.918,1.833,6,0.9844999999999999,0.991,0.978,0.992,0.991,0.944,0.961
35,AT1G09430,AT1G09430,1,usable,38.57,0.536,6,0.9955,0.989,0.986,0.995,0.996,0.997,0.999
36,AT1G09590|AT1G09690|AT1G57660|AT1G57860,AT1G09590,4,usable,37.184,1.076,6,0.995,0.999,0.995,0.996,0.994,0.995,0.992
36,AT1G09590|AT1G09690|AT1G57660|AT1G57860,AT1G09690,4,usable,37.184,1.076,6,0.995,0.999,0.995,0.996,0.994,0.995,0.992
36,AT1G09590|AT1G09690|AT1G57660|AT1G57860,AT1G57660,4,usable,37.184,1.076,6,0.995,0.999,0.995,0.996,0.994,0.995,0.992
36,AT1G09590|AT1G09690|AT1G57660|AT1G57860,AT1G57860,4,usable,37.184,1.076,6,0.995,0.999,0.995,0.996,0.994,0.995,0.992
37,AT1G09620,AT1G09620,1,usable,39.261,0.469,6,0.9975,0.998,0.997,0.999,0.997,0.997,0.998
38,AT1G09640,AT1G09640,1,usable,41.264,0.727,6,0.9924999999999999,0.993,0.975,0.998,0.997,0.992,0.977
39,AT1G09750,AT1G09750,1,usable,51.664,1.181,6,0.9664999999999999,0.964,0.951,0.991,0.989,0.969,0.955
40,AT1G09780,AT1G09780,1,usable,42.199,1.493,6,0.995,0.995,0.992,0.995,0.995,0.998,0.991
41,AT1G09795,AT1G09795,1,usable,45.774,1.743,6,0.9915,0.993,0.959,0.992,0.994,0.991,0.984
42,AT1G09830,AT1G09830,1,usable,46.724,0.752,6,0.994,0.994,0.977,0.999,0.997,0.994,0.973
43,AT1G10360,AT1G10360,1,usable,51.367,1.546,5,0.982,0.966,0.988,0.982,0.981,0.995,
44,AT1G10630|AT1G23490|AT1G70490|AT2G47170|AT3G62290|AT5G14670,AT1G10630,6,usable,41.043,0.856,6,0.9964999999999999,0.984,0.988,0.997,0.996,0.997,0.999
44,AT1G10630|AT1G23490|AT1G70490|AT2G47170|AT3G62290|AT5G14670,AT1G23490,6,usable,41.043,0.856,6,0.9964999999999999,0.984,0.988,0.997,0.996,0.997,0.999
44,AT1G10630|AT1G23490|AT1G70490|AT2G47170|AT3G62290|AT5G14670,AT1G70490,6,usable,41.043,0.856,6,0.9964999999999999,0.984,0.988,0.997,0.996,0.997,0.999
44,AT1G10630|AT1G23490|AT1G70490|AT2G47170|AT3G62290|AT5G14670,AT2G47170,6,usable,41.043,0.856,6,0.9964999999999999,0.984,0.988,0.997,0.996,0.997,0.999
44,AT1G10630|AT1G23490|AT1G70490|AT2G47170|AT3G62290|AT5G14670,AT3G62290,6,usable,41.043,0.856,6,0.9964999999999999,0.984,0.988,0.997,0.996,0.997,0.999
44,AT1G10630|AT1G23490|AT1G70490|AT2G47170|AT3G62290|AT5G14670,AT5G14670,6,usable,41.043,0.856,6,0.9964999999999999,0.984,0.988,0.997,0.996,0.997,0.999
45,AT1G10670,AT1G10670,1,usable,41.084,1.47,4,0.9944999999999999,0.997,0.992,0.991,0.997,,
46,AT1G10760,AT1G10760,1,usable,45.275,1.473,5,0.991,0.994,0.99,0.993,,0.991,0.978
47,AT1G11430,AT1G11430,1,usable,52.274,2.009,5,0.972,0.987,0.957,0.957,0.991,0.972,
48,AT1G11720,AT1G11720,1,usable,43.382,1.317,4,0.991,0.995,0.985,,,0.994,0.988
49,AT1G11750,AT1G11750,1,usable,46.608,1.415,6,0.9895,0.988,0.938,0.997,0.994,0.991,0.988
50,AT1G11840,AT1G11840,1,usable,54.338,1.804,6,0.9844999999999999,0.983,0.97,0.986,0.993,0.99,0.933
51,AT1G11860,AT1G11860,1,usable,40.178,0.622,6,0.996,0.999,0.996,0.996,0.996,0.994,0.996
52,AT1G11870,AT1G11870,1,usable,43.651,0.578,6,0.9815,0.996,0.971,0.987,0.976,0.995,0.974
53,AT1G11910,AT1G11910,1,usable,43.354,0.998,3,0.991,0.99,0.991,,,0.991,
54,AT1G11930,AT1G11930,1,usable,48.683,0.496,4,0.9855,0.98,0.95,,,0.994,0.991
55,AT1G12000,AT1G12000,1,usable,39.65,0.924,6,0.9935,0.997,0.98,0.996,0.997,0.988,0.991
56,AT1G12050,AT1G12050,1,usable,50.62,2.346,5,0.988,0.993,,0.987,0.988,0.994,0.986
57,AT1G12230,AT1G12230,1,usable,42.776,0.738,6,0.995,0.995,0.996,0.995,0.995,0.992,0.995
58,AT1G12240,AT1G12240,1,usable,46.706,1.854,6,0.9944999999999999,0.997,0.974,0.992,0.997,0.997,0.988
59,AT1G12410,AT1G12410,1,usable,49.108,2.043,6,0.988,0.985,0.959,0.995,0.991,0.995,0.973
60,AT1G12780,AT1G12780,1,usable,38.406,0.555,5,0.994,0.99,0.994,0.996,0.996,0.985,
61,AT1G14610,AT1G14610,1,usable,43.38,1.192,6,0.996,0.999,0.992,0.997,0.999,0.995,0.994
62,AT1G14810,AT1G14810,1,usable,44.691,2.973,6,0.9964999999999999,0.997,0.984,0.998,0.997,0.996,0.993
63,AT1G15930,AT1G15930,1,usable,48.946,2.836,4,0.965,0.987,,0.922,0.967,0.963,
64,AT1G15950,AT1G15950,1,usable,48.361,2.65,5,0.985,0.985,0.981,0.995,0.99,,0.981
65,AT1G16080,AT1G16080,1,usable,45.969,0.749,6,0.993,0.995,0.978,0.993,0.995,0.984,0.993
66,AT1G16350,AT1G16350,1,usable,38.508,0.888,6,0.995,0.995,0.984,0.997,0.994,0.995,0.998
67,AT1G16470|AT1G79210,AT1G16470,2,usable,61.72,0.744,3,0.886,0.886,,,,0.93,0.742
67,AT1G16470|AT1G79210,AT1G79210,2,usable,61.72,0.744,3,0.886,0.886,,,,0.93,0.742
68,AT1G16720,AT1G16720,1,usable,40.053,0.707,3,0.994,0.994,0.998,,,0.994,
69,AT1G16880,AT1G16880,1,usable,53.195,1.625,6,0.9775,0.97,0.972,0.983,0.994,0.992,0.968
70,AT1G17100,AT1G17100,1,usable,53.611,1.393,4,0.9784999999999999,0.982,,0.971,0.975,0.994,
71,AT1G17160,AT1G17160,1,usable,53.355,0.812,6,0.973,0.979,0.926,0.988,0.967,0.987,0.95
72,AT1G17190,AT1G17190,1,usable,46.086,0.926,6,0.989,0.987,0.963,0.993,0.994,0.991,0.987
73,AT1G17220,AT1G17220,1,usable,42.657,1.614,5,0.969,0.97,0.969,0.915,,0.995,0.954
74,AT1G17290,AT1G17290,1,usable,47.682,0.858,6,0.997,0.997,0.982,0.997,0.999,0.998,0.982
75,AT1G17650,AT1G17650,1,usable,42.208,2.611,6,0.99,0.992,0.99,0.945,0.956,0.992,0.99
76,AT1G17745,AT1G17745,1,usable,40.31,1.794,5,0.991,0.984,0.993,0.988,,0.998,0.991
77,AT1G18080,AT1G18080,1,usable,48.123,1.449,6,0.964,0.982,0.966,0.948,0.967,0.933,0.962
78,AT1G18210,AT1G18210,1,usable,57.423,0.173,3,0.983,,,0.97,0.983,0.986,
79,AT1G18270,AT1G18270,1,usable,43.136,1.17,6,0.9964999999999999,0.997,0.997,0.992,0.99,0.996,0.997
80,AT1G19570,AT1G19570,1,usable,48.448,2.698,5,0.995,0.996,0.986,0.991,0.996,0.995,
81,AT1G19920,AT1G19920,1,usable,43.993,1.088,6,0.9884999999999999,0.994,0.986,0.988,0.989,0.994,0.985
82,AT1G20020,AT1G20020,1,usable,56.989,2.459,6,0.9815,0.994,0.937,0.989,0.984,0.979,0.934
83,AT1G20200,AT1G20200,1,usable,37.933,0.354,4,0.9955,0.995,0.966,,,0.998,0.996
84,AT1G20225,AT1G20225,1,usable,58.535,0.788,3,0.918,0.979,0.808,0.918,,,
85,AT1G20620,AT1G20620,1,usable,46.825,0.987,6,0.9904999999999999,0.996,0.982,0.99,0.991,0.997,0.983
86,AT1G20950,AT1G20950,1,usable,40.239,1.914,6,0.9955,0.999,0.976,0.995,0.997,0.989,0.996
87,AT1G21440,AT1G21440,1,usable,59.206,1.908,3,0.937,,0.812,0.979,0.937,,
88,AT1G21680,AT1G21680,1,usable,52.67,2.492,3,0.978,,,0.983,0.964,0.978,
89,AT1G21750,AT1G21750,1,usable,54.403,1.783,5,0.993,0.995,0.98,0.992,0.997,0.993,
90,AT1G22300,AT1G22300,1,usable,48.779,1.086,6,0.9915,0.989,0.984,0.997,0.994,0.996,0.967
91,AT1G22360,AT1G22360,1,usable,38.252,0.646,3,0.997,0.998,0.979,,,0.997,
92,AT1G22440,AT1G22440,1,usable,50.636,1.579,6,0.9895,0.986,0.994,0.991,0.988,0.997,0.982
93,AT1G22530,AT1G22530,1,usable,42.759,2.244,6,0.98,0.989,0.964,0.976,0.906,0.992,0.984
94,AT1G22780|AT1G34030|AT4G09800,AT1G22780,3,usable,38.472,0.673,6,0.9955,0.995,0.994,0.996,0.995,0.996,0.998
94,AT1G22780|AT1G34030|AT4G09800,AT1G34030,3,usable,38.472,0.673,6,0.9955,0.995,0.994,0.996,0.995,0.996,0.998
94,AT1G22780|AT1G34030|AT4G09800,AT4G09800,3,usable,38.472,0.673,6,0.9955,0.995,0.994,0.996,0.995,0.996,0.998
95,AT1G23130,AT1G23130,1,usable,55.651,1.112,5,0.987,0.987,0.975,0.995,0.988,,0.932
96,AT1G23190,AT1G23190,1,usable,39.661,1.158,6,0.994,0.994,0.994,0.996,0.994,0.999,0.977
97,AT1G23290|AT1G70600,AT1G23290,2,usable,37.928,0.865,6,0.994,0.998,0.98,0.987,0.992,0.996,0.996
97,AT1G23290|AT1G70600,AT1G70600,2,usable,37.928,0.865,6,0.994,0.998,0.98,0.987,0.992,0.996,0.996
98,AT1G23310,AT1G23310,1,usable,44.781,0.369,6,0.996,0.995,0.985,0.998,0.998,0.997,0.983
99,AT1G23440,AT1G23440,1,usable,45.154,2.399,4,0.9944999999999999,0.995,0.991,,,0.996,0.994
100,AT1G23730,AT1G23730,1,usable,51.7,1.632,6,0.9804999999999999,0.994,0.94,0.976,0.985,0.991,0.957
101,AT1G23740,AT1G23740,1,usable,52.118,1.526,6,0.9864999999999999,0.987,0.98,0.986,0.989,0.99,0.93
102,AT1G23800,AT1G23800,1,usable,45.843,1.639,4,0.986,0.993,0.983,,,0.989,0.96
103,AT1G24020,AT1G24020,1,usable,44.845,0.817,6,0.996,0.997,0.986,0.998,0.998,0.995,0.982
104,AT1G24100,AT1G24100,1,usable,40.068,0.735,6,0.9964999999999999,0.998,0.997,0.994,0.997,0.996,0.981
105,AT1G24180,AT1G24180,1,usable,43.433,1.66,6,0.9915,0.991,0.993,0.992,0.997,0.986,0.975
106,AT1G24280|AT5G13110,AT1G24280,2,usable,39.067,0.665,3,0.991,0.991,0.981,,,,0.991
106,AT1G24280|AT5G13110,AT5G13110,2,usable,39.067,0.665,3,0.991,0.991,0.981,,,,0.991
107,AT1G24510,AT1G24510,1,usable,41.121,2.095,6,0.995,0.996,0.994,0.996,0.993,0.999,0.994
108,AT1G25230,AT1G25230,1,usable,54.598,2.075,5,0.984,0.959,,0.992,0.984,0.987,0.918
109,AT1G25350,AT1G25350,1,usable,44.311,1.648,6,0.994,0.993,0.993,0.995,0.996,0.995,0.985
110,AT1G26630,AT1G26630,1,usable,41.096,0.77,3,0.993,0.999,0.99,,,0.993,
111,AT1G27020,AT1G27020,1,usable,43.801,2.055,6,0.9975,0.998,0.99,0.998,0.997,0.999,0.975
112,AT1G27130,AT1G27130,1,usable,45.905,0.668,6,0.987,0.982,0.985,0.994,0.998,0.983,0.989
113,AT1G27400|AT1G67430,AT1G27400,2,usable,37.31,0.304,5,0.995,0.998,0.994,0.994,0.995,0.998,
113,AT1G27400|AT1G67430,AT1G67430,2,usable,37.31,0.304,5,0.995,0.998,0.994,0.994,0.995,0.998,
114,AT1G27450,AT1G27450,1,usable,40.265,3.026,6,0.9955,0.995,0.993,0.998,0.996,0.996,0.974
115,AT1G28350,AT1G28350,1,usable,48.859,1.262,6,0.9904999999999999,0.991,0.977,0.998,0.998,0.99,0.929
116,AT1G28660,AT1G28660,1,usable,50.361,2.077,3,0.964,0.964,0.916,,,0.994,
117,AT1G28680,AT1G28680,1,usable,43.421,0.835,6,0.9935,0.995,0.989,0.992,0.991,0.997,0.996
118,AT1G29150,AT1G29150,1,usable,39.145,0.745,6,0.992,0.995,0.984,0.998,0.991,0.993,0.989
119,AT1G29260,AT1G29260,1,usable,42.618,1.533,3,0.984,0.994,0.982,,,0.984,
120,AT1G29880,AT1G29880,1,usable,41.497,1.644,6,0.9975,0.999,0.968,0.998,0.997,0.998,0.996
121,AT1G29900,AT1G29900,1,usable,45.959,0.53,6,0.9944999999999999,0.994,0.984,0.995,0.996,0.995,0.985
122,AT1G30580,AT1G30580,1,usable,37.33,1.027,6,0.997,0.997,0.992,0.997,0.997,0.998,0.995
123,AT1G30690,AT1G30690,1,usable,49.297,1.169,6,0.9944999999999999,0.998,0.993,0.996,0.998,0.991,0.967
124,AT1G31180,AT1G31180,1,usable,60.1,0.509,3,0.93,0.973,,,0.93,0.924,
125,AT1G31190,AT1G31190,1,usable,45.75,1.643,4,0.9744999999999999,0.992,0.925,,,0.978,0.971
126,AT1G31230,AT1G31230,1,usable,46.415,1.219,6,0.986,0.991,0.975,0.987,0.985,0.994,0.976
127,AT1G32060,AT1G32060,1,usable,57.281,1.942,6,0.973,0.963,0.819,0.983,0.986,0.992,0.895
128,AT1G32200,AT1G32200,1,usable,45.421,0.764,6,0.993,0.997,0.987,0.993,0.993,0.992,0.993
129,AT1G32500,AT1G32500,1,usable,43.822,1.994,3,0.99,0.99,0.844,,,,0.993
130,AT1G32990,AT1G32990,1,usable,45.088,1.913,6,0.988,0.984,0.96,0.993,0.976,0.992,0.992
131,AT1G33120|AT1G33140,AT1G33120,2,usable,38.139,0.793,6,0.997,0.998,0.991,0.988,0.997,0.997,0.999
131,AT1G33120|AT1G33140,AT1G33140,2,usable,38.139,0.793,6,0.997,0.998,0.991,0.988,0.997,0.997,0.999
132,AT1G33590,AT1G33590,1,usable,50.065,2.993,5,0.982,0.982,,0.985,0.993,0.957,0.958
133,AT1G35160,AT1G35160,1,usable,48.854,0.966,5,0.986,0.985,0.953,0.989,0.995,0.986,
134,AT1G35580,AT1G35580,1,usable,54.203,1.85,6,0.9675,0.962,0.872,0.973,0.977,0.99,0.917
135,AT1G35720,AT1G35720,1,usable,48.076,1.267,6,0.993,0.992,0.992,0.996,0.994,0.997,0.964
136,AT1G36160,AT1G36160,1,usable,43.772,2.151,5,0.993,0.993,0.992,0.993,0.995,,0.989
137,AT1G36390,AT1G36390,1,usable,41.545,0.876,6,0.992,0.998,0.983,0.992,0.994,0.988,0.992
138,AT1G37130,AT1G37130,1,usable,37.009,1.116,6,0.996,0.991,0.964,0.997,0.997,0.997,0.995
139,AT1G43170,AT1G43170,1,usable,37.002,0.836,6,0.9955,0.999,0.99,0.987,0.995,0.996,0.998
140,AT1G44820,AT1G44820,1,usable,39.87,0.465,3,0.994,0.994,0.996,,,,0.993
141,AT1G45145,AT1G45145,1,usable,58.474,1.49,4,0.9635,0.98,0.949,0.972,0.955,,
142,AT1G45201,AT1G45201,1,usable,40.555,1.379,6,0.996,0.995,0.991,0.997,0.996,0.996,0.998
143,AT1G48350,AT1G48350,1,usable,38.21,1.302,3,0.992,0.993,0.991,,,,0.992
144,AT1G48420,AT1G48420,1,usable,53.019,1.938,5,0.991,0.982,0.941,0.995,0.991,0.992,
145,AT1G48520,AT1G48520,1,usable,46.156,1.176,6,0.987,0.994,0.971,0.994,0.986,0.988,0.983
146,AT1G48600,AT1G48600,1,usable,41.045,0.583,4,0.99,0.991,0.997,,,0.989,0.988
147,AT1G48630|AT3G18130,AT1G48630,2,usable,41.343,1.797,6,0.9964999999999999,0.998,0.995,0.996,0.997,0.999,0.969
147,AT1G48630|AT3G18130,AT3G18130,2,usable,41.343,1.797,6,0.9964999999999999,0.998,0.995,0.996,0.997,0.999,0.969
148,AT1G48850,AT1G48850,1,usable,40.843,1.165,6,0.9975,0.998,0.994,0.999,0.998,0.997,0.997
149,AT1G48860,AT1G48860,1,usable,43.038,1.396,6,0.9775,0.999,0.968,0.932,0.967,0.996,0.987
150,AT1G49660,AT1G49660,1,usable,39.712,0.855,6,0.996,0.998,0.984,0.995,0.997,0.997,0.981
151,AT1G49760,AT1G49760,1,usable,41.425,3.126,6,0.989,0.989,0.997,0.985,0.988,0.989,0.994
152,AT1G49820,AT1G49820,1,usable,42.314,1.019,6,0.993,0.998,0.933,0.994,0.992,0.996,0.981
153,AT1G49970,AT1G49970,1,usable,49.406,1.782,6,0.9815,0.975,0.973,0.992,0.994,0.98,0.983
154,AT1G50200,AT1G50200,1,usable,40.21,1.016,6,0.997,0.997,0.995,0.999,0.997,0.997,0.994
155,AT1G50370|AT3G19980,AT1G50370,2,usable,42.786,1.483,6,0.9964999999999999,0.996,0.885,0.998,0.997,0.998,0.987
155,AT1G50370|AT3G19980,AT3G19980,2,usable,42.786,1.483,6,0.9964999999999999,0.996,0.885,0.998,0.997,0.998,0.987
156,AT1G50380,AT1G50380,1,usable,53.609,0.964,6,0.9844999999999999,0.984,0.96,0.989,0.99,0.985,0.95
157,AT1G50480,AT1G50480,1,usable,46.166,1.887,6,0.988,0.991,0.99,0.986,0.99,0.986,0.962
158,AT1G50670,AT1G50670,1,usable,41.184,0.757,3,0.986,0.997,0.896,,,,0.986
159,AT1G52400,AT1G52400,1,usable,49.705,1.7,3,0.985,0.987,,,,0.985,0.9
160,AT1G53240,AT1G53240,1,usable,46.961,0.676,6,0.993,0.995,0.944,0.992,0.994,0.997,0.962
161,AT1G53280,AT1G53280,1,usable,45.416,1.587,6,0.993,0.981,0.992,0.994,0.995,0.998,0.988
162,AT1G53310,AT1G53310,1,usable,53.317,3.199,6,0.9795,0.984,0.96,0.997,0.996,0.975,0.969
163,AT1G53520,AT1G53520,1,usable,55.655,2.072,6,0.9355,0.979,0.879,0.929,0.934,0.967,0.937
164,AT1G53580,AT1G53580,1,usable,52.889,1.584,6,0.976,0.986,0.985,0.973,0.955,0.979,0.942
165,AT1G53750,AT1G53750,1,usable,38.369,0.575,6,0.998,0.998,0.99,0.998,0.999,0.996,0.999
166,AT1G54100,AT1G54100,1,usable,50.418,0.932,6,0.9875,0.987,0.938,0.995,0.988,0.992,0.959
167,AT1G55090,AT1G55090,1,usable,46.141,2.173,6,0.99,0.993,0.996,0.986,0.987,0.997,0.966
168,AT1G55120,AT1G55120,1,usable,49.12,1.219,3,0.99,0.992,0.97,,,0.99,
169,AT1G55480,AT1G55480,1,usable,50.039,0.819,5,0.994,0.982,0.976,0.994,0.998,0.995,
170,AT1G55490,AT1G55490,1,usable,54.124,1.159,6,0.969,0.97,0.95,0.968,0.971,0.988,0.903
171,AT1G56070,AT1G56070,1,usable,45.056,2.157,6,0.996,0.996,0.991,0.997,0.996,0.998,0.985
172,AT1G56190,AT1G56190,1,usable,45.307,2.243,6,0.986,0.996,0.978,0.994,0.996,0.969,0.968
173,AT1G56340,AT1G56340,1,usable,48.747,1.61,5,0.993,0.997,0.978,0.993,,0.998,0.981
174,AT1G56450,AT1G56450,1,usable,58.552,0.962,5,0.954,0.954,0.823,0.95,0.97,0.992,
175,AT1G57720,AT1G57720,1,usable,41.716,0.717,6,0.998,0.994,0.992,0.998,0.998,0.998,0.998
176,AT1G58080,AT1G58080,1,usable,46.922,1.364,6,0.99,0.989,0.953,0.991,0.993,0.997,0.984
177,AT1G59900,AT1G59900,1,usable,47.994,1.595,6,0.993,0.996,0.992,0.983,0.994,0.994,0.974
178,AT1G59960,AT1G59960,1,usable,40.186,0.502,5,0.991,0.999,0.968,0.987,0.991,0.996,
179,AT1G60420,AT1G60420,1,usable,48.788,0.469,6,0.9915,0.994,0.974,0.998,0.989,0.998,0.981
180,AT1G62380,AT1G62380,1,usable,42.968,0.858,6,0.996,0.998,0.955,0.997,0.997,0.995,0.993
181,AT1G62640,AT1G62640,1,usable,43.307,1.466,6,0.9904999999999999,0.998,0.976,0.99,0.97,0.995,0.991
182,AT1G62660,AT1G62660,1,usable,53.317,2.594,6,0.982,0.988,0.896,0.986,0.995,0.974,0.978
183,AT1G62750,AT1G62750,1,usable,41.585,0.759,6,0.997,0.999,0.996,0.999,0.997,0.993,0.997
184,AT1G63000,AT1G63000,1,usable,38.211,0.535,6,0.9975,0.996,0.996,0.998,0.998,0.998,0.997
185,AT1G63460,AT1G63460,1,usable,46.586,1.449,6,0.9924999999999999,0.993,0.987,0.991,0.995,0.996,0.992
186,AT1G63660,AT1G63660,1,usable,40.181,1.572,6,0.995,0.996,0.998,0.987,0.994,0.99,0.996
187,AT1G63770,AT1G63770,1,usable,44.574,0.962,6,0.997,0.999,0.994,0.996,0.997,0.999,0.997
188,AT1G63940,AT1G63940,1,usable,55.794,2.211,5,0.988,0.974,0.958,0.995,0.988,0.997,
189,AT1G64190,AT1G64190,1,usable,42.303,0.663,6,0.995,0.997,0.987,0.996,0.994,0.998,0.989
190,AT1G65980,AT1G65980,1,usable,52.463,1.393,6,0.979,0.977,0.939,0.981,0.989,0.998,0.948
191,AT1G66270,AT1G66270,1,usable,47.849,1.389,6,0.989,0.995,0.919,0.983,0.994,0.993,0.985
192,AT1G66410|AT2G27030|AT2G41110|AT3G43810|AT3G56800|AT5G21274|AT5G37780,AT1G66410,7,usable,58.754,0.942,3,0.972,,,0.962,0.979,0.972,
192,AT1G66410|AT2G27030|AT2G41110|AT3G43810|AT3G56800|AT5G21274|AT5G37780,AT2G27030,7,usable,58.754,0.942,3,0.972,,,0.962,0.979,0.972,
192,AT1G66410|AT2G27030|AT2G41110|AT3G43810|AT3G56800|AT5G21274|AT5G37780,AT2G41110,7,usable,58.754,0.942,3,0.972,,,0.962,0.979,0.972,
192,AT1G66410|AT2G27030|AT2G41110|AT3G43810|AT3G56800|AT5G21274|AT5G37780,AT3G43810,7,usable,58.754,0.942,3,0.972,,,0.962,0.979,0.972,
192,AT1G66410|AT2G27030|AT2G41110|AT3G43810|AT3G56800|AT5G21274|AT5G37780,AT3G56800,7,usable,58.754,0.942,3,0.972,,,0.962,0.979,0.972,
192,AT1G66410|AT2G27030|AT2G41110|AT3G43810|AT3G56800|AT5G21274|AT5G37780,AT5G21274,7,usable,58.754,0.942,3,0.972,,,0.962,0.979,0.972,
192,AT1G66410|AT2G27030|AT2G41110|AT3G43810|AT3G56800|AT5G21274|AT5G37780,AT5G37780,7,usable,58.754,0.942,3,0.972,,,0.962,0.979,0.972,
193,AT1G66430,AT1G66430,1,usable,40.976,1.162,6,0.9955,0.994,0.994,0.998,0.999,0.982,0.997
194,AT1G67090,AT1G67090,1,usable,58.302,0.231,4,0.968,0.978,0.92,,0.981,0.958,
195,AT1G67280,AT1G67280,1,usable,56.116,1.952,6,0.9855,0.993,0.917,0.983,0.988,0.991,0.977
196,AT1G68010,AT1G68010,1,usable,44.131,0.903,6,0.994,0.996,0.99,0.994,0.996,0.994,0.993
197,AT1G68760,AT1G68760,1,usable,44.549,0.299,3,0.99,0.989,0.99,,,0.995,
198,AT1G69740,AT1G69740,1,usable,60.085,3.301,5,0.975,0.975,0.863,0.992,0.988,0.972,
199,AT1G70410,AT1G70410,1,usable,43.364,3.131,6,0.996,0.997,0.994,0.995,0.997,0.998,0.992
200,AT1G70730,AT1G70730,1,usable,44.819,2.27,6,0.996,0.996,0.996,0.998,0.998,0.996,0.978
201,AT1G70820,AT1G70820,1,usable,40.959,0.764,6,0.993,0.99,0.991,0.995,0.997,0.997,0.99
202,AT1G71860,AT1G71860,1,usable,40.729,1.628,5,0.996,0.993,0.948,0.996,,0.998,0.999
203,AT1G72150,AT1G72150,1,usable,42.704,0.628,6,0.994,0.993,0.997,0.995,0.992,0.999,0.991
204,AT1G72160,AT1G72160,1,usable,46.092,1.856,6,0.994,0.997,0.986,0.994,0.994,0.997,0.988
205,AT1G72370,AT1G72370,1,usable,39.733,0.357,6,0.9944999999999999,0.994,0.945,0.995,0.995,0.989,0.998
206,AT1G72550,AT1G72550,1,usable,43.703,1.822,6,0.9975,0.998,0.995,0.997,0.999,0.999,0.996
207,AT1G72810,AT1G72810,1,usable,44.858,1.77,6,0.993,0.992,0.992,0.996,0.994,0.996,0.991
208,AT1G73260,AT1G73260,1,usable,56.71,2.887,6,0.982,0.993,0.944,0.984,0.997,0.98,0.814
209,AT1G73330,AT1G73330,1,usable,41.18,0.295,4,0.9955,0.998,0.969,,,0.998,0.993
210,AT1G74030,AT1G74030,1,usable,43.649,0.744,6,0.993,0.991,0.982,0.979,0.996,0.999,0.995
211,AT1G74100,AT1G74100,1,usable,49.142,1.546,6,0.986,0.993,0.965,0.985,0.973,0.993,0.987
212,AT1G74260,AT1G74260,1,usable,49.233,0.887,6,0.9884999999999999,0.987,0.971,0.991,0.992,0.99,0.981
213,AT1G74910,AT1G74910,1,usable,39.352,0.458,6,0.997,0.997,0.969,0.997,0.997,0.994,0.997
214,AT1G74920,AT1G74920,1,usable,49.042,1.035,6,0.994,0.992,0.967,0.998,0.996,0.996,0.973
215,AT1G74960,AT1G74960,1,usable,40.978,1.031,6,0.996,0.994,0.987,0.998,0.999,0.996,0.996
216,AT1G74970,AT1G74970,1,usable,37.953,0.712,6,0.991,0.987,0.924,0.988,0.995,0.994,0.994
217,AT1G75270,AT1G75270,1,usable,45.112,1.625,6,0.9944999999999999,0.996,0.98,0.997,0.993,0.998,0.985
218,AT1G75280,AT1G75280,1,usable,43.661,0.996,6,0.9904999999999999,0.997,0.971,0.986,0.978,0.998,0.995
219,AT1G75330,AT1G75330,1,usable,52.279,1.167,6,0.976,0.982,0.97,0.984,0.962,0.991,0.932
220,AT1G75950,AT1G75950,1,usable,56.439,1.165,5,0.975,0.979,0.954,0.957,0.992,0.975,
221,AT1G76140,AT1G76140,1,usable,46.251,0.573,6,0.9964999999999999,0.996,0.962,0.997,0.996,0.998,0.998
222,AT1G76160,AT1G76160,1,usable,45.327,0.733,6,0.989,0.982,0.987,0.989,0.992,0.989,0.993
223,AT1G76680,AT1G76680,1,usable,43.549,1.019,6,0.9944999999999999,0.995,0.97,0.983,0.996,0.998,0.994
224,AT1G76790,AT1G76790,1,usable,41.511,0.806,6,0.994,0.995,0.972,0.994,0.996,0.986,0.994
225,AT1G77090,AT1G77090,1,usable,50.583,0.824,3,0.98,0.98,0.949,,,0.996,
226,AT1G77510,AT1G77510,1,usable,52.494,1.204,5,0.995,0.995,0.965,0.989,0.998,0.999,
227,AT1G78300,AT1G78300,1,usable,49.991,1.028,6,0.988,0.984,0.973,0.997,0.992,0.998,0.962
228,AT1G78370,AT1G78370,1,usable,43.997,1.229,6,0.9955,0.996,0.977,0.998,0.998,0.995,0.995
229,AT1G78570,AT1G78570,1,usable,37.4,1.148,6,0.997,0.996,0.966,0.998,0.993,0.998,0.998
230,AT1G78660,AT1G78660,1,usable,51.96,2.117,3,0.97,0.991,0.957,,,0.97,
231,AT1G78670,AT1G78670,1,usable,51.013,0.216,3,0.981,0.981,0.98,,,0.989,
232,AT1G78680,AT1G78680,1,usable,52.021,0.7,6,0.988,0.982,0.952,0.994,0.995,0.994,0.957
233,AT1G78830,AT1G78830,1,usable,48.481,1.728,6,0.9864999999999999,0.986,0.994,0.982,0.991,0.987,0.978
234,AT1G78900,AT1G78900,1,usable,45.144,1.162,6,0.9944999999999999,0.992,0.975,0.999,0.997,0.997,0.988
235,AT1G79340,AT1G79340,1,usable,47.085,1.923,6,0.993,0.993,0.994,0.993,0.996,0.961,0.989
236,AT1G79440,AT1G79440,1,usable,59.534,1.505,5,0.966,0.978,0.966,0.962,0.886,0.984,
237,AT1G79530,AT1G79530,1,usable,40.322,1.802,6,0.989,0.997,0.978,0.987,0.99,0.996,0.988
238,AT1G79550,AT1G79550,1,usable,47.932,0.847,6,0.987,0.991,0.987,0.987,0.985,0.994,0.95
239,AT1G79690,AT1G79690,1,usable,55.89,1.182,6,0.986,0.989,0.962,0.994,0.99,0.983,0.936
240,AT1G79720,AT1G79720,1,usable,52.237,1.445,4,0.978,0.992,0.967,,,0.989,0.958
241,AT1G79750,AT1G79750,1,usable,55.918,1.111,6,0.983,0.98,0.745,0.986,0.982,0.994,0.984
242,AT1G79870,AT1G79870,1,usable,43.938,1.321,6,0.996,0.996,0.968,0.996,0.996,0.996,0.993
243,AT1G79930,AT1G79930,1,usable,47.251,2.6,5,0.975,0.987,0.924,0.966,0.975,0.99,
244,AT1G80360,AT1G80360,1,usable,54.867,1.985,6,0.978,0.98,0.938,0.976,0.988,0.989,0.955
245,AT1G80380,AT1G80380,1,usable,48.672,1.692,6,0.9875,0.993,0.973,0.99,0.985,0.998,0.967
246,AT1G80410,AT1G80410,1,usable,38.501,1.1,4,0.9944999999999999,0.996,0.976,,,0.995,0.994
247,AT1G80480,AT1G80480,1,usable,41.81,1.376,5,0.991,0.997,0.988,0.981,0.991,,0.993
248,AT1G80560,AT1G80560,1,usable,60.248,1.068,4,0.8494999999999999,0.851,,0.848,0.845,0.941,
249,AT1G80600,AT1G80600,1,usable,51.933,1.346,5,0.996,0.996,0.99,0.998,0.995,0.999,
250,AT2G01140,AT2G01140,1,usable,47.621,0.5,6,0.9844999999999999,0.987,0.979,0.985,0.984,0.995,0.979
251,AT2G01250,AT2G01250,1,usable,38.171,0.659,5,0.986,0.986,0.97,0.979,,0.996,0.988
252,AT2G01520,AT2G01520,1,usable,47.568,0.776,6,0.9964999999999999,0.998,0.987,0.996,0.997,0.998,0.989
253,AT2G01530,AT2G01530,1,usable,43.724,1.691,6,0.997,0.997,0.964,0.998,0.998,0.995,0.997
254,AT2G01890,AT2G01890,1,usable,55.022,2.583,3,0.938,0.873,0.938,,,0.977,
255,AT2G02390,AT2G02390,1,usable,51.409,1.648,6,0.9875,0.984,0.941,0.995,0.994,0.991,0.978
256,AT2G04030,AT2G04030,1,usable,45.369,1.261,6,0.992,0.991,0.99,0.996,0.995,0.993,0.981
257,AT2G04400,AT2G04400,1,usable,42.225,1.259,6,0.9884999999999999,0.995,0.944,0.993,0.989,0.988,0.986
258,AT2G04842,AT2G04842,1,usable,39.114,0.988,4,0.9915,0.999,0.96,,,0.988,0.995
259,AT2G05710,AT2G05710,1,usable,50.279,1.546,6,0.982,0.99,0.974,0.991,0.991,0.953,0.937
260,AT2G05830,AT2G05830,1,usable,40.035,1.501,6,0.995,0.998,0.941,0.992,0.992,0.998,0.998
261,AT2G05990,AT2G05990,1,usable,45.19,1.189,6,0.9844999999999999,0.986,0.974,0.983,0.989,0.982,0.992
262,AT2G06050,AT2G06050,1,usable,42.761,1.086,6,0.9935,0.996,0.991,0.997,0.995,0.987,0.992
263,AT2G09990|AT3G04230|AT5G18380,AT2G09990,3,usable,37.452,1.573,6,0.9884999999999999,0.985,0.992,0.997,0.995,0.981,0.982
263,AT2G09990|AT3G04230|AT5G18380,AT3G04230,3,usable,37.452,1.573,6,0.9884999999999999,0.985,0.992,0.997,0.995,0.981,0.982
263,AT2G09990|AT3G04230|AT5G18380,AT5G18380,3,usable,37.452,1.573,6,0.9884999999999999,0.985,0.992,0.997,0.995,0.981,0.982
264,AT2G13360,AT2G13360,1,usable,45.653,1.357,6,0.9964999999999999,0.995,0.99,0.999,0.998,0.999,0.978
265,AT2G13540,AT2G13540,1,usable,45.758,0.702,6,0.9884999999999999,0.992,0.981,0.997,0.988,0.989,0.962
266,AT2G13560,AT2G13560,1,usable,48.477,2.575,6,0.99,0.993,0.936,0.99,0.99,0.995,0.954
267,AT2G14170,AT2G14170,1,usable,59.977,0.864,4,0.958,0.972,0.874,,0.944,0.984,
268,AT2G14260,AT2G14260,1,usable,48.254,2.953,5,0.991,0.991,,0.995,0.991,0.987,0.97
269,AT2G15620,AT2G15620,1,usable,42.682,1.772,6,0.997,0.997,0.99,0.997,0.999,0.998,0.996
270,AT2G16600,AT2G16600,1,usable,38.317,1.559,6,0.993,0.999,0.977,0.993,0.993,0.998,0.976
271,AT2G17265,AT2G17265,1,usable,56.244,1.474,6,0.9724999999999999,0.982,0.97,0.988,0.972,0.973,0.899
272,AT2G17360|AT5G07090|AT5G58420,AT2G17360,3,usable,37.091,0.855,6,0.9935,0.997,0.995,0.993,0.994,0.992,0.989
272,AT2G17360|AT5G07090|AT5G58420,AT5G07090,3,usable,37.091,0.855,6,0.9935,0.997,0.995,0.993,0.994,0.992,0.989
272,AT2G17360|AT5G07090|AT5G58420,AT5G58420,3,usable,37.091,0.855,6,0.9935,0.997,0.995,0.993,0.994,0.992,0.989
273,AT2G19760,AT2G19760,1,usable,50.108,1.228,6,0.98,0.994,0.813,0.971,0.989,0.994,0.971
274,AT2G19940,AT2G19940,1,usable,58.751,1.481,5,0.982,0.988,0.982,0.903,0.917,0.994,
275,AT2G20140|AT4G29040,AT2G20140,2,usable,38.869,0.392,6,0.997,0.997,0.997,0.999,0.999,0.996,0.993
275,AT2G20140|AT4G29040,AT4G29040,2,usable,38.869,0.392,6,0.997,0.997,0.997,0.999,0.999,0.996,0.993
276,AT2G20420,AT2G20420,1,usable,51.353,0.67,6,0.9855,0.985,0.981,0.986,0.987,0.992,0.893
277,AT2G20580,AT2G20580,1,usable,38.778,1.825,5,0.992,0.993,0.988,0.958,0.992,0.998,
278,AT2G20890,AT2G20890,1,usable,49.659,1.448,5,0.988,0.987,0.988,0.99,0.995,0.986,
279,AT2G21170,AT2G21170,1,usable,52.896,1.261,6,0.9784999999999999,0.952,0.981,0.977,0.976,0.995,0.98
280,AT2G21250,AT2G21250,1,usable,43.234,1.395,6,0.9955,0.996,0.987,0.989,0.998,0.995,0.997
281,AT2G21330,AT2G21330,1,usable,49.122,1.33,6,0.982,0.988,0.952,0.977,0.989,0.987,0.972
282,AT2G21370,AT2G21370,1,usable,45.773,2.091,6,0.9815,0.982,0.981,0.984,0.968,0.986,0.98
283,AT2G21620,AT2G21620,1,usable,49.482,1.212,6,0.987,0.977,0.989,0.99,0.981,0.992,0.985
284,AT2G22170,AT2G22170,1,usable,52.493,2.287,6,0.9864999999999999,0.99,0.979,0.987,0.986,0.989,0.961
285,AT2G22250,AT2G22250,1,usable,42.335,2.093,4,0.99,0.989,,0.991,,0.986,0.994
286,AT2G22420,AT2G22420,1,usable,54.071,2.75,5,0.987,0.994,0.874,0.992,0.965,0.987,
287,AT2G22480,AT2G22480,1,usable,42.288,1.017,6,0.995,0.997,0.996,0.993,0.994,0.995,0.995
288,AT2G22990,AT2G22990,1,usable,57.254,2.307,3,0.93,,0.866,0.947,0.93,,
289,AT2G23350,AT2G23350,1,usable,40.18,1.795,6,0.9944999999999999,0.998,0.981,0.994,0.994,0.995,0.998
290,AT2G23600,AT2G23600,1,usable,50.116,1.446,6,0.9784999999999999,0.976,0.981,0.974,0.985,0.984,0.964
291,AT2G24200,AT2G24200,1,usable,49.397,0.736,6,0.9935,0.996,0.991,0.982,0.995,0.996,0.992
292,AT2G24270,AT2G24270,1,usable,54.89,2.447,6,0.983,0.99,0.935,0.98,0.988,0.986,0.916
293,AT2G24580,AT2G24580,1,usable,44.819,1.436,6,0.9924999999999999,0.995,0.984,0.996,0.99,0.998,0.988
294,AT2G25450,AT2G25450,1,usable,39.335,1.58,5,0.99,0.997,0.895,0.997,0.99,,0.988
295,AT2G25710,AT2G25710,1,usable,45.108,1.811,3,0.99,0.99,0.932,,,,0.991
296,AT2G26080,AT2G26080,1,usable,47.886,0.775,6,0.9924999999999999,0.993,0.985,0.992,0.998,0.995,0.981
297,AT2G26670,AT2G26670,1,usable,49.822,1.407,6,0.9884999999999999,0.995,0.956,0.983,0.994,0.998,0.973
298,AT2G26740,AT2G26740,1,usable,62.363,2.428,4,0.9039999999999999,0.86,,0.978,0.948,0.859,
299,AT2G27020,AT2G27020,1,usable,59.668,0.691,4,0.946,0.939,0.871,,0.953,0.992,
300,AT2G27460,AT2G27460,1,usable,49.302,1.225,4,0.9655,0.948,0.865,,,0.989,0.983
301,AT2G27860,AT2G27860,1,usable,42.047,1.103,6,0.996,0.996,0.986,0.996,0.998,0.998,0.993
302,AT2G28000,AT2G28000,1,usable,53.169,0.812,6,0.982,0.98,0.96,0.986,0.984,0.984,0.926
303,AT2G28470,AT2G28470,1,usable,55.609,2.619,5,0.952,0.957,0.925,0.885,0.952,0.98,
304,AT2G29450,AT2G29450,1,usable,54.371,1.459,5,0.976,0.967,0.965,0.983,0.977,0.976,
305,AT2G29750,AT2G29750,1,usable,39.073,0.691,4,0.9964999999999999,0.997,0.994,,,0.996,0.998
306,AT2G30110,AT2G30110,1,usable,43.664,0.643,6,0.9955,0.996,0.991,0.997,0.996,0.995,0.993
307,AT2G30200,AT2G30200,1,usable,46.173,0.815,6,0.987,0.992,0.981,0.983,0.991,0.996,0.977
308,AT2G30860,AT2G30860,1,usable,42.931,0.53,6,0.9955,0.996,0.986,0.998,0.998,0.995,0.987
309,AT2G30870,AT2G30870,1,usable,48.525,1.186,6,0.995,0.994,0.973,0.999,0.997,0.996,0.984
310,AT2G30970,AT2G30970,1,usable,40.418,1.136,6,0.998,0.999,0.993,0.996,0.998,0.998,0.998
311,AT2G31170,AT2G31170,1,usable,48.246,2.528,6,0.971,0.968,0.95,0.964,0.975,0.995,0.974
312,AT2G31390,AT2G31390,1,usable,46.192,0.688,6,0.9915,0.991,0.987,0.992,0.996,0.996,0.987
313,AT2G31570,AT2G31570,1,usable,49.166,1.861,6,0.9924999999999999,0.994,0.99,0.994,0.988,0.995,0.991
314,AT2G31670,AT2G31670,1,usable,46.102,1.336,6,0.9884999999999999,0.986,0.982,0.991,0.994,0.994,0.965
315,AT2G31790,AT2G31790,1,usable,41.395,1.503,6,0.997,0.997,0.997,0.997,0.997,0.995,0.996
316,AT2G32080,AT2G32080,1,usable,43.194,0.223,3,0.985,0.985,0.987,,,,0.977
317,AT2G32520,AT2G32520,1,usable,58.978,0.593,5,0.969,0.983,0.839,0.969,0.98,0.962,
318,AT2G32730,AT2G32730,1,usable,38.244,0.59,6,0.9944999999999999,0.999,0.987,0.994,0.998,0.995,0.992
319,AT2G32920,AT2G32920,1,usable,39.912,2.011,6,0.9964999999999999,0.997,0.967,0.997,0.999,0.996,0.991
320,AT2G33150,AT2G33150,1,usable,41.168,1.77,6,0.9955,0.997,0.994,0.997,0.997,0.993,0.989
321,AT2G33210,AT2G33210,1,usable,58.627,1.89,6,0.9644999999999999,0.981,0.947,0.966,0.963,0.985,0.897
322,AT2G33255,AT2G33255,1,usable,43.099,1.555,6,0.9924999999999999,0.996,0.988,0.995,0.995,0.99,0.98
323,AT2G33800,AT2G33800,1,usable,38.055,1.316,4,0.993,0.994,0.992,,,0.997,0.99
324,AT2G33840,AT2G33840,1,usable,51.308,1.4,6,0.982,0.984,0.987,0.98,0.995,0.959,0.96
325,AT2G34040,AT2G34040,1,usable,38.138,0.878,4,0.993,0.995,0.972,,,0.995,0.991
326,AT2G35040,AT2G35040,1,usable,41.821,2.192,6,0.9955,0.996,0.979,0.995,0.996,0.996,0.98
327,AT2G35410,AT2G35410,1,usable,45.376,1.495,6,0.9955,0.995,0.986,0.997,0.996,0.998,0.988
328,AT2G35450,AT2G35450,1,usable,50.961,1.289,6,0.991,0.991,0.978,0.991,0.995,0.993,0.954
329,AT2G35780,AT2G35780,1,usable,40.343,1.053,6,0.9955,0.995,0.983,0.996,0.998,0.985,0.996
330,AT2G36390,AT2G36390,1,usable,44.272,1.025,6,0.993,0.996,0.994,0.995,0.992,0.992,0.986
331,AT2G36460,AT2G36460,1,usable,51.62,1.82,5,0.996,0.993,0.987,0.996,0.998,0.996,
332,AT2G36530,AT2G36530,1,usable,49.855,2.468,6,0.9915,0.988,0.913,0.996,0.996,0.995,0.971
333,AT2G36580,AT2G36580,1,usable,43.413,2.313,6,0.996,0.996,0.974,0.998,0.998,0.996,0.992
334,AT2G36880,AT2G36880,1,usable,39.156,0.95,6,0.993,0.998,0.97,0.997,0.994,0.992,0.991
335,AT2G37130,AT2G37130,1,usable,41.857,0.513,6,0.9955,0.993,0.991,0.998,0.998,0.99,0.998
336,AT2G37220,AT2G37220,1,usable,47.877,1.224,5,0.997,0.993,0.989,0.998,0.997,0.998,
337,AT2G37270|AT3G11940,AT2G37270,2,usable,37.648,0.473,6,0.996,0.996,0.991,0.996,0.997,0.989,0.997
337,AT2G37270|AT3G11940,AT3G11940,2,usable,37.648,0.473,6,0.996,0.996,0.991,0.996,0.997,0.989,0.997
338,AT2G37500,AT2G37500,1,usable,52.36,1.832,6,0.985,0.986,0.975,0.984,0.969,0.986,0.987
339,AT2G37660,AT2G37660,1,usable,40.033,1.583,6,0.994,0.995,0.994,0.99,0.994,0.994,0.997
340,AT2G37690,AT2G37690,1,usable,43.052,2.429,6,0.989,0.997,0.99,0.986,0.987,0.994,0.988
341,AT2G37760,AT2G37760,1,usable,43.305,1.19,6,0.9824999999999999,0.995,0.953,0.98,0.985,0.998,0.98
342,AT2G37790,AT2G37790,1,usable,46.408,0.882,6,0.991,0.991,0.968,0.991,0.992,0.998,0.971
343,AT2G38040,AT2G38040,1,usable,41.197,2.242,5,0.977,0.993,0.946,,0.981,0.977,0.922
344,AT2G38230,AT2G38230,1,usable,58.858,1.241,5,0.963,0.964,0.924,0.808,0.963,0.99,
345,AT2G38270,AT2G38270,1,usable,46.248,2.912,6,0.9895,0.992,0.992,0.988,0.991,0.983,0.988
346,AT2G39080,AT2G39080,1,usable,45.764,0.848,6,0.994,0.994,0.988,0.994,0.997,0.998,0.989
347,AT2G39310,AT2G39310,1,usable,53.823,2.026,6,0.988,0.985,0.978,0.995,0.991,0.997,0.883
348,AT2G39460|AT3G55280,AT2G39460,2,usable,36.962,1.263,6,0.996,0.997,0.997,0.974,0.988,0.998,0.995
348,AT2G39460|AT3G55280,AT3G55280,2,usable,36.962,1.263,6,0.996,0.997,0.997,0.974,0.988,0.998,0.995
349,AT2G39730,AT2G39730,1,usable,38.677,0.731,6,0.995,0.996,0.993,0.996,0.994,0.994,0.997
350,AT2G39940,AT2G39940,1,usable,39.534,0.899,4,0.9904999999999999,0.988,0.993,,,0.98,0.994
351,AT2G40490,AT2G40490,1,usable,63.322,2.103,5,0.936,0.98,0.828,0.936,,0.982,0.78
352,AT2G40600,AT2G40600,1,usable,46.805,1.416,6,0.986,0.987,0.985,0.989,0.984,0.996,0.971
353,AT2G40660,AT2G40660,1,usable,39.703,1.318,6,0.9964999999999999,0.999,0.997,0.994,0.996,0.997,0.995
354,AT2G40840,AT2G40840,1,usable,40.97,1.255,6,0.992,0.998,0.972,0.992,0.992,0.994,0.982
355,AT2G41220,AT2G41220,1,usable,58.61,1.436,6,0.967,0.965,0.935,0.984,0.969,0.993,0.722
356,AT2G41530,AT2G41530,1,usable,47.05,1.36,6,0.9924999999999999,0.995,0.982,0.99,0.998,0.996,0.986
357,AT2G41790,AT2G41790,1,usable,44.086,0.955,6,0.995,0.995,0.993,0.996,0.995,0.996,0.991
358,AT2G42590,AT2G42590,1,usable,49.182,0.965,6,0.99,0.985,0.964,0.995,0.996,0.997,0.96
359,AT2G42600,AT2G42600,1,usable,58.135,1.996,6,0.959,0.988,0.919,0.959,0.959,0.994,0.938
360,AT2G42690,AT2G42690,1,usable,51.155,1.451,6,0.964,0.986,0.894,0.941,0.988,0.995,0.942
361,AT2G42740|AT3G58700|AT4G18730|AT5G45775,AT2G42740,4,usable,37.624,0.806,6,0.997,0.998,0.996,0.998,0.995,0.998,0.994
361,AT2G42740|AT3G58700|AT4G18730|AT5G45775,AT3G58700,4,usable,37.624,0.806,6,0.997,0.998,0.996,0.998,0.995,0.998,0.994
361,AT2G42740|AT3G58700|AT4G18730|AT5G45775,AT4G18730,4,usable,37.624,0.806,6,0.997,0.998,0.996,0.998,0.995,0.998,0.994
361,AT2G42740|AT3G58700|AT4G18730|AT5G45775,AT5G45775,4,usable,37.624,0.806,6,0.997,0.998,0.996,0.998,0.995,0.998,0.994
362,AT2G42790,AT2G42790,1,usable,41.357,1.464,4,0.992,0.99,0.994,0.985,,,0.994
363,AT2G43090,AT2G43090,1,usable,51.774,2.1,5,0.994,0.989,0.935,0.994,0.997,0.996,
364,AT2G43100,AT2G43100,1,usable,47.108,1.044,5,0.987,0.971,0.967,0.991,0.987,0.998,
365,AT2G43560,AT2G43560,1,usable,55.876,1.955,5,0.955,0.979,0.939,0.955,0.971,0.936,
366,AT2G43710,AT2G43710,1,usable,47.894,0.828,6,0.993,0.996,0.982,0.992,0.994,0.998,0.978
367,AT2G43790,AT2G43790,1,usable,50.505,1.781,5,0.987,0.992,0.963,0.987,0.922,0.991,
368,AT2G43820,AT2G43820,1,usable,43.353,0.807,6,0.9944999999999999,0.993,0.939,0.996,0.996,0.996,0.987
369,AT2G43910,AT2G43910,1,usable,43.619,1.087,6,0.9944999999999999,0.997,0.988,0.994,0.995,0.996,0.991
370,AT2G44050,AT2G44050,1,usable,59.215,1.693,4,0.9624999999999999,0.996,,0.948,0.977,0.939,
371,AT2G44100,AT2G44100,1,usable,46.661,0.802,6,0.9815,0.979,0.974,0.991,0.994,0.984,0.975
372,AT2G44160,AT2G44160,1,usable,39.307,0.751,6,0.997,0.998,0.991,0.996,0.998,0.991,0.999
373,AT2G44350,AT2G44350,1,usable,50.544,3.309,6,0.988,0.991,0.989,0.986,0.994,0.987,0.933
374,AT2G45290,AT2G45290,1,usable,39.77,0.624,6,0.996,0.998,0.995,0.997,0.995,0.997,0.995
375,AT2G45790,AT2G45790,1,usable,38.357,1.153,6,0.997,0.999,0.99,0.997,0.997,0.998,0.992
376,AT2G45990,AT2G45990,1,usable,38.739,0.856,6,0.995,0.996,0.988,0.995,0.994,0.995,0.995
377,AT2G46520,AT2G46520,1,usable,43.316,2.784,6,0.9944999999999999,0.997,0.998,0.987,0.977,0.993,0.996
378,AT2G47390,AT2G47390,1,usable,43.614,0.931,6,0.9955,0.997,0.994,0.996,0.995,0.998,0.994
379,AT2G47470,AT2G47470,1,usable,42.463,3.413,6,0.992,0.997,0.989,0.995,0.997,0.989,0.981
380,AT2G47510,AT2G47510,1,usable,49.033,2.41,6,0.9895,0.989,0.916,0.997,0.99,0.994,0.977
381,AT2G47730,AT2G47730,1,usable,41.753,0.788,6,0.996,0.995,0.993,0.998,0.997,0.997,0.992
382,AT2G47970,AT2G47970,1,usable,47.471,1.747,3,0.973,0.992,0.962,,,,0.973
383,AT3G01120,AT3G01120,1,usable,52.957,1.302,6,0.993,0.993,0.99,0.998,0.993,0.995,0.978
384,AT3G01420,AT3G01420,1,usable,52.006,3.503,6,0.958,0.981,0.942,0.974,0.931,0.986,0.914
385,AT3G01480,AT3G01480,1,usable,41.232,1.082,6,0.996,0.998,0.995,0.994,0.997,0.997,0.989
386,AT3G01500,AT3G01500,1,usable,55.451,1.768,6,0.977,0.989,0.969,0.957,0.997,0.985,0.889
387,AT3G01520,AT3G01520,1,usable,45.432,1.379,6,0.9935,0.994,0.989,0.994,0.993,0.998,0.977
388,AT3G01640,AT3G01640,1,usable,39.691,0.886,3,0.976,0.991,0.958,,,,0.976
389,AT3G01910,AT3G01910,1,usable,57.252,0.473,5,0.978,0.925,0.875,0.995,0.978,0.984,
390,AT3G02360,AT3G02360,1,usable,42.251,0.703,6,0.9935,0.996,0.993,0.993,0.994,0.997,0.993
391,AT3G02660,AT3G02660,1,usable,49.619,2.236,6,0.9835,0.979,0.968,0.989,0.988,0.998,0.956
392,AT3G02720,AT3G02720,1,usable,57.032,3.276,5,0.969,0.981,0.942,0.832,0.972,0.969,
393,AT3G02760,AT3G02760,1,usable,40.928,1.923,6,0.9984999999999999,0.999,0.998,0.999,0.999,0.995,0.994
394,AT3G02780,AT3G02780,1,usable,42.131,1.626,6,0.9955,0.996,0.998,0.995,0.992,0.997,0.989
395,AT3G02870,AT3G02870,1,usable,63.332,2.299,3,0.897,0.897,,0.954,0.87,,
396,AT3G03250,AT3G03250,1,usable,42.814,0.529,6,0.9944999999999999,0.997,0.993,0.991,0.995,0.994,0.997
397,AT3G03710,AT3G03710,1,usable,45.325,0.627,6,0.995,0.997,0.99,0.995,0.997,0.995,0.995
398,AT3G03780,AT3G03780,1,usable,48.554,2.814,6,0.9915,0.99,0.992,0.992,0.994,0.991,0.956
399,AT3G03960,AT3G03960,1,usable,41.205,2.027,6,0.9975,0.999,0.997,0.998,0.998,0.98,0.992
400,AT3G04550,AT3G04550,1,usable,42.927,1.27,6,0.9895,0.984,0.911,0.995,0.996,0.997,0.974
401,AT3G04790,AT3G04790,1,usable,40.968,0.79,6,0.996,0.999,0.993,0.997,0.998,0.995,0.978
402,AT3G04870,AT3G04870,1,usable,42.432,1.753,5,0.997,0.998,0.984,0.996,,0.998,0.997
403,AT3G04880,AT3G04880,1,usable,49.65,0.841,5,0.989,0.989,0.981,0.99,0.981,0.995,
404,AT3G05350,AT3G05350,1,usable,43.995,2.387,6,0.9955,0.995,0.992,0.999,0.996,0.997,0.992
405,AT3G05590|AT5G27850,AT3G05590,2,usable,37.777,0.957,6,0.9924999999999999,0.997,0.971,0.991,0.991,0.996,0.994
405,AT3G05590|AT5G27850,AT5G27850,2,usable,37.777,0.957,6,0.9924999999999999,0.997,0.971,0.991,0.991,0.996,0.994
406,AT3G06350,AT3G06350,1,usable,47.648,1.386,6,0.9955,0.995,0.985,0.997,0.996,0.998,0.981
407,AT3G06580,AT3G06580,1,usable,42.654,1.386,6,0.995,0.995,0.995,0.995,0.999,0.997,0.994
408,AT3G06650,AT3G06650,1,usable,42.779,2.02,6,0.988,0.996,0.987,0.986,0.995,0.975,0.989
409,AT3G06860,AT3G06860,1,usable,50.951,2.279,6,0.9864999999999999,0.989,0.968,0.989,0.988,0.985,0.929
410,AT3G07110,AT3G07110,1,usable,38.407,0.822,3,0.997,0.991,0.997,,,,0.999
411,AT3G07460,AT3G07460,1,usable,55.407,1.734,4,0.965,,0.875,0.99,0.984,0.946,
412,AT3G08590,AT3G08590,1,usable,44.36,1.317,6,0.9935,0.993,0.979,0.995,0.994,0.997,0.993
413,AT3G08740,AT3G08740,1,usable,40.991,0.72,6,0.995,0.997,0.983,0.997,0.998,0.992,0.993
414,AT3G09440,AT3G09440,1,usable,39.579,1.085,6,0.9975,0.997,0.996,0.998,0.998,0.998,0.994
415,AT3G09820,AT3G09820,1,usable,45.63,1.934,6,0.994,0.995,0.98,0.993,0.995,0.996,0.971
416,AT3G09940,AT3G09940,1,usable,40.958,0.659,6,0.996,0.998,0.995,0.998,0.995,0.997,0.995
417,AT3G10520,AT3G10520,1,usable,55.411,2.284,6,0.9795,0.981,0.956,0.978,0.991,0.99,0.929
418,AT3G10740,AT3G10740,1,usable,61.332,1.892,5,0.879,0.879,0.705,0.923,0.935,0.82,
419,AT3G11130,AT3G11130,1,usable,38.717,1.096,3,0.995,0.995,0.996,,,,0.995
420,AT3G11340,AT3G11340,1,usable,39.759,0.668,3,0.981,0.992,0.981,,,,0.979
421,AT3G11710,AT3G11710,1,usable,39.241,1.403,6,0.998,0.999,0.987,0.997,0.998,0.998,0.999
422,AT3G11830,AT3G11830,1,usable,41.213,2.222,6,0.997,0.999,0.994,0.995,0.998,0.997,0.997
423,AT3G12290,AT3G12290,1,usable,48.196,1.825,6,0.9935,0.992,0.951,0.997,0.996,0.995,0.978
424,AT3G12780,AT3G12780,1,usable,46.449,1.07,6,0.991,0.993,0.99,0.989,0.992,0.995,0.973
425,AT3G13235,AT3G13235,1,usable,57.124,1.38,6,0.9635,0.965,0.907,0.976,0.962,0.977,0.844
426,AT3G13470,AT3G13470,1,usable,53.114,0.322,6,0.9735,0.975,0.99,0.97,0.972,0.986,0.885
427,AT3G13490,AT3G13490,1,usable,40.422,0.941,6,0.996,0.998,0.992,0.982,0.997,0.998,0.995
428,AT3G13560,AT3G13560,1,usable,54.838,0.473,3,0.983,0.983,0.97,,,0.995,
429,AT3G13860,AT3G13860,1,usable,58.256,1.096,5,0.971,0.972,0.734,0.971,0.943,0.975,
430,AT3G14415,AT3G14415,1,usable,40.163,1.217,6,0.9964999999999999,0.996,0.988,0.997,0.998,0.997,0.995
431,AT3G14420,AT3G14420,1,usable,41.646,0.994,6,0.997,0.996,0.992,0.999,0.997,0.997,0.998
432,AT3G14930,AT3G14930,1,usable,53.98,1.486,6,0.988,0.987,0.98,0.995,0.989,0.994,0.951
433,AT3G14940,AT3G14940,1,usable,46.913,2.203,6,0.986,0.992,0.927,0.992,0.98,0.997,0.975
434,AT3G14990,AT3G14990,1,usable,57.91,2.333,4,0.978,,0.937,0.993,0.963,0.996,
435,AT3G15520,AT3G15520,1,usable,40.822,1.21,4,0.994,0.996,0.993,,,0.995,0.986
436,AT3G15730,AT3G15730,1,usable,53.59,1.95,6,0.988,0.986,0.969,0.994,0.99,0.991,0.936
437,AT3G15840,AT3G15840,1,usable,53.279,3.455,6,0.986,0.991,0.953,0.988,0.985,0.987,0.914
438,AT3G15950,AT3G15950,1,usable,48.705,1.379,6,0.992,0.984,0.993,0.995,0.991,0.995,0.958
439,AT3G16110,AT3G16110,1,usable,48.823,0.28,3,0.975,0.994,0.956,,,,0.975
440,AT3G16390,AT3G16390,1,usable,39.602,1.027,4,0.997,0.998,0.993,,,0.996,0.998
441,AT3G16400,AT3G16400,1,usable,56.645,1.563,6,0.982,0.987,0.991,0.952,0.977,0.988,0.96
442,AT3G16410,AT3G16410,1,usable,43.211,0.759,6,0.995,0.995,0.984,0.994,0.995,0.999,0.995
443,AT3G16420,AT3G16420,1,usable,47.181,1.166,6,0.9884999999999999,0.992,0.991,0.986,0.994,0.966,0.935
444,AT3G16520,AT3G16520,1,usable,44.335,0.933,6,0.9955,0.996,0.988,0.997,0.995,0.997,0.99
445,AT3G16640,AT3G16640,1,usable,41.707,1.515,6,0.9964999999999999,0.998,0.991,0.998,0.998,0.995,0.976
446,AT3G17210,AT3G17210,1,usable,51.126,1.307,6,0.981,0.99,0.963,0.976,0.986,0.99,0.945
447,AT3G17790,AT3G17790,1,usable,55.552,2.18,5,0.971,0.97,0.821,0.992,0.971,0.987,
448,AT3G17810,AT3G17810,1,usable,42.814,0.787,6,0.996,0.996,0.994,0.997,0.998,0.996,0.996
449,AT3G17820,AT3G17820,1,usable,44.922,1.383,6,0.9884999999999999,0.992,0.967,0.985,0.994,0.997,0.97
450,AT3G17940,AT3G17940,1,usable,45.435,1.029,6,0.983,0.991,0.98,0.98,0.995,0.978,0.986
451,AT3G18060,AT3G18060,1,usable,55.686,1.256,5,0.982,0.976,0.872,0.992,0.982,0.988,
452,AT3G18190,AT3G18190,1,usable,40.642,2.117,6,0.997,0.997,0.993,0.997,0.993,0.998,0.998
453,AT3G19170,AT3G19170,1,usable,45.157,1.134,6,0.9884999999999999,0.995,0.981,0.988,0.993,0.989,0.987
454,AT3G19390,AT3G19390,1,usable,54.07,1.554,3,0.977,,0.964,0.977,,0.987,
455,AT3G19450,AT3G19450,1,usable,43.252,3.503,6,0.994,0.998,0.994,0.994,0.994,0.998,0.941
456,AT3G19990,AT3G19990,1,usable,54.825,2.083,5,0.972,0.993,0.944,0.971,0.995,0.972,
457,AT3G20050,AT3G20050,1,usable,40.838,2.154,6,0.997,0.999,0.987,0.997,0.996,0.998,0.997
458,AT3G20330,AT3G20330,1,usable,46.9,1.882,6,0.9804999999999999,0.98,0.937,0.995,0.994,0.981,0.969
459,AT3G20370,AT3G20370,1,usable,56.278,1.372,6,0.9775,0.99,0.922,0.979,0.976,0.986,0.951
460,AT3G20630,AT3G20630,1,usable,42.24,1.556,6,0.9864999999999999,0.995,0.989,0.986,0.987,0.985,0.93
461,AT3G20790,AT3G20790,1,usable,44.703,1.322,6,0.9955,0.996,0.995,0.993,0.998,0.995,0.996
462,AT3G21560,AT3G21560,1,usable,54.786,2.414,3,0.986,0.986,0.975,,,,0.991
463,AT3G21750,AT3G21750,1,usable,43.484,1.267,6,0.99,0.989,0.99,0.987,0.99,0.997,0.995
464,AT3G22110,AT3G22110,1,usable,58.222,1.827,6,0.912,0.88,0.893,0.982,0.931,0.962,0.797
465,AT3G22200,AT3G22200,1,usable,45.631,0.785,6,0.995,0.993,0.987,0.997,0.997,0.999,0.991
466,AT3G22890,AT3G22890,1,usable,37.655,0.366,6,0.9955,0.992,0.992,0.997,0.995,0.996,0.996
467,AT3G22960,AT3G22960,1,usable,47.414,1.147,6,0.9875,0.992,0.973,0.986,0.989,0.993,0.974
468,AT3G23490,AT3G23490,1,usable,63.068,0.773,3,0.827,0.827,,,0.884,0.736,
469,AT3G23600,AT3G23600,1,usable,54.497,1.089,6,0.9775,0.99,0.935,0.968,0.992,0.987,0.947
470,AT3G23640,AT3G23640,1,usable,48.311,2.07,4,0.986,0.988,0.984,,,0.99,0.938
471,AT3G23800,AT3G23800,1,usable,45.317,1.582,3,0.996,0.996,0.979,,,0.996,
472,AT3G23810,AT3G23810,1,usable,37.246,0.672,6,0.9924999999999999,0.997,0.99,0.991,0.994,0.995,0.991
473,AT3G23940,AT3G23940,1,usable,62.349,1.445,5,0.933,0.878,,0.962,0.95,0.933,0.852
474,AT3G23990,AT3G23990,1,usable,58.78,0.619,5,0.978,0.985,0.797,0.978,0.967,0.989,
475,AT3G24503,AT3G24503,1,usable,59.596,1.52,5,0.975,0.975,,0.981,0.94,0.991,0.885
476,AT3G25230,AT3G25230,1,usable,46.601,1.876,5,0.994,0.994,0.993,0.998,0.996,0.993,
477,AT3G25530,AT3G25530,1,usable,46.88,1.382,6,0.9915,0.993,0.965,0.992,0.991,0.996,0.982
478,AT3G25660,AT3G25660,1,usable,47.127,1.115,6,0.9875,0.996,0.962,0.982,0.993,0.996,0.976
479,AT3G25760,AT3G25760,1,usable,51.51,2.988,4,0.9595,,0.973,0.946,0.982,0.945,
480,AT3G25860,AT3G25860,1,usable,40.519,1.919,6,0.996,0.998,0.997,0.995,0.998,0.995,0.995
481,AT3G25920,AT3G25920,1,usable,37.475,0.929,5,0.991,0.997,0.953,,0.99,0.998,0.991
482,AT3G26060,AT3G26060,1,usable,43.271,2.952,6,0.9824999999999999,0.98,0.983,0.989,0.982,0.992,0.981
483,AT3G27740,AT3G27740,1,usable,45.626,0.789,6,0.992,0.996,0.987,0.995,0.992,0.992,0.991
484,AT3G27925,AT3G27925,1,usable,43.885,1.333,6,0.9844999999999999,0.99,0.962,0.979,0.998,0.975,0.992
485,AT3G28940,AT3G28940,1,usable,55.761,1.067,6,0.9844999999999999,0.985,0.94,0.984,0.986,0.991,0.88
486,AT3G29185,AT3G29185,1,usable,38.999,0.391,6,0.9935,0.997,0.997,0.994,0.993,0.993,0.992
487,AT3G29320,AT3G29320,1,usable,41.427,1.229,6,0.996,0.999,0.997,0.996,0.996,0.992,0.993
488,AT3G29360,AT3G29360,1,usable,44.022,0.971,6,0.99,0.987,0.995,0.984,0.989,0.994,0.991
489,AT3G30841|AT4G09520,AT3G30841,2,usable,42.181,1.838,4,0.986,0.997,0.925,0.975,,0.997,
489,AT3G30841|AT4G09520,AT4G09520,2,usable,42.181,1.838,4,0.986,0.997,0.925,0.975,,0.997,
490,AT3G43300,AT3G43300,1,usable,40.161,1.929,4,0.991,0.991,0.958,,,0.991,0.991
491,AT3G43800,AT3G43800,1,usable,44.901,3.636,6,0.9744999999999999,0.949,0.951,0.992,0.987,0.99,0.962
492,AT3G44100,AT3G44100,1,usable,58.428,1.162,3,0.92,0.878,,0.92,0.941,,
493,AT3G44310,AT3G44310,1,usable,45.281,2.782,6,0.997,0.998,0.946,0.996,0.999,0.998,0.987
494,AT3G44320,AT3G44320,1,usable,48.117,1.681,6,0.984,0.994,0.896,0.991,0.985,0.983,0.972
495,AT3G45140,AT3G45140,1,usable,40.102,1.343,6,0.993,0.998,0.988,0.992,0.991,0.999,0.994
496,AT3G45300,AT3G45300,1,usable,40.857,1.412,4,0.9935,0.995,0.986,,,0.995,0.992
497,AT3G46100,AT3G46100,1,usable,42.868,2.321,6,0.9935,0.999,0.984,0.963,0.995,0.992,0.995
498,AT3G46970,AT3G46970,1,usable,51.018,1.791,6,0.9844999999999999,0.976,0.994,0.986,0.983,0.995,0.918
499,AT3G47520,AT3G47520,1,usable,39.851,1.181,6,0.9964999999999999,0.998,0.99,0.997,0.996,0.998,0.99
500,AT3G48000,AT3G48000,1,usable,49.061,1.792,6,0.9915,0.995,0.988,0.985,0.996,0.996,0.957
501,AT3G48110,AT3G48110,1,usable,43.344,1.063,6,0.994,0.996,0.991,0.993,0.996,0.995,0.989
502,AT3G48170,AT3G48170,1,usable,52.263,1.094,6,0.982,0.975,0.978,0.986,0.987,0.995,0.94
503,AT3G48340,AT3G48340,1,usable,46.49,2.376,4,0.985,,,0.983,0.994,0.981,0.987
504,AT3G48420,AT3G48420,1,usable,49.804,0.436,6,0.9944999999999999,0.992,0.949,0.997,0.997,0.999,0.992
505,AT3G48560,AT3G48560,1,usable,40.814,1.059,6,0.9935,0.998,0.983,0.993,0.994,0.985,0.995
506,AT3G48690,AT3G48690,1,usable,45.749,0.415,6,0.9924999999999999,0.981,0.977,0.994,0.994,0.991,0.995
507,AT3G48730,AT3G48730,1,usable,54.715,1.036,6,0.9884999999999999,0.991,0.987,0.99,0.985,0.995,0.958
508,AT3G48990,AT3G48990,1,usable,40.591,0.829,6,0.993,0.998,0.997,0.993,0.993,0.99,0.992
509,AT3G49430,AT3G49430,1,usable,40.397,1.718,4,0.9875,0.984,0.975,,,0.998,0.991
510,AT3G51160,AT3G51160,1,usable,38.171,0.716,6,0.995,0.993,0.992,0.992,0.998,0.997,0.997
511,AT3G51800,AT3G51800,1,usable,44.39,1.636,6,0.9915,0.993,0.987,0.996,0.997,0.99,0.986
512,AT3G51840,AT3G51840,1,usable,58.453,0.362,3,0.975,0.966,,0.975,0.981,,
513,AT3G52140,AT3G52140,1,usable,38.626,1.408,3,0.988,0.988,0.989,,,,0.972
514,AT3G52200,AT3G52200,1,usable,44.895,1.764,6,0.993,0.996,0.986,0.997,0.997,0.99,0.976
515,AT3G52840,AT3G52840,1,usable,52.696,1.168,6,0.975,0.966,0.961,0.984,0.984,0.985,0.94
516,AT3G52880,AT3G52880,1,usable,52.843,1.908,6,0.994,0.994,0.981,0.998,0.994,0.995,0.955
517,AT3G52930,AT3G52930,1,usable,43.61,1.67,6,0.995,0.996,0.994,0.994,0.999,0.998,0.987
518,AT3G52960,AT3G52960,1,usable,60.274,0.932,5,0.985,0.985,0.89,0.989,0.964,0.99,
519,AT3G52990,AT3G52990,1,usable,40.822,1.847,6,0.996,0.998,0.947,0.996,0.998,0.996,0.977
520,AT3G53180,AT3G53180,1,usable,46.47,1.425,6,0.982,0.992,0.981,0.983,0.988,0.981,0.964
521,AT3G53460,AT3G53460,1,usable,46.191,1.278,6,0.9904999999999999,0.994,0.991,0.99,0.992,0.977,0.98
522,AT3G53560,AT3G53560,1,usable,49.815,2.608,5,0.995,0.991,,0.995,0.995,0.997,0.979
523,AT3G53580,AT3G53580,1,usable,44.577,0.632,6,0.9955,0.996,0.993,0.995,0.997,0.998,0.993
524,AT3G53880,AT3G53880,1,usable,42.634,2.405,3,0.979,0.994,0.886,,,0.979,
525,AT3G53900,AT3G53900,1,usable,42.026,0.69,6,0.9955,0.996,0.995,0.998,0.995,0.996,0.995
526,AT3G54400,AT3G54400,1,usable,55.193,2.104,6,0.9515,0.964,0.908,0.991,0.98,0.939,0.809
527,AT3G54440,AT3G54440,1,usable,46.702,0.65,6,0.985,0.985,0.986,0.98,0.985,0.987,0.975
528,AT3G54470,AT3G54470,1,usable,40.001,0.32,6,0.997,0.998,0.981,0.997,0.997,0.997,0.998
529,AT3G54640,AT3G54640,1,usable,42.627,0.871,6,0.9844999999999999,0.984,0.966,0.987,0.98,0.992,0.985
530,AT3G54960,AT3G54960,1,usable,53.05,2.068,5,0.993,0.991,0.99,0.993,0.993,0.993,
531,AT3G55010,AT3G55010,1,usable,58.878,2.359,3,0.906,,,0.946,0.886,0.906,
532,AT3G55040,AT3G55040,1,usable,54.244,2.115,5,0.97,0.989,0.817,,0.997,0.97,0.923
533,AT3G55120,AT3G55120,1,usable,47.673,0.985,6,0.9915,0.997,0.991,0.992,0.991,0.992,0.973
534,AT3G55260,AT3G55260,1,usable,60.649,2.385,4,0.957,0.961,,0.966,0.953,0.945,
535,AT3G55410,AT3G55410,1,usable,40.063,1.309,6,0.9935,0.994,0.995,0.993,0.992,0.988,0.996
536,AT3G55440,AT3G55440,1,usable,47.227,0.54,6,0.993,0.997,0.982,0.993,0.993,0.997,0.98
537,AT3G55800,AT3G55800,1,usable,61.687,2.786,4,0.9145000000000001,0.925,,0.97,0.904,0.878,
538,AT3G56310,AT3G56310,1,usable,59.235,2.871,5,0.987,0.987,0.899,0.994,0.995,0.924,
539,AT3G56460,AT3G56460,1,usable,51.048,1.924,6,0.975,0.988,0.93,0.976,0.981,0.974,0.974
540,AT3G56490,AT3G56490,1,usable,52.018,1.52,4,0.9924999999999999,0.992,,0.993,0.986,0.995,
541,AT3G56650,AT3G56650,1,usable,45.602,1.164,5,0.99,0.99,0.959,0.996,0.997,0.987,
542,AT3G57050,AT3G57050,1,usable,61.003,2.454,4,0.971,0.941,,0.978,0.966,0.976,
543,AT3G57290,AT3G57290,1,usable,39.96,1.457,6,0.993,0.997,0.989,0.991,0.989,0.995,0.996
544,AT3G57410,AT3G57410,1,usable,41.65,2.307,4,0.97,0.97,0.954,0.97,0.99,,
545,AT3G57560,AT3G57560,1,usable,54.22,1.286,3,0.985,0.985,,0.975,,0.996,
546,AT3G57610,AT3G57610,1,usable,40.836,1.193,6,0.9955,0.997,0.992,0.995,0.994,0.996,0.999
547,AT3G58140,AT3G58140,1,usable,42.657,0.818,6,0.996,0.995,0.975,0.997,0.997,0.998,0.992
548,AT3G58610,AT3G58610,1,usable,40.134,0.814,6,0.998,0.998,0.995,0.999,0.999,0.998,0.998
549,AT3G58990,AT3G58990,1,usable,47.666,0.906,6,0.9924999999999999,0.99,0.983,0.996,0.997,0.993,0.992
550,AT3G59760,AT3G59760,1,usable,48.359,3.428,6,0.9915,0.995,0.978,0.993,0.99,0.997,0.981
551,AT3G59920,AT3G59920,1,usable,42.68,1.423,6,0.992,0.998,0.984,0.992,0.992,0.997,0.989
552,AT3G59970,AT3G59970,1,usable,40.92,0.873,6,0.997,0.997,0.997,0.997,0.998,0.995,0.994
553,AT3G60130,AT3G60130,1,usable,51.935,1.964,6,0.984,0.985,0.969,0.983,0.988,0.986,0.972
554,AT3G60750,AT3G60750,1,usable,42.887,1.26,6,0.9975,0.997,0.995,0.999,0.998,0.999,0.994
555,AT3G60820,AT3G60820,1,usable,58.71,1.921,6,0.9515,0.928,0.857,0.983,0.975,0.987,0.904
556,AT3G61440,AT3G61440,1,usable,49.544,2.296,6,0.9955,0.997,0.99,0.996,0.995,0.996,0.987
557,AT3G61540,AT3G61540,1,usable,60.021,2.145,4,0.898,0.924,,0.919,0.844,0.877,
558,AT3G62030,AT3G62030,1,usable,42.238,0.795,6,0.9935,0.994,0.991,0.993,0.996,0.989,0.995
559,AT3G62120,AT3G62120,1,usable,42.675,2.327,6,0.9944999999999999,0.993,0.995,0.996,0.994,0.996,0.989
560,AT3G62910,AT3G62910,1,usable,41.148,1.109,4,0.993,0.992,0.917,0.994,0.996,,
561,AT3G63140,AT3G63140,1,usable,47.472,2.53,6,0.9915,0.993,0.99,0.997,0.996,0.983,0.984
562,AT3G63190,AT3G63190,1,usable,50.588,0.267,3,0.978,0.977,0.978,,,0.996,
563,AT3G63250,AT3G63250,1,usable,39.978,2.313,3,0.979,,0.979,,,0.994,0.965
564,AT3G63490,AT3G63490,1,usable,37.546,1.061,6,0.996,0.997,0.981,0.995,0.981,0.997,0.998
565,AT3G63540,AT3G63540,1,usable,51.958,2.309,6,0.9915,0.992,0.977,0.994,0.98,0.997,0.991
566,AT4G00490,AT4G00490,1,usable,44.639,0.766,6,0.9935,0.993,0.988,0.994,0.997,0.994,0.993
567,AT4G01070,AT4G01070,1,usable,45.169,0.65,3,0.982,0.994,0.963,,,0.982,
568,AT4G01610,AT4G01610,1,usable,52.775,3.49,6,0.9744999999999999,0.975,0.955,0.987,0.975,0.883,0.974
569,AT4G01870,AT4G01870,1,usable,54.368,2.384,6,0.969,0.979,0.967,0.926,0.941,0.995,0.971
570,AT4G02450,AT4G02450,1,usable,55.6,1.884,5,0.983,0.982,0.974,0.983,0.99,0.995,
571,AT4G02520,AT4G02520,1,usable,41.824,1.466,6,0.993,0.99,0.947,0.996,0.998,0.998,0.988
572,AT4G02530,AT4G02530,1,usable,54.521,2.288,5,0.986,0.983,0.842,0.99,0.986,0.99,
573,AT4G02580,AT4G02580,1,usable,48.828,1.517,3,0.955,0.955,0.949,,,0.991,
574,AT4G02930,AT4G02930,1,usable,38.64,0.544,6,0.997,0.997,0.986,0.997,0.997,0.998,0.988
575,AT4G03190,AT4G03190,1,usable,43.731,3.11,6,0.988,0.998,0.962,0.988,0.988,0.993,0.953
576,AT4G04040,AT4G04040,1,usable,42.103,2.32,6,0.9944999999999999,0.999,0.982,0.995,0.995,0.989,0.994
577,AT4G04350,AT4G04350,1,usable,43.797,0.72,5,0.985,0.992,,0.977,0.982,0.993,0.985
578,AT4G04640,AT4G04640,1,usable,59.786,0.747,5,0.89,0.93,0.853,0.89,0.886,0.981,
579,AT4G05160,AT4G05160,1,usable,45.114,0.959,6,0.994,0.996,0.986,0.994,0.994,0.997,0.98
580,AT4G05390,AT4G05390,1,usable,59.072,1.509,6,0.9299999999999999,0.897,0.756,0.963,0.973,0.982,0.751
581,AT4G05420,AT4G05420,1,usable,46.65,0.598,4,0.9764999999999999,0.98,0.973,,,0.998,0.97
582,AT4G08390,AT4G08390,1,usable,44.562,2.041,6,0.9924999999999999,0.993,0.985,0.985,0.996,0.995,0.992
583,AT4G09000,AT4G09000,1,usable,50.99,1.033,6,0.974,0.958,0.94,0.991,0.989,0.996,0.959
584,AT4G09040,AT4G09040,1,usable,39.811,2.796,4,0.9904999999999999,0.989,0.992,,,0.997,0.978
585,AT4G09320,AT4G09320,1,usable,53.574,1.453,6,0.9644999999999999,0.954,0.921,0.975,0.978,0.983,0.872
586,AT4G09670,AT4G09670,1,usable,56.317,1.387,5,0.978,0.971,0.903,0.994,0.978,0.992,
587,AT4G10320,AT4G10320,1,usable,40.221,1.056,6,0.9975,0.997,0.995,0.999,0.997,0.999,0.998
588,AT4G11150,AT4G11150,1,usable,43.42,0.654,4,0.9875,0.982,0.993,,,0.995,0.976
589,AT4G11260,AT4G11260,1,usable,47.35,0.733,4,0.9755,0.975,0.948,0.976,0.982,,
590,AT4G11600,AT4G11600,1,usable,56.772,2.153,5,0.968,0.959,0.96,0.995,0.989,0.968,
591,AT4G11820,AT4G11820,1,usable,42.145,1.263,6,0.995,0.993,0.991,0.978,0.999,0.998,0.997
592,AT4G12060,AT4G12060,1,usable,48.404,0.664,6,0.9855,0.993,0.985,0.983,0.986,0.995,0.977
593,AT4G12420,AT4G12420,1,usable,45.792,1.214,6,0.9935,0.994,0.984,0.994,0.993,0.992,0.994
594,AT4G12730,AT4G12730,1,usable,53.44,1.331,3,0.987,,,0.978,0.987,0.992,
595,AT4G13360,AT4G13360,1,usable,58.122,1.604,6,0.9715,0.966,0.857,0.984,0.992,0.977,0.826
596,AT4G13430,AT4G13430,1,usable,42.769,1.024,6,0.996,0.997,0.996,0.996,0.996,0.999,0.991
597,AT4G13780,AT4G13780,1,usable,39.426,0.842,6,0.9975,0.997,0.986,0.998,0.998,0.997,0.999
598,AT4G13930,AT4G13930,1,usable,47.986,1.443,6,0.99,0.99,0.989,0.998,0.998,0.99,0.967
599,AT4G13940,AT4G13940,1,usable,37.65,0.692,6,0.9964999999999999,0.998,0.989,0.995,0.994,0.998,0.999
600,AT4G14030,AT4G14030,1,usable,48.712,0.849,6,0.9895,0.996,0.936,0.976,0.993,0.996,0.986
601,AT4G14040,AT4G14040,1,usable,51.078,1.873,5,0.994,0.995,0.938,0.996,0.993,0.994,
602,AT4G14570,AT4G14570,1,usable,50.234,0.548,6,0.98,0.98,0.978,0.98,0.994,0.988,0.977
603,AT4G15093,AT4G15093,1,usable,43.903,1.667,5,0.991,0.991,0.943,0.997,,0.993,0.99
604,AT4G15210,AT4G15210,1,usable,54.909,2.306,6,0.9795,0.994,0.963,0.988,0.982,0.977,0.975
605,AT4G15390,AT4G15390,1,usable,47.857,1.77,6,0.989,0.992,0.982,0.988,0.99,0.995,0.982
606,AT4G15550,AT4G15550,1,usable,41.805,1.39,6,0.995,0.998,0.994,0.994,0.996,0.987,0.997
607,AT4G16060,AT4G16060,1,usable,43.268,0.605,6,0.992,0.996,0.989,0.996,0.991,0.993,0.982
608,AT4G16390,AT4G16390,1,usable,39.084,1.771,4,0.993,0.998,0.989,,,0.997,0.974
609,AT4G16720|AT4G17390,AT4G16720,2,usable,37.591,0.594,6,0.9955,0.996,0.996,0.992,0.995,0.994,0.998
609,AT4G16720|AT4G17390,AT4G17390,2,usable,37.591,0.594,6,0.9955,0.996,0.996,0.992,0.995,0.994,0.998
610,AT4G17040,AT4G17040,1,usable,50.453,1.849,6,0.985,0.989,0.975,0.992,0.981,0.996,0.979
611,AT4G17100,AT4G17100,1,usable,45.981,2.024,6,0.985,0.978,0.978,0.997,0.995,0.992,0.918
612,AT4G17190,AT4G17190,1,usable,41.896,1.758,6,0.9884999999999999,0.99,0.965,0.987,0.995,0.993,0.98
613,AT4G17300,AT4G17300,1,usable,44.622,1.116,6,0.994,0.998,0.99,0.984,0.999,0.999,0.974
614,AT4G18480,AT4G18480,1,usable,41.166,1.748,5,0.991,0.996,0.962,0.994,0.991,,0.989
615,AT4G19710,AT4G19710,1,usable,44.226,1.507,6,0.99,0.996,0.991,0.989,0.987,0.995,0.989
616,AT4G19880,AT4G19880,1,usable,50.947,1.814,6,0.988,0.985,0.961,0.995,0.991,0.996,0.929
617,AT4G20260,AT4G20260,1,usable,49.768,2.868,5,0.973,0.994,0.973,0.958,0.997,0.962,
618,AT4G20360,AT4G20360,1,usable,38.909,0.263,6,0.997,0.998,0.997,0.998,0.996,0.997,0.995
619,AT4G20840,AT4G20840,1,usable,53.083,1.771,5,0.966,0.979,0.966,,0.957,0.983,0.94
620,AT4G20850,AT4G20850,1,usable,53.445,0.776,6,0.9824999999999999,0.976,0.962,0.994,0.99,0.989,0.929
621,AT4G20960,AT4G20960,1,usable,45.715,1.602,5,0.993,0.996,0.922,0.993,0.993,0.999,
622,AT4G21580,AT4G21580,1,usable,45.297,0.823,6,0.9955,0.998,0.933,0.992,0.999,0.998,0.993
623,AT4G22670,AT4G22670,1,usable,52.381,2.139,5,0.99,0.992,0.957,0.964,0.99,0.992,
624,AT4G22720,AT4G22720,1,usable,43.004,1.899,3,0.895,0.991,0.894,,,,0.895
625,AT4G23100,AT4G23100,1,usable,42.838,1.034,6,0.997,0.998,0.992,0.999,0.999,0.996,0.992
626,AT4G23600,AT4G23600,1,usable,53.388,2.162,6,0.9684999999999999,0.978,0.822,0.994,0.954,0.989,0.959
627,AT4G23670,AT4G23670,1,usable,47.016,0.627,6,0.9944999999999999,0.995,0.993,0.995,0.996,0.989,0.994
628,AT4G23680,AT4G23680,1,usable,44.948,1.41,6,0.9944999999999999,0.989,0.957,0.995,0.998,0.997,0.994
629,AT4G24190,AT4G24190,1,usable,41.394,1.979,6,0.998,0.999,0.996,0.998,0.999,0.998,0.994
630,AT4G24220,AT4G24220,1,usable,46.289,1.078,6,0.993,0.999,0.981,0.994,0.992,0.994,0.983
631,AT4G24280,AT4G24280,1,usable,46.752,1.294,6,0.993,0.99,0.984,0.997,0.998,0.996,0.98
632,AT4G24620,AT4G24620,1,usable,43.763,0.699,6,0.992,0.996,0.993,0.991,0.991,0.997,0.991
633,AT4G24770,AT4G24770,1,usable,48.446,0.624,5,0.997,0.997,0.984,0.998,0.998,0.991,
634,AT4G24820,AT4G24820,1,usable,39.213,0.446,6,0.997,0.997,0.998,0.997,0.995,0.993,0.997
635,AT4G24830,AT4G24830,1,usable,43.691,2.022,6,0.995,0.995,0.996,0.993,0.995,0.999,0.995
636,AT4G25100,AT4G25100,1,usable,56.27,1.132,5,0.988,0.988,0.914,0.988,0.996,0.973,
637,AT4G25370,AT4G25370,1,usable,48.931,0.704,6,0.9855,0.997,0.979,0.992,0.994,0.966,0.976
638,AT4G26300,AT4G26300,1,usable,41.955,1.344,6,0.9924999999999999,0.998,0.992,0.994,0.993,0.985,0.988
639,AT4G26690,AT4G26690,1,usable,51.767,0.506,6,0.9784999999999999,0.985,0.923,0.954,0.994,0.996,0.972
640,AT4G26870,AT4G26870,1,usable,40.309,1.057,3,0.989,0.989,0.989,,,,0.999
641,AT4G26900,AT4G26900,1,usable,39.526,0.736,6,0.996,0.995,0.985,0.996,0.998,0.999,0.996
642,AT4G26970,AT4G26970,1,usable,52.247,1.006,6,0.9804999999999999,0.981,0.95,0.996,0.989,0.98,0.911
643,AT4G27000,AT4G27000,1,usable,47.877,1.421,6,0.989,0.998,0.969,0.992,0.989,0.989,0.978
644,AT4G29060,AT4G29060,1,usable,43.951,1.019,6,0.9944999999999999,0.994,0.989,0.995,0.995,0.998,0.994
645,AT4G29260,AT4G29260,1,usable,56.038,2.143,5,0.969,0.969,0.948,0.988,0.987,0.953,
646,AT4G29350,AT4G29350,1,usable,46.088,0.9,6,0.995,0.996,0.945,0.994,0.998,0.997,0.994
647,AT4G29410,AT4G29410,1,usable,37.211,1.565,3,0.996,,0.996,,,0.993,0.996
648,AT4G29490,AT4G29490,1,usable,44.79,1.477,4,0.9875,0.991,0.96,,,0.996,0.984
649,AT4G29840,AT4G29840,1,usable,46.281,2.413,6,0.995,0.994,0.943,0.997,0.996,0.997,0.986
650,AT4G30160,AT4G30160,1,usable,43.565,1.259,6,0.983,0.995,0.993,0.991,0.932,0.897,0.975
651,AT4G30270,AT4G30270,1,usable,39.927,0.661,6,0.9935,0.999,0.947,0.994,0.993,0.991,0.997
652,AT4G30310,AT4G30310,1,usable,49.03,1.638,6,0.983,0.991,0.978,0.983,0.983,0.985,0.953
653,AT4G30530,AT4G30530,1,usable,42.044,1.217,6,0.9964999999999999,0.997,0.989,0.999,0.996,0.998,0.996
654,AT4G30810,AT4G30810,1,usable,44.779,2.5,5,0.98,0.98,,0.989,0.992,0.971,0.98
655,AT4G30920,AT4G30920,1,usable,47.074,0.857,6,0.9895,0.998,0.981,0.986,0.995,0.993,0.967
656,AT4G31180,AT4G31180,1,usable,43.411,1.936,6,0.996,0.996,0.995,0.996,0.996,0.996,0.992
657,AT4G31300,AT4G31300,1,usable,58.075,1.827,5,0.95,0.896,0.801,0.98,0.95,0.98,
658,AT4G31480|AT4G31490,AT4G31480,2,usable,37.902,1.137,6,0.996,0.995,0.996,0.994,0.998,0.996,0.997
658,AT4G31480|AT4G31490,AT4G31490,2,usable,37.902,1.137,6,0.996,0.995,0.996,0.994,0.998,0.996,0.997
659,AT4G31700|AT5G10360,AT4G31700,2,usable,37.644,0.68,6,0.9935,0.998,0.985,0.994,0.982,0.994,0.993
659,AT4G31700|AT5G10360,AT5G10360,2,usable,37.644,0.68,6,0.9935,0.998,0.985,0.994,0.982,0.994,0.993
660,AT4G31990,AT4G31990,1,usable,50.59,0.874,6,0.9915,0.988,0.979,0.995,0.995,0.995,0.956
661,AT4G32520,AT4G32520,1,usable,56.081,0.811,6,0.9764999999999999,0.975,0.951,0.992,0.978,0.986,0.932
662,AT4G32720,AT4G32720,1,usable,39.481,0.455,3,0.992,0.992,0.992,,,,0.994
663,AT4G33010,AT4G33010,1,usable,45.816,0.554,6,0.993,0.987,0.985,0.998,0.998,0.997,0.989
664,AT4G33030,AT4G33030,1,usable,49.606,0.763,5,0.992,0.992,0.987,0.998,0.998,0.989,
665,AT4G33090,AT4G33090,1,usable,55.379,0.402,6,0.972,0.959,0.957,0.99,0.985,0.991,0.93
666,AT4G33150,AT4G33150,1,usable,40.245,1.444,6,0.9895,0.99,0.988,0.994,0.989,0.983,0.999
667,AT4G33580,AT4G33580,1,usable,47.308,2.817,5,0.993,0.996,0.998,0.993,0.978,,0.951
668,AT4G33670,AT4G33670,1,usable,49.983,1.307,6,0.9904999999999999,0.986,0.943,0.997,0.995,0.999,0.97
669,AT4G33680,AT4G33680,1,usable,46.407,1.183,6,0.9975,0.996,0.983,0.999,0.999,0.999,0.989
670,AT4G33760,AT4G33760,1,usable,39.111,0.927,6,0.994,0.998,0.985,0.993,0.988,0.995,0.998
671,AT4G34050,AT4G34050,1,usable,45.034,1.768,6,0.992,0.988,0.982,0.996,0.996,0.996,0.949
672,AT4G34110,AT4G34110,1,usable,40.595,0.707,6,0.996,0.997,0.996,0.996,0.991,0.998,0.996
673,AT4G34180,AT4G34180,1,usable,60.264,1.757,5,0.854,0.854,0.734,0.806,0.942,0.914,
674,AT4G34200,AT4G34200,1,usable,43.557,1.363,6,0.9955,0.994,0.992,0.997,0.997,0.997,0.993
675,AT4G34260,AT4G34260,1,usable,47.338,1.921,4,0.986,0.982,0.991,,,0.99,0.975
676,AT4G34350,AT4G34350,1,usable,42.064,1.108,6,0.998,0.998,0.998,0.999,0.998,0.995,0.998
677,AT4G34450,AT4G34450,1,usable,38.835,1.049,6,0.9955,0.998,0.997,0.992,0.992,0.996,0.995
678,AT4G34490,AT4G34490,1,usable,38.399,1.183,6,0.995,0.995,0.969,0.996,0.995,0.996,0.988
679,AT4G34620,AT4G34620,1,usable,39.126,1.835,4,0.988,0.987,0.86,,,0.992,0.989
680,AT4G34740,AT4G34740,1,usable,46.623,2.723,6,0.988,0.996,0.984,0.992,0.977,0.999,0.969
681,AT4G34870,AT4G34870,1,usable,40.873,1.522,6,0.9955,0.996,0.984,0.995,0.997,0.996,0.974
682,AT4G35220,AT4G35220,1,usable,60.058,1.088,6,0.9185,0.888,0.894,0.943,0.978,0.945,0.73
683,AT4G35630,AT4G35630,1,usable,38.982,1.524,6,0.995,0.996,0.994,0.994,0.998,0.999,0.994
684,AT4G35830,AT4G35830,1,usable,53.401,1.813,6,0.9795,0.99,0.967,0.982,0.98,0.979,0.939
685,AT4G36400,AT4G36400,1,usable,48.608,2.597,6,0.991,0.991,0.973,0.979,0.992,0.995,0.991
686,AT4G36760,AT4G36760,1,usable,45.825,1.895,6,0.9964999999999999,0.995,0.984,0.998,0.997,0.998,0.996
687,AT4G37000,AT4G37000,1,usable,57.919,2.627,6,0.95,0.984,0.903,0.934,0.966,0.988,0.828
688,AT4G37800,AT4G37800,1,usable,41.996,1.221,6,0.9955,0.995,0.996,0.997,0.997,0.985,0.963
689,AT4G37910,AT4G37910,1,usable,41.511,0.827,6,0.9944999999999999,0.994,0.997,0.995,0.986,0.997,0.993
690,AT4G37980,AT4G37980,1,usable,39.283,1.322,6,0.996,0.995,0.996,0.998,0.996,0.998,0.982
691,AT4G38220,AT4G38220,1,usable,39.314,1.217,6,0.9895,0.999,0.978,0.983,0.99,0.998,0.989
692,AT4G38460,AT4G38460,1,usable,45.896,2.058,3,0.994,0.997,0.994,,,,0.989
693,AT4G38740,AT4G38740,1,usable,45.617,1.715,6,0.9884999999999999,0.991,0.942,0.994,0.986,0.995,0.941
694,AT4G38800,AT4G38800,1,usable,45.887,1.414,6,0.9855,0.983,0.964,0.988,0.988,0.99,0.976
695,AT4G38970,AT4G38970,1,usable,49.914,0.403,6,0.9835,0.992,0.97,0.986,0.995,0.981,0.978
696,AT4G39280,AT4G39280,1,usable,41.475,1.992,6,0.998,0.999,0.998,0.998,0.996,0.998,0.999
697,AT4G39330,AT4G39330,1,usable,39.666,1.174,6,0.9964999999999999,0.999,0.996,0.997,0.995,0.997,0.989
698,AT4G39660,AT4G39660,1,usable,57.919,1.597,6,0.9715,0.984,0.962,0.945,0.981,0.991,0.916
699,AT5G01210,AT5G01210,1,usable,38.748,1.504,4,0.993,0.995,0.964,,,0.992,0.994
700,AT5G01410,AT5G01410,1,usable,58.965,2.848,6,0.9655,0.963,0.916,0.992,0.973,0.968,0.814
701,AT5G01650,AT5G01650,1,usable,51.635,2.069,6,0.9675,0.955,0.958,0.988,0.986,0.977,0.934
702,AT5G02240,AT5G02240,1,usable,48.952,0.64,6,0.983,0.995,0.975,0.97,0.99,0.989,0.977
703,AT5G02500,AT5G02500,1,usable,38.649,1.277,6,0.996,0.997,0.995,0.999,0.994,0.998,0.989
704,AT5G03300,AT5G03300,1,usable,47.411,2.049,6,0.989,0.986,0.927,0.992,0.995,0.997,0.984
705,AT5G03630,AT5G03630,1,usable,50.444,1.258,6,0.9924999999999999,0.994,0.943,0.997,0.991,0.997,0.971
706,AT5G03650,AT5G03650,1,usable,43.31,1.297,6,0.987,0.994,0.979,0.988,0.986,0.996,0.981
707,AT5G04140,AT5G04140,1,usable,61.052,1.111,5,0.954,0.954,0.811,,0.962,0.956,0.766
708,AT5G04360,AT5G04360,1,usable,44.431,1.415,6,0.9944999999999999,0.994,0.985,0.995,0.996,0.993,0.997
709,AT5G04430,AT5G04430,1,usable,43.586,1.625,6,0.996,0.995,0.989,0.997,0.999,0.997,0.993
710,AT5G04740,AT5G04740,1,usable,53.286,1.058,6,0.983,0.979,0.961,0.99,0.995,0.987,0.944
711,AT5G05010,AT5G05010,1,usable,43.269,1.478,6,0.995,0.999,0.996,0.994,0.984,0.994,0.996
712,AT5G05270,AT5G05270,1,usable,51.318,0.89,5,0.983,0.985,0.969,0.969,0.99,0.983,
713,AT5G05730,AT5G05730,1,usable,46.732,1.117,6,0.9924999999999999,0.992,0.986,0.997,0.993,0.997,0.989
714,AT5G05780,AT5G05780,1,usable,39.269,1.681,4,0.983,0.986,0.924,,,0.981,0.985
715,AT5G05980,AT5G05980,1,usable,41.952,3.377,6,0.99,0.993,0.987,0.949,0.995,0.974,0.999
716,AT5G06060,AT5G06060,1,usable,52.55,2.105,5,0.992,0.992,0.986,0.994,0.994,0.991,
717,AT5G06580,AT5G06580,1,usable,57.539,1.133,6,0.9175,0.926,0.945,0.872,0.909,0.967,0.804
718,AT5G06600,AT5G06600,1,usable,43.161,1.42,6,0.9935,0.997,0.987,0.993,0.994,0.996,0.985
719,AT5G07350,AT5G07350,1,usable,38.536,1.911,5,0.996,0.997,0.988,0.974,,0.996,0.999
720,AT5G07460,AT5G07460,1,usable,48.908,2.012,5,0.98,0.993,0.965,0.971,0.98,0.998,
721,AT5G08100,AT5G08100,1,usable,48.7,1.642,3,0.99,0.993,0.946,,,0.99,
722,AT5G08260,AT5G08260,1,usable,48.851,2.07,4,0.9875,0.971,0.99,0.989,0.986,,
723,AT5G08670|AT5G08680|AT5G08690,AT5G08670,3,usable,44.469,1.488,6,0.9924999999999999,0.999,0.984,0.993,0.972,0.996,0.992
723,AT5G08670|AT5G08680|AT5G08690,AT5G08680,3,usable,44.469,1.488,6,0.9924999999999999,0.999,0.984,0.993,0.972,0.996,0.992
723,AT5G08670|AT5G08680|AT5G08690,AT5G08690,3,usable,44.469,1.488,6,0.9924999999999999,0.999,0.984,0.993,0.972,0.996,0.992
724,AT5G09590,AT5G09590,1,usable,45.326,0.63,6,0.9935,0.997,0.964,0.993,0.994,0.993,0.998
725,AT5G09650,AT5G09650,1,usable,43.7,1.234,6,0.9955,0.996,0.995,0.996,0.997,0.983,0.99
726,AT5G09660,AT5G09660,1,usable,39.054,0.712,6,0.993,0.991,0.993,0.995,0.991,0.996,0.993
727,AT5G09810,AT5G09810,1,usable,38.477,0.629,6,0.997,0.994,0.998,0.996,0.997,0.997,0.997
728,AT5G10450,AT5G10450,1,usable,46.773,2.652,6,0.989,0.996,0.99,0.993,0.988,0.947,0.702
729,AT5G10540,AT5G10540,1,usable,41.237,1.486,6,0.9955,0.999,0.998,0.996,0.993,0.995,0.99
730,AT5G10860,AT5G10860,1,usable,41.353,1.263,6,0.9724999999999999,0.974,0.971,0.969,0.946,0.982,0.976
731,AT5G10870,AT5G10870,1,usable,58.707,1.852,3,0.93,0.93,0.843,,,0.983,
732,AT5G10920,AT5G10920,1,usable,49.607,0.857,6,0.982,0.984,0.973,0.986,0.987,0.965,0.98
733,AT5G11170|AT5G11200,AT5G11170,2,usable,39.641,0.7,6,0.998,0.999,0.993,0.998,0.998,0.998,0.997
733,AT5G11170|AT5G11200,AT5G11200,2,usable,39.641,0.7,6,0.998,0.999,0.993,0.998,0.998,0.998,0.997
734,AT5G11520,AT5G11520,1,usable,46.738,1.444,6,0.995,0.996,0.987,0.999,0.994,0.996,0.99
735,AT5G11670,AT5G11670,1,usable,60.505,2.455,5,0.806,0.968,0.806,0.711,0.754,0.928,
736,AT5G11810,AT5G11810,1,usable,44.773,1.046,6,0.989,0.994,0.982,0.966,0.997,0.998,0.984
737,AT5G12040,AT5G12040,1,usable,50.887,1.041,6,0.9955,0.994,0.897,0.997,0.997,0.998,0.971
738,AT5G12950,AT5G12950,1,usable,58.498,1.292,4,0.9915,,0.763,0.995,0.993,0.99,
739,AT5G13030,AT5G13030,1,usable,39.359,0.785,6,0.996,0.996,0.993,0.993,0.997,0.996,0.997
740,AT5G13120,AT5G13120,1,usable,42.184,1.033,6,0.994,0.986,0.997,0.995,0.994,0.99,0.994
741,AT5G13410,AT5G13410,1,usable,44.82,2.466,3,0.988,0.988,,,,0.994,0.979
742,AT5G13420,AT5G13420,1,usable,48.857,0.803,6,0.9855,0.994,0.972,0.984,0.987,0.989,0.968
743,AT5G13510,AT5G13510,1,usable,40.921,2.716,5,0.994,0.995,0.994,0.998,0.969,,0.961
744,AT5G13520,AT5G13520,1,usable,46.634,1.152,6,0.984,0.99,0.982,0.983,0.985,0.995,0.969
745,AT5G14200,AT5G14200,1,usable,56.243,1.695,5,0.983,0.984,0.886,0.964,0.994,0.983,
746,AT5G14260,AT5G14260,1,usable,52.633,0.766,6,0.9915,0.99,0.913,0.993,0.994,0.996,0.964
747,AT5G14590,AT5G14590,1,usable,43.01,2.613,6,0.9884999999999999,0.981,0.978,0.997,0.997,0.996,0.98
748,AT5G14740,AT5G14740,1,usable,56.861,2.028,6,0.989,0.994,0.851,0.984,0.996,0.996,0.942
749,AT5G14780,AT5G14780,1,usable,55.478,0.753,5,0.99,0.987,0.971,0.991,0.99,0.994,
750,AT5G15450,AT5G15450,1,usable,41.007,1.17,6,0.9964999999999999,0.996,0.999,0.997,0.995,0.995,0.997
751,AT5G16440,AT5G16440,1,usable,44.477,1.439,6,0.9884999999999999,0.986,0.968,0.991,0.985,0.994,0.991
752,AT5G16510,AT5G16510,1,usable,58.257,2.214,4,0.958,0.988,,0.928,,0.992,0.921
753,AT5G16710,AT5G16710,1,usable,45.984,1.44,6,0.9935,0.993,0.983,0.994,0.999,0.993,0.994
754,AT5G16715,AT5G16715,1,usable,39.213,0.536,6,0.996,0.997,0.997,0.988,0.997,0.995,0.985
755,AT5G16760,AT5G16760,1,usable,46.051,0.74,3,0.981,0.985,0.981,,,,0.979
756,AT5G16970,AT5G16970,1,usable,49.565,0.538,6,0.989,0.989,0.972,0.995,0.998,0.989,0.968
757,AT5G17310,AT5G17310,1,usable,50.736,1.032,6,0.9784999999999999,0.981,0.953,0.99,0.976,0.992,0.953
758,AT5G17380,AT5G17380,1,usable,40.813,1.358,6,0.9975,0.999,0.997,0.998,0.998,0.989,0.983
759,AT5G17530,AT5G17530,1,usable,48.112,0.875,6,0.9924999999999999,0.993,0.98,0.995,0.99,0.993,0.992
760,AT5G17920,AT5G17920,1,usable,45.805,2.025,6,0.9904999999999999,0.995,0.992,0.989,0.985,0.994,0.98
761,AT5G17990,AT5G17990,1,usable,43.923,1.127,6,0.9875,0.986,0.989,0.989,0.988,0.987,0.966
762,AT5G19180,AT5G19180,1,usable,47.406,1.424,6,0.988,0.989,0.986,0.991,0.987,0.995,0.96
763,AT5G19220,AT5G19220,1,usable,49.434,0.918,6,0.989,0.991,0.98,0.989,0.989,0.994,0.984
764,AT5G19440,AT5G19440,1,usable,45.186,0.569,6,0.9904999999999999,0.987,0.982,0.992,0.995,0.99,0.991
765,AT5G19510,AT5G19510,1,usable,43.274,2.408,4,0.9864999999999999,,,0.994,0.997,0.979,0.946
766,AT5G19550,AT5G19550,1,usable,45.017,1.574,6,0.995,0.997,0.961,0.995,0.995,0.996,0.991
767,AT5G19680,AT5G19680,1,usable,47.28,1.083,3,0.995,0.995,0.98,,,0.997,
768,AT5G19820,AT5G19820,1,usable,45.367,2.255,6,0.9835,0.996,0.941,0.949,0.979,0.998,0.988
769,AT5G19990|AT5G20000,AT5G19990,2,usable,39.012,0.595,6,0.997,0.997,0.974,0.997,0.999,0.998,0.997
769,AT5G19990|AT5G20000,AT5G20000,2,usable,39.012,0.595,6,0.997,0.997,0.974,0.997,0.999,0.998,0.997
770,AT5G20010|AT5G20020|AT5G55190,AT5G20010,3,usable,53.548,1.035,6,0.985,0.985,0.905,0.996,0.985,0.993,0.955
770,AT5G20010|AT5G20020|AT5G55190,AT5G20020,3,usable,53.548,1.035,6,0.985,0.985,0.905,0.996,0.985,0.993,0.955
770,AT5G20010|AT5G20020|AT5G55190,AT5G55190,3,usable,53.548,1.035,6,0.985,0.985,0.905,0.996,0.985,0.993,0.955
771,AT5G20080,AT5G20080,1,usable,43.372,0.871,6,0.9964999999999999,0.997,0.982,0.998,0.999,0.996,0.995
772,AT5G20290,AT5G20290,1,usable,37.142,1.005,6,0.995,0.998,0.997,0.994,0.983,0.995,0.995
773,AT5G20500,AT5G20500,1,usable,55.179,1.714,6,0.9724999999999999,0.982,0.896,0.963,0.988,0.994,0.955
774,AT5G20890,AT5G20890,1,usable,40.976,2.124,6,0.998,0.998,0.99,0.998,0.998,0.999,0.998
775,AT5G20990,AT5G20990,1,usable,42.446,1.42,4,0.9884999999999999,0.997,0.992,0.985,0.934,,
776,AT5G21060,AT5G21060,1,usable,50.949,2.227,6,0.984,0.985,0.969,0.993,0.989,0.983,0.951
777,AT5G22510,AT5G22510,1,usable,56.137,2.205,6,0.9635,0.963,0.964,0.977,0.947,0.988,0.859
778,AT5G22580,AT5G22580,1,usable,52.916,1.022,5,0.987,0.988,0.987,0.971,0.993,0.963,
779,AT5G22650,AT5G22650,1,usable,36.909,0.035,3,0.987,0.973,,,,0.987,0.994
780,AT5G22800,AT5G22800,1,usable,39.813,0.915,6,0.996,0.998,0.995,0.996,0.995,0.996,0.997
781,AT5G23120,AT5G23120,1,usable,44.963,0.964,6,0.9915,0.988,0.987,0.996,0.996,0.995,0.969
782,AT5G23310,AT5G23310,1,usable,49.865,3.629,6,0.981,0.994,0.984,0.978,0.935,0.987,0.961
783,AT5G23540,AT5G23540,1,usable,39.122,0.52,5,0.997,0.997,0.992,,0.998,0.998,0.991
784,AT5G23830,AT5G23830,1,usable,53.736,1.399,5,0.98,0.974,0.965,0.98,0.994,0.991,
785,AT5G24260,AT5G24260,1,usable,46.016,1.451,5,0.99,0.996,0.959,0.99,,0.997,0.958
786,AT5G24400,AT5G24400,1,usable,45.662,1.313,6,0.994,0.993,0.988,0.995,0.995,0.997,0.986
787,AT5G25460,AT5G25460,1,usable,41.186,0.81,4,0.9955,,0.994,0.997,0.999,,0.983
788,AT5G25780|AT5G27640,AT5G25780,2,usable,39.367,1.325,6,0.9984999999999999,0.999,0.979,0.999,0.999,0.998,0.994
788,AT5G25780|AT5G27640,AT5G27640,2,usable,39.367,1.325,6,0.9984999999999999,0.999,0.979,0.999,0.999,0.998,0.994
789,AT5G25980,AT5G25980,1,usable,60.837,1.817,5,0.913,0.982,0.913,0.979,,0.847,0.712
790,AT5G26000,AT5G26000,1,usable,59.778,1.108,5,0.98,0.981,0.708,0.978,0.98,0.983,
791,AT5G26260,AT5G26260,1,usable,49.551,1.605,6,0.9704999999999999,0.973,0.948,0.989,0.995,0.961,0.968
792,AT5G26280,AT5G26280,1,usable,53.759,1.986,6,0.9824999999999999,0.978,0.893,0.987,0.992,0.994,0.918
793,AT5G26360,AT5G26360,1,usable,41.457,2.197,6,0.998,0.998,0.99,0.997,0.998,0.998,0.998
794,AT5G26570,AT5G26570,1,usable,44.023,3.509,6,0.9944999999999999,0.998,0.99,0.994,0.996,0.995,0.986
795,AT5G26710,AT5G26710,1,usable,39.516,0.982,6,0.996,0.998,0.992,0.996,0.996,0.997,0.992
796,AT5G26830,AT5G26830,1,usable,40.097,1.36,6,0.9975,0.999,0.994,0.997,0.998,0.998,0.997
797,AT5G26860,AT5G26860,1,usable,39.273,2.079,3,0.994,0.996,0.974,,,,0.994
798,AT5G27380,AT5G27380,1,usable,54.78,1.557,5,0.983,0.987,0.957,0.991,0.982,0.983,
799,AT5G27410,AT5G27410,1,usable,46.674,2.819,5,0.981,0.981,0.806,0.959,0.984,,0.996
800,AT5G27450,AT5G27450,1,usable,53.621,1.336,5,0.984,0.984,0.974,0.972,0.984,0.995,
801,AT5G27470,AT5G27470,1,usable,45.627,2.43,6,0.992,0.995,0.992,0.995,0.99,0.992,0.973
802,AT5G28500,AT5G28500,1,usable,44.691,0.952,6,0.99,0.994,0.981,0.986,0.998,0.995,0.975
803,AT5G28840,AT5G28840,1,usable,38.808,0.652,6,0.998,1.0,0.996,0.999,0.998,0.997,0.998
804,AT5G30510,AT5G30510,1,usable,39.459,0.669,6,0.9964999999999999,0.996,0.992,0.998,0.997,0.998,0.99
805,AT5G34850,AT5G34850,1,usable,51.246,2.385,6,0.9864999999999999,0.987,0.967,0.996,0.994,0.986,0.928
806,AT5G35100,AT5G35100,1,usable,51.232,1.596,6,0.9455,0.962,0.921,0.994,0.929,0.994,0.922
807,AT5G35360,AT5G35360,1,usable,57.456,1.547,5,0.907,0.903,0.894,0.942,0.907,0.96,
808,AT5G35590,AT5G35590,1,usable,56.899,2.195,4,0.9595,0.946,,0.973,0.908,0.99,
809,AT5G35630,AT5G35630,1,usable,41.137,1.052,6,0.9964999999999999,0.997,0.993,0.997,0.998,0.996,0.982
810,AT5G36160,AT5G36160,1,usable,41.31,0.751,4,0.995,0.998,0.994,,,0.994,0.996
811,AT5G36170,AT5G36170,1,usable,41.521,1.999,6,0.9784999999999999,0.995,0.985,0.968,0.972,0.885,0.994
812,AT5G36210,AT5G36210,1,usable,50.421,0.992,6,0.992,0.992,0.938,0.992,0.996,0.997,0.961
813,AT5G36230,AT5G36230,1,usable,40.045,1.986,4,0.979,0.996,0.988,,,0.959,0.97
814,AT5G36880,AT5G36880,1,usable,42.933,0.763,6,0.996,0.997,0.987,0.995,0.996,0.998,0.996
815,AT5G37830,AT5G37830,1,usable,47.705,0.987,6,0.993,0.993,0.976,0.997,0.993,0.996,0.953
816,AT5G37850,AT5G37850,1,usable,44.575,0.853,6,0.991,0.996,0.933,0.994,0.989,0.993,0.982
817,AT5G38430,AT5G38430,1,usable,55.997,2.186,6,0.9584999999999999,0.961,0.794,0.956,0.978,0.973,0.947
818,AT5G38480,AT5G38480,1,usable,48.298,1.159,6,0.9864999999999999,0.978,0.97,0.996,0.99,0.991,0.983
819,AT5G39080,AT5G39080,1,usable,41.88,1.393,4,0.9884999999999999,0.995,0.972,,,0.99,0.987
820,AT5G39320,AT5G39320,1,usable,44.375,2.165,6,0.989,0.998,0.993,0.972,0.985,0.995,0.984
821,AT5G39730,AT5G39730,1,usable,53.467,0.469,6,0.9835,0.99,0.923,0.977,0.992,0.993,0.94
822,AT5G40280,AT5G40280,1,usable,50.067,1.156,3,0.987,0.955,0.987,,,0.995,
823,AT5G40390,AT5G40390,1,usable,42.949,1.45,6,0.994,0.997,0.986,0.996,0.988,0.992,0.997
824,AT5G40760,AT5G40760,1,usable,38.936,0.771,4,0.992,0.998,0.995,,,0.977,0.989
825,AT5G41040,AT5G41040,1,usable,39.766,0.918,6,0.995,0.995,0.966,0.995,0.995,0.998,0.996
826,AT5G41670,AT5G41670,1,usable,43.219,3.163,6,0.9955,0.995,0.994,0.996,0.996,0.997,0.957
827,AT5G41970,AT5G41970,1,usable,50.971,1.141,6,0.9784999999999999,0.99,0.931,0.978,0.979,0.993,0.963
828,AT5G42740,AT5G42740,1,usable,53.047,1.785,6,0.98,0.982,0.935,0.991,0.978,0.989,0.902
829,AT5G43330,AT5G43330,1,usable,47.576,1.012,6,0.983,0.993,0.921,0.988,0.979,0.987,0.962
830,AT5G43600,AT5G43600,1,usable,47.872,0.446,6,0.986,0.991,0.982,0.988,0.975,0.987,0.985
831,AT5G43830,AT5G43830,1,usable,57.741,0.794,5,0.96,0.96,0.953,0.96,0.965,0.989,
832,AT5G43940,AT5G43940,1,usable,48.239,3.165,6,0.9924999999999999,0.994,0.984,0.997,0.991,0.999,0.984
833,AT5G44720,AT5G44720,1,usable,44.255,0.779,6,0.993,0.995,0.983,0.988,0.995,0.992,0.994
834,AT5G45390,AT5G45390,1,usable,48.515,2.003,6,0.993,0.993,0.97,0.993,0.996,0.995,0.962
835,AT5G45680,AT5G45680,1,usable,58.964,2.309,5,0.973,0.973,0.825,0.978,0.994,0.917,
836,AT5G46180,AT5G46180,1,usable,46.582,2.188,5,0.987,0.993,0.941,0.993,0.987,0.982,
837,AT5G46290,AT5G46290,1,usable,40.08,1.127,6,0.999,0.997,0.987,0.999,0.999,0.999,0.999
838,AT5G47770,AT5G47770,1,usable,40.212,0.916,6,0.996,0.999,0.988,0.995,0.997,0.998,0.99
839,AT5G47840,AT5G47840,1,usable,41.066,1.616,6,0.9955,0.998,0.984,0.993,0.998,0.994,0.997
840,AT5G48180,AT5G48180,1,usable,42.716,0.991,6,0.9944999999999999,0.993,0.998,0.993,0.991,0.998,0.996
841,AT5G48230,AT5G48230,1,usable,50.829,2.491,6,0.992,0.983,0.991,0.997,0.994,0.993,0.917
842,AT5G48300,AT5G48300,1,usable,50.374,1.705,6,0.9915,0.995,0.961,0.993,0.99,0.999,0.97
843,AT5G48540,AT5G48540,1,usable,52.526,0.696,5,0.964,0.964,0.957,0.987,0.986,,0.963
844,AT5G48930,AT5G48930,1,usable,40.694,1.44,5,0.994,0.998,0.992,,0.991,0.995,0.994
845,AT5G49030,AT5G49030,1,usable,41.634,1.659,6,0.9964999999999999,0.999,0.991,0.995,0.991,0.998,0.998
846,AT5G49360,AT5G49360,1,usable,46.694,1.699,5,0.981,0.981,0.956,0.981,0.925,,0.985
847,AT5G49460,AT5G49460,1,usable,42.204,2.04,6,0.987,0.993,0.983,0.985,0.996,0.988,0.986
848,AT5G49650,AT5G49650,1,usable,51.208,0.676,6,0.9875,0.986,0.961,0.989,0.989,0.995,0.94
849,AT5G49910,AT5G49910,1,usable,44.64,1.506,6,0.992,0.993,0.982,0.991,0.995,0.994,0.971
850,AT5G49970,AT5G49970,1,usable,45.079,0.9,5,0.988,0.995,0.979,0.988,,0.997,0.986
851,AT5G49980,AT5G49980,1,usable,51.856,2.162,6,0.988,0.993,0.949,0.983,0.994,0.996,0.967
852,AT5G50250,AT5G50250,1,usable,51.34,0.513,5,0.984,0.991,0.981,0.984,0.996,0.978,
853,AT5G50850,AT5G50850,1,usable,45.524,1.292,6,0.99,0.995,0.957,0.995,0.994,0.986,0.984
854,AT5G50920,AT5G50920,1,usable,38.679,1.05,6,0.997,0.997,0.997,0.997,0.997,0.997,0.989
855,AT5G51100,AT5G51100,1,usable,46.28,0.794,6,0.9895,0.998,0.981,0.987,0.985,0.999,0.992
856,AT5G51820,AT5G51820,1,usable,38.962,1.079,6,0.9955,0.997,0.99,0.994,0.995,0.999,0.996
857,AT5G51970,AT5G51970,1,usable,47.728,1.687,6,0.989,0.987,0.981,0.994,0.991,0.994,0.982
858,AT5G52520,AT5G52520,1,usable,40.844,0.848,6,0.9964999999999999,0.996,0.995,0.998,0.999,0.995,0.997
859,AT5G52560,AT5G52560,1,usable,44.063,0.346,6,0.9895,0.993,0.986,0.983,0.887,0.993,0.994
860,AT5G52640,AT5G52640,1,usable,48.888,3.189,5,0.992,0.996,,0.992,0.986,0.992,0.902
861,AT5G52920,AT5G52920,1,usable,46.41,1.822,6,0.9864999999999999,0.992,0.978,0.991,0.982,0.993,0.98
862,AT5G53140,AT5G53140,1,usable,58.038,1.509,6,0.955,0.949,0.945,0.961,0.992,0.973,0.926
863,AT5G53460,AT5G53460,1,usable,43.351,0.681,6,0.995,0.996,0.994,0.991,0.992,0.996,0.996
864,AT5G53490,AT5G53490,1,usable,48.781,0.942,6,0.9915,0.994,0.984,0.994,0.989,0.994,0.978
865,AT5G53850,AT5G53850,1,usable,44.841,1.026,6,0.9955,0.996,0.988,0.996,0.995,0.996,0.993
866,AT5G54080,AT5G54080,1,usable,51.629,1.605,4,0.9295,0.96,0.888,,,0.991,0.899
867,AT5G54160,AT5G54160,1,usable,40.693,1.952,6,0.9955,0.998,0.996,0.995,0.995,0.998,0.995
868,AT5G54750,AT5G54750,1,usable,49.685,3.586,6,0.981,0.985,0.882,0.965,0.981,0.981,0.981
869,AT5G54810,AT5G54810,1,usable,47.622,1.851,5,0.986,0.986,0.98,0.977,0.991,0.993,
870,AT5G54900,AT5G54900,1,usable,48.743,1.882,6,0.9855,0.986,0.951,0.956,0.988,0.998,0.985
871,AT5G55220,AT5G55220,1,usable,43.591,1.339,6,0.9955,0.997,0.986,0.995,0.996,0.998,0.992
872,AT5G55730,AT5G55730,1,usable,52.696,0.732,3,0.976,,,0.976,0.987,0.938,
873,AT5G56260,AT5G56260,1,usable,51.422,0.855,5,0.991,0.995,0.956,0.991,0.987,0.995,
874,AT5G56350,AT5G56350,1,usable,42.068,0.785,6,0.9955,0.997,0.974,0.989,0.998,0.998,0.994
875,AT5G56500,AT5G56500,1,usable,54.411,1.245,6,0.9544999999999999,0.975,0.927,0.947,0.968,0.962,0.94
876,AT5G56660,AT5G56660,1,usable,40.826,0.391,4,0.99,0.985,0.994,,,0.996,0.986
877,AT5G56680,AT5G56680,1,usable,41.038,0.873,6,0.9924999999999999,0.999,0.993,0.992,0.996,0.944,0.991
878,AT5G56740,AT5G56740,1,usable,39.547,1.385,4,0.993,0.995,0.992,,,0.986,0.994
879,AT5G57020,AT5G57020,1,usable,45.391,0.572,6,0.99,0.989,0.964,0.996,0.991,0.992,0.988
880,AT5G57330,AT5G57330,1,usable,53.468,1.301,5,0.982,0.982,0.975,0.993,0.98,0.988,
881,AT5G57655,AT5G57655,1,usable,43.252,0.744,6,0.9944999999999999,0.995,0.99,0.994,0.996,0.995,0.989
882,AT5G57700,AT5G57700,1,usable,54.706,1.075,6,0.979,0.978,0.947,0.98,0.99,0.992,0.876
883,AT5G57850,AT5G57850,1,usable,56.243,1.932,6,0.9744999999999999,0.993,0.842,0.957,0.992,0.995,0.957
884,AT5G58070,AT5G58070,1,usable,52.313,1.441,3,0.968,0.979,0.94,,,0.968,
885,AT5G58250,AT5G58250,1,usable,49.261,1.139,6,0.9895,0.991,0.91,0.988,0.992,0.998,0.972
886,AT5G58290,AT5G58290,1,usable,38.669,0.981,6,0.9964999999999999,0.997,0.998,0.99,0.996,0.998,0.986
887,AT5G58330,AT5G58330,1,usable,55.567,1.774,5,0.977,0.874,0.925,0.985,0.977,0.985,
888,AT5G58490,AT5G58490,1,usable,39.768,0.968,6,0.9964999999999999,0.998,0.991,0.997,0.996,0.997,0.986
889,AT5G59880,AT5G59880,1,usable,47.732,1.043,6,0.986,0.993,0.918,0.976,0.988,0.993,0.984
890,AT5G60360,AT5G60360,1,usable,47.496,1.21,6,0.9804999999999999,0.986,0.972,0.975,0.995,0.802,0.993
891,AT5G60600,AT5G60600,1,usable,45.018,1.342,6,0.9935,0.994,0.987,0.994,0.993,0.996,0.984
892,AT5G60640,AT5G60640,1,usable,48.937,1.546,6,0.994,0.997,0.991,0.991,0.999,0.997,0.96
893,AT5G61410,AT5G61410,1,usable,42.526,2.122,6,0.9964999999999999,0.998,0.977,0.997,0.996,0.997,0.995
894,AT5G61510,AT5G61510,1,usable,52.266,1.896,5,0.986,0.968,0.957,0.986,0.991,0.988,
895,AT5G61780,AT5G61780,1,usable,39.056,1.165,5,0.989,0.997,0.975,,0.989,0.993,0.989
896,AT5G62530,AT5G62530,1,usable,61.334,2.541,3,0.899,0.973,,0.899,0.708,,
897,AT5G62790,AT5G62790,1,usable,42.027,0.359,6,0.9984999999999999,0.997,0.969,0.998,0.999,0.999,0.999
898,AT5G63420,AT5G63420,1,usable,39.199,0.231,3,0.995,0.996,0.995,,,,0.995
899,AT5G63570,AT5G63570,1,usable,53.364,1.248,6,0.9895,0.995,0.987,0.989,0.99,0.993,0.971
900,AT5G63810,AT5G63810,1,usable,58.796,2.459,3,0.962,0.962,,0.986,0.873,,
901,AT5G63840,AT5G63840,1,usable,48.019,0.534,6,0.982,0.995,0.98,0.981,0.983,0.993,0.979
902,AT5G63980,AT5G63980,1,usable,47.226,0.954,6,0.99,0.993,0.958,0.988,0.996,0.992,0.978
903,AT5G64050,AT5G64050,1,usable,38.617,0.188,6,0.9964999999999999,0.998,0.998,0.997,0.996,0.98,0.984
904,AT5G64250,AT5G64250,1,usable,44.833,1.074,4,0.989,0.989,0.988,,,0.99,0.989
905,AT5G64370,AT5G64370,1,usable,60.179,2.316,3,0.945,0.945,,,0.891,0.956,
906,AT5G64860,AT5G64860,1,usable,44.965,3.601,6,0.9895,0.991,0.993,0.991,0.983,0.988,0.929
907,AT5G65010,AT5G65010,1,usable,38.669,1.003,6,0.9944999999999999,0.999,0.993,0.996,0.996,0.993,0.979
908,AT5G65020,AT5G65020,1,usable,39.02,0.582,6,0.995,0.999,0.992,0.997,0.998,0.993,0.99
909,AT5G65430,AT5G65430,1,usable,46.23,2.56,6,0.9644999999999999,0.962,0.922,0.967,0.973,0.983,0.934
910,AT5G65620,AT5G65620,1,usable,43.404,0.754,6,0.991,0.996,0.993,0.989,0.987,0.997,0.988
911,AT5G66120,AT5G66120,1,usable,39.145,0.639,5,0.998,0.999,0.98,0.998,1.0,0.994,
912,AT5G66190,AT5G66190,1,usable,55.994,1.431,6,0.9664999999999999,0.983,0.964,0.969,0.954,0.992,0.854
913,AT5G66420,AT5G66420,1,usable,39.634,0.688,6,0.9935,0.998,0.992,0.994,0.993,0.978,0.995
914,AT5G66530,AT5G66530,1,usable,45.439,0.708,6,0.9935,0.995,0.983,0.994,0.996,0.993,0.986
915,AT5G67150,AT5G67150,1,usable,44.332,0.742,6,0.989,0.981,0.962,0.99,0.993,0.988,0.991
916,ATCG00160,ATCG00160,1,usable,37.7,0.68,6,0.9944999999999999,0.997,0.998,0.992,0.993,0.995,0.994
917,ATCG00490,ATCG00490,1,usable,57.213,1.331,6,0.9584999999999999,0.976,0.952,0.964,0.988,0.953,0.912
918,ATCG00800,ATCG00800,1,usable,37.225,0.849,6,0.9955,0.996,0.985,0.995,0.996,0.998,0.994
919,ATCG00810,ATCG00810,1,usable,37.788,0.596,5,0.995,0.995,0.996,0.995,,0.992,0.974
920,ATCG00830|ATCG01310,ATCG00830,2,usable,38.754,1.352,3,0.995,0.995,0.97,,,,0.995
920,ATCG00830|ATCG01310,ATCG01310,2,usable,38.754,1.352,3,0.995,0.995,0.97,,,,0.995
921,ATCG00900|ATCG01240,ATCG00900,2,usable,37.954,1.539,6,0.991,0.991,0.965,0.991,0.982,0.997,0.998
921,ATCG00900|ATCG01240,ATCG01240,2,usable,37.954,1.539,6,0.991,0.991,0.965,0.991,0.982,0.997,0.998
922,ATCG01110,ATCG01110,1,usable,40.525,1.236,6,0.9864999999999999,0.994,0.984,0.985,0.988,0.981,0.991
