complex_string,stoichiometry,unknown_stoichiometry
YDL220C;YDR082W;YLR010C,0;0;0,1
YAR007C;YNL312W;YJL173C,1;1;1,0
YBR119W;YKL012W;YML046W;YER029C;YFL017W-A;YLR147C;YGR013W;YPR182W;YHR086W;YIL061C;YGR074W;YDR235W;YDR240C;YLR298C;YLR275W;YDL087C;YOR159C,0;0;0;0;0;0;0;0;0;0;0;0;0;0;0;0;0,1
YBL026W;YER112W;YER146W;YJR022W;YMR268C;YNL147W;YLR438C-A;YDR378C,1;1;1;1;1;1;1;1,0
YBR055C;YPR178W;YDR243C;YER172C;YHR165C;YKL173W;YBL026W;YBR152W;YEL026W;YER029C;YER112W;YER146W;YFL017W-A;YLR147C;YFR005C;YJR022W;YGR091W;YNL147W;YPR182W;YLR438C-A;YGR075C;YGR074W;YDR473C;YLR275W;YDR378C;YPR082C;YOR159C;YDL098C;YOR308C,0;0;0;0;0;0;0;0;0;0;0;0;0;0;0;0;0;0;0;0;0;0;0;0;0;0;0;0;0,1
YNL138W-A;YDL030W;YJL203W;YER029C;YFL017W-A;YIR005W;YIR009W;YLR147C;YGL174W;YMR288W;YNL286W;YPR182W;YGR074W;YMR240C;YML049C;YLR275W;YPR094W;YDL043C;YLR016C;YPL213W;YOR159C;YOR319W,0;0;0;0;0;0;0;0;0;0;0;0;0;0;0;0;0;0;0;0;0;0,1
YBR055C;YDR243C;YER172C;YHR165C;YKL173W;YHR156C;YER029C;YFL017W-A;YLR147C;YPR182W;YGR074W;YLR275W;YPR082C;YOR159C,0;0;0;0;0;0;0;0;0;0;0;0;0;0,1
YBL074C;YHR165C;YKL173W;YER029C;YFL017W-A;YLR147C;YPR182W;YGR074W;YLR275W;YOR159C,0;0;0;0;0;0;0;0;0;0,1
YPR178W;YEL026W;YER029C;YFL017W-A;YLR147C;YPR182W;YGR074W;YDR473C;YLR275W;YOR159C,0;0;0;0;0;0;0;0;0;0,1
YPR178W;YBL026W;YEL026W;YER029C;YER112W;YER146W;YFL017W-A;YLR147C;YJR022W;YGR091W;YNL147W;YPR182W;YLR438C-A;YGR074W;YDR473C;YLR275W;YDR378C;YOR159C,0;0;0;0;0;0;0;0;0;0;0;0;0;0;0;0;0;0,1
YAR014C;YHR158C;YGR238C,2;2;1,0
YER029C;YFL017W-A;YLR147C;YPR182W;YGR074W;YLR275W;YOR159C,1;1;1;1;1;1;1,0
YBL026W;YER112W;YER146W;YJR022W;YNL147W;YLR438C-A;YDR378C,1;1;1;1;1;1;1,0
YBL026W;YER112W;YER146W;YJL124C;YNL147W;YLR438C-A;YDR378C,1;1;1;1;1;1;1,0
YBL026W;YER112W;YER146W;YNL147W;YLR438C-A;YDR378C,0;0;0;0;0;0,1
YCR077C;YBL026W;YER112W;YER146W;YJL124C;YNL147W;YLR438C-A;YDR378C,1;1;1;1;1;1;1;1,0
YBL008W;YOR038C;YJR140C;YBR215W,1;2;1;2,0
YKR016W;YBR262C;YFR011C;YGR235C;YNL100W;YCL057C-A,0;0;0;0;0;0,1
YOR026W;YGR188C,1;1,0
YOR211C;YBR179C;YDR470C,0;0;0,1
YBR002C;YDL193W,0;0,1
YMR101C;YDL193W,0;0,1
YDR477W;YGL115W;YER027C,1;1;1,0
YDR477W;YGL115W;YDR422C,1;1;1,0
YLR336C;YDR021W,0;0,1
YEL032W;YBL023C;YLR274W;YPR019W;YBR202W;YJL072C;YGL201C;YDR489W;YLR103C;YOL146W;YDR013W,0;0;0;0;0;0;0;0;0;0;0,1
YCL039W;YBR105C;YMR135C;YIL097W;YIL017C;YGL227W;YDR255C,1;1;1;1;1;1;1,0
YHR162W;YGL080W,1;1,0
YGL080W;YGR243W,1;1,0
YCL045C;YKL207W;YIL027C;YJR088C;YGL231C;YLL014W,0;0;0;0;0;0,1
YBR281C;YNL191W,2;2,0
YPR173C,0,1
YBR160W;YGR108W,0;0,1
YBR160W;YDL155W,0;0,1
YBR160W;YLR210W,0;0,1
YBR160W;YGR109C,0;0,1
YBR160W;YPL256C;YBR135W,0;0;0,1
YFR021W;YNL242W,0;0,1
YBR120C;YPL215W,0;0,1
YIL003W;YGL091C,2;2,0
YKR071C;YPR048W,0;0,1
YKR072C;YKL088W;YOR054C,1;1;1,0
YKL088W;YIL083C;YGR277C;YDR196C,0;0;0;0,1
YLR423C;YPL166W;YDR022C,2;2;2,0
YBL080C;YGR102C;YMR293C,0;0;0,1
YBR229C;YDR221W,0;0,1
YNR046W;YDR140W,1;1,0
YBR087W;YNL290W;YOL094C;YJR068W;YOR144C,1;1;1;1;1,0
YPR080W;YAL003W;YKL081W,2;2;2,0
YIR006C;YBL007C;YNL084C,1;0;1,1
YPL237W;YJR007W;YER025W,1;1;1,0
YOR260W;YGR083C;YKR026C;YDR211W;YLR291C,2;2;2;2;2,0
YOL139C;YKR059W;YGR162W,1;1;1,0
YOL139C;YKR059W;YGL049C,1;1;1,0
YDR172W;YBR143C,1;1,0
YKR084C;YNL001W,1;1,0
YMR203W;YOR045W;YNL131W;YNL070W;YPR133W-A,2;2;2;3;2,0
YNL121C;YMR203W;YOR045W;YGR082W;YNL131W;YNL070W;YPR133W-A,0;2;2;0;2;2;2,1
YLR170C;YKL135C;YPL259C;YPR029C,0;0;0;0,1
YLR170C;YKL135C;YHL019C;YPR029C,0;0;0;0,1
YJR005W;YBL037W;YJR058C;YOL062C,0;0;0;0,1
YBR288C;YGR261C;YJL024C;YPL195W,0;0;0;0,1
YJL164C;YIL033C,2;2,0
YPL203W;YIL033C,2;2,0
YBR088C,3,0
YBR087W;YNL290W;YOR217W;YOL094C;YJR068W,1;1;1;1;1,0
YOL069W;YER018C;YIL144W;YMR117C,0;0;0;0,1
YGR240C;YMR205C,4;4,0
YOR136W;YNL037C,4;4,0
YLL041C;YKL141W;YDR178W;YKL148C,1;1;1;1,0
YFR033C;YDR529C;Q0105;YOR065W;YBL045C;YPR191W;YEL024W;YJL166W;YGR183C;YHR001W-A,1;1;1;1;1;1;1;1;1;1,0
YBR195C;YML102W;YPR018W,1;1;1,0
YKL166C;YIL033C,2;2,0
YJL164C;YPL203W;YIL033C,1;1;2,0
YKL166C;YJL164C;YIL033C,1;1;2,0
YKL166C;YPL203W;YIL033C,1;1;2,0
YHR084W;YPL049C;YDR480W,0;0;0,1
YHR084W;YBR083W;YPL049C,0;0;0,1
YJR109C;YOR303W,1;1,0
YPL228W;YGL130W,2;2,0
YIL035C;YOR061W;YOR039W;YGL019W,1;1;1;1,0
YDR074W;YMR261C;YBR126C,0;0;0,1
YDR074W;YML100W;YBR126C,0;0;0,1
YLR433C;YKL190W,1;1,0
YML057W;YKL190W,1;1,0
YCR035C;YHR069C;YGR195W;YGR158C;YGR095C;YNL232W;YDR280W;YOL021C;YOL142W;YOR001W;YDL111C,1;1;1;1;1;1;1;1;1;1;1,0
YCR035C;YHR069C;YGR195W;YGR158C;YGR095C;YNL232W;YDR280W;YOL021C;YOL142W;YDL111C,1;1;1;1;1;1;1;1;1;1,0
YDL029W;YKL013C;YBR234C;YIL062C;YJR065C;YNR035C;YLR370C,1;1;1;1;1;1;1,0
YPR088C;YML105C;YKL122C;YPL243W;YPL210C;YDL092W,1;1;1;1;1;1,0
YBR245C;YMR044W;YLR095C,1;1;1,0
YBR245C;YFR013W,1;1,0
YDR392W;YCL010C;YDR176W;YER164W;YBR081C;YBR198C;YHR099W;YLR055C;YMR223W;YOL148C;YGL112C;YGL066W;YDR448W;YPL047W;YGR252W;YDR145W;YMR236W;YDR167W;YPL254W;YBR111W-A,0;0;0;0;0;0;0;0;0;0;0;0;0;0;0;0;0;0;0;0,1
YCR039C;YCR097W,1;1,0
YCR039C;YMR043W,2;2,0
YCR040W;YMR043W,2;2,0
YJL005W;YNL138W,0;0,1
YJL065C;YGL133W;YDR121W;YOR304W,0;0;0;0,1
YDL014W;YEL026W;YLR197W;YOR310C,2;2;1;1,0
YGL133W;YOR304W,0;0,1
YHR089C;YDL208W;YLR175W;YHR072W-A,1;0;1;1,1
YKL022C;YFR036W;YHR166C;YBL084C;YIR025W;YGL240W;YNL172W;YDR118W;YOR249C;YLR102C;YDL008W;YDR260C;YLR127C,0;0;0;0;0;0;0;0;0;0;0;0;0,1
YKL022C;YFR036W;YHR166C;YGL116W;YBL084C;YIR025W;YGL240W;YNL172W;YDR118W;YOR249C;YLR102C;YDL008W;YDR260C;YLR127C,0;0;0;0;0;0;0;0;0;0;0;0;0;0,1
YKL022C;YFR036W;YHR166C;YBL084C;YIR025W;YGL240W;YGL003C;YNL172W;YDR118W;YOR249C;YLR102C;YDL008W;YDR260C;YLR127C,0;0;0;0;0;0;0;0;0;0;0;0;0;0,1
YKL022C;YFR036W;YHR166C;YBL084C;YIR025W;YGR225W;YGL240W;YNL172W;YDR118W;YOR249C;YLR102C;YDL008W;YDR260C;YLR127C,0;0;0;0;0;0;0;0;0;0;0;0;0;0,1
YBR060C;YHR118C;YNL261W;YML065W;YLL004W;YPR162C,0;0;0;0;0;0,1
YIL035C;YOR039W;YGL019W,2;1;1,0
YOR061W;YOR039W;YGL019W,2;1;1,0
YIL035C;YCL031C;YOR039W;YGL019W;YGR090W,2;0;1;1;0,1
YIL035C;YOR061W;YCL031C;YOR039W;YGL019W;YGR090W,1;1;0;1;1;0,1
YOR061W;YCL031C;YOR039W;YGL019W;YGR090W,2;0;1;1;0,1
YIL035C;YOR061W;YCL031C;YOR039W;YLR223C;YGL019W;YGR090W,1;1;0;1;0;1;0,1
YIL035C;YCL031C;YOR039W;YLR223C;YGL019W;YGR090W,2;0;1;0;1;0,1
YOR061W;YCL031C;YOR039W;YLR223C;YGL019W;YGR090W,2;0;1;0;0;0,1
YMR127C;YDR181C;YOR213C,1;1;1,0
YNR046W;YOL124C,1;1,0
YHR187W;YGR200C;YPL101W;YPL086C;YMR312W;YLR384C,2;2;2;2;2;2,0
YDR292C;YKL154W,1;1,0
YCR020C-A;YEL053C;YPR051W,0;0;0,1
YPR131C;YOL076W,0;0,1
YHR013C;YDL040C;YOR253W,0;0;0,1
YOL110W;YLR246W,0;0,1
YOL067C;YBL103C,1;1,0
YEL044W;YPL129W;YER092W;YNL215W;YFL013C;YGL150C;YNL059C;YFL039C;YJL081C;YDL002C;YDR190C;YOR189W;YLR052W;YOR141C;YPL235W,1;1;1;1;1;1;1;1;1;1;6;1;1;1;6,0
YDL017W;YDR052C,0;0,1
YMR058W;YER145C,1;0,1
YBR207W;YFL041W,0;1,1
YCL008C;YGR206W;YPL065W;YLR119W,1;1;1;1,0
YLR182W;YER111C,1;1,0
YLR182W;YDL056W,0;0,1
YER083C;YGL020C;YDL100C,2;2;2,0
YGL086W;YJL030W,0;0,1
YGL116W;YJL030W,0;0,1
YGL116W;YOR026W;YJL030W;YJL013C,0;0;0;0,1
YMR055C;YJR053W,0;0,1
YAL041W;YOR212W;YJR086W;YJL157C,0;0;0;0,1
YKR038C;YJL184W;YGR262C;YML036W;YKR095W-A,1;1;1;1;1,0
YNL103W;YIR017C;YPL038W,0;0;0,1
YNL103W;YIR017C;YDR253C,0;0;0,1
YJR060W;YNL103W;YIR017C,2;0;0,1
YCR094W;YAL026C,0;0,1
YER166W;YNL323W,0;0,1
YNL323W;YDR093W,0;0,1
YNR048W;YMR162C,0;0,1
YBR164C;YIL048W;YNL297C;YDR141C,0;0;0;0,1
YCR092C;YOL090W,1;1,0
YOL090W;YDR097C,1;1,0
YAL051W;YOR363C,1;1,0
YKL018W;YBR175W;YBR258C;YHR119W;YAR003W;YLR015W;YPL138C;YDR469W,1;1;1;2;1;2;2;1,0
YPR189W;YLR398C;YGL213C,1;1;2,0
YKL052C;YKR037C;YKR083C;YGL061C;YGR113W;YBR233W-A;YDR320C-A;YKL138C-A;YDR201W;YDR016C,1;1;1;1;1;1;1;1;1;1,0
YML051W;YDR009W,2;2,0
YBR020W;YML051W,2;2,0
YPL248C;YML051W,2;2,0
YAL042W;YML067C,0;0,1
YCR047C;YNR046W,1;1,0
YML014W;YNR046W,0;0,1
YKR002W;YER133W;YKL059C;YKL018W;YGR156W;YDR195W;YNL317W;YJR093C;YNL222W;YAL043C;YPR107C;YLR277C;YDR301W;YOR179C;YLR115W,0;1;0;0;0;1;0;0;0;1;0;0;0;1;0,1
YNL189W;YLR347C,1;1,0
YLR234W;YMR190C;YPL024W,0;0;0,1
YBR009C;YBL025W;YMR270C;YBR010W;YLR141W;YOR295W,0;0;0;0;0;0,1
YJL026W;YER070W;YGR180C,1;2;1,0
YJL026W;YER070W;YIL066C;YGR180C,1;1;1;1,0
YDR517W;YDL099W,0;0,1
YER118C;YNL152W;YMR032W;YDL117W,0;0;0;0,1
YER148W;YPL082C,0;0,1
YKL186C;YPL169C,1;1,0
YER148W;YGR246C;YNL039W,1;1;0,1
YPL129W;YGR186W;YGR005C,0;0;0,1
YPL016W;YBR289W;YHL025W;YOR290C;YJL176C;YPL129W;YDR073W;YFL049W;YGR275W;YNR023W;YMR033W;YPR034W,1;1;2;1;2;3;2;2;0;1;1;1,1
YJL071W,0;0,1
YML099C;YMR042W;YDR173C;YMR043W,0;0;0;0,1
YKL061W;YEL005C;YNL086W;YGL079W;YLR408C;YDR357C,0;0;0;0;0;0,1
YDR204W;YOL096C;YOR125C;YML110C;YGR255C;YLR201C,0;0;1;0;0;0,1
YBR107C;YBR211C;YDR254W;YAL034W-A;YJR135C;YGR179C;YPL018W;YLR315W;YDR318W;YPR046W;YDR383C;YLR381W,0;0;0;0;0;0;0;0;0;0;0;0,1
YHR154W;YJL047C;YLR320W;YPR164W;YOL133W,0;0;0;0;0,1
YKL182W;YPL231W,6;6,0
YJL047C;YPR135W;YLR320W;YPR164W;YOL133W,0;0;0;0;0,1
YJL047C;YPR164W;YDR363W;YOL133W,0;0;0;0,1
YJL047C;YNL261W;YPR164W;YOL133W,0;0;0;0,1
YKR054C;YDR488C;YDR424C;YMR299C,2;2;2;0,1
YLR270W,2,0
YLR270W;YOR173W,1;1,0
YAL034W-A;YIR010W;YJR112W;YPL233W,1;1;1;1,0
YBR211C;YGR179C;YPL018W;YDR318W,1;1;1;1,0
YKL108W;YJL090C;YGL113W,0;0;0,1
YKL054C;YJR035W,0;0,1
YKL034W;YOL073C;YOR223W;YDL091C,0;0;0;0,1
YJR052W;YBR114W;YGR003W;YPL046C,0;0;0;0,1
YFR008W;YMR052W;YNL127W;YDR200C;YMR029C;YLR238W,0;0;0;0;0;0,1
YHR172W;YLR212C;YNL126W,1;2;1,0
YPL075W;YNL216W,2;0,1
YPL075W;YNL216W;YNL199C,2;0;2,1
YER133W;YNL233W,1;0,1
YOR178C;YER133W,0;1,1
YER133W;YKL193C,1;1,0
YER133W;YKL193C;YFR003C,1;0;0,1
YER133W;YDR028C,1;0,1
YER133W;YBR050C,1;0,1
YFL018C;YAL044C;YDR019C;YMR189W,1;0;0;0,1
YBR004C;YNL158W,0;0,1
YCL052C;YJR013W,0;0,1
YPL175W;YPL076W;YGR216C;YNL038W;YPL096C-A;YDR437W,0;0;0;0;0;0,1
YHR188C;YLR088W;YLR459W;YDR331W;YDR434W,2;2;2;2;2,0
YPL240C;YLR256W;YAL005C;YLL024C;YMR186W;YNL064C;YCL037C,0;0;0;0;0;0;0,1
YOL108C;YDR123C,0;0,1
YNL015W;YLR043C,0;0,1
YNL015W;YGR209C,0;0,1
YJL034W;YLR207W;YDR057W,0;0;0,1
YCL043C;YHR204W,0;0,1
YGL075C;YPL255W,0;0,1
YPL121C;YHR079C-A,0;0,1
YHR157W;YLR329W,0;0,1
YFL018C;YDR148C;YFR049W;YIL125W,1;0;0;0,1
YML091C,0,1
YNL085W;YGR178C,0;0,1
YGR014W;YPR075C,0;0,1
YAR033W;YGL051W,0;0,1
YOR326W;YCL063W;YEL013W,0;0;0,1
YHR193C;YPL037C,1;1,0
YHR193C;YDR252W,1;1,0
Q0120;YLR382C,0;0,1
YMR080C;YHR077C;YGR072W,0;0;0,1
YPL190C;YNL251C;YLR430W,0;0;0,1
YOR043W;YLL010C,0;0,1
YOR043W;YLR019W,0;0,1
YGR170W;YNL264C,0;0,1
YEL037C;YPL096W,1;1,0
YPL153C;YJL115W,1;1,0
YDL126C;YEL037C;YDL190C,6;0;0,1
YIR021W;Q0115,4;1,0
YGL246C;YOR048C,0;0,1
YNL246W;YLL002W,2;2,0
YCR009C;YDR388W,1;1,0
YDR113C;YGR098C,1;1,0
YPR181C;YHR098C,0;0,1
YDR155C;YCR033W;YKR029C;YBR103W;YIL112W;YGL194C;YOL068C,0;0;0;0;0;0;1,1
YBL007C;YOR181W,0;0,1
YBR228W;YHR154W;YLR135W,0;0;0,1
YPL022W;YML095C;YLR135W,1;1;1,0
YPL022W;YML095C;YAL027W,0;0;0,1
YEL019C;YER038C;YDL105W;YML023C;YDR288W;YLR007W;YOL034W;YLR383W,0;0;0;0;0;0;0;0,1
YMR095C;YMR096W,0;0,1
YNL334C;YMR096W,0;0,1
YNL330C;YGL131C;YMR176W,0;0;0,1
YJL036W;YDL113C,0;0,1
YJL036W;YDR425W,0;0,1
YGR244C;YOR142W,0;0,1
YDL134C;YMR028W;YPL152W,1;0;0,1
YHR195W;YEL013W,2;2,0
YDL188C;YMR028W;YPL152W,1;0;0,1
YKR068C;YBR254C;YDR108W;YDR472W;YML077W;YDR246W;YOR115C,2;1;1;1;1;1;1,0
YDR310C;YOL068C;YOR279C,0;1;0,1
YHR153C;YIL073C;YGL249W;YLR394W,0;0;0;0,1
YLR263W;YIL072W;YDR285W;YDR446W;YLR445W,0;0;0;0;0,1
YDR446W;YLR445W,0;0,1
YFL008W;YIL026C;YJL074C;YPR007C,0;0;0;0,1
YHR196W;YJL109C;YGR128C;YPL126W;YDR398W;YMR093W;YDR324C,0;0;0;0;0;0;0,1
YCR057C;YJL069C;YDR449C;YLR222C;YLR409C;YLR129W,0;0;0;0;0;0,1
YNR051C;YER151C,2;2,0
YJR044C;YOL129W,0;0,1
YPL003W;YPR066W,0;0,1
YJR094C;YDR207C,0;0,1
YKL074C;YLR116W,1;1,0
YBR237W;YBR119W;YKL012W;YKL074C;YML046W;YER029C;YFL017W-A;YLR147C;YGR013W;YPR182W;YHR086W;YIL061C;YGR074W;YDR235W;YDR240C;YLR298C;YLR275W;YDL087C;YLR116W;YOR159C,0;0;0;0;0;0;0;0;0;0;0;0;0;0;0;0;0;0;0;0,1
YBR109C;YDR356W;YPL124W;YKL042W,0;0;0;0,1
YKL042W;YNL225C,0;0,1
YKL014C;YJR041C;YNR038W;YLR221C;YOL144W,0;0;0;0;0,1
YKL033W;YJR136C;YGR099W,0;0;0,1
YJR045C;YLR203C;YML129C;YJL062W-A,0;0;0;0,1
YFL037W;YML085C,1;1,0
YFL037W;YML124C,1;1,0
YHR023W;YGL106W;YPR188C,2;2;2,0
YBR109C;YMR109W,0;0,1
YBR109C;YKL129C,0;0,1
YBR109C;YAL029C;YGL106W,8;2;4,0
YNL262W;YEL032W;YPR175W;YBR278W;YBL023C;YLR274W;YPR019W;YBR202W;YJL072C;YGL201C;YDR489W;YDR121W;YLR103C;YOL146W;YDR013W,0;0;0;0;0;0;0;0;0;0;0;0;0;0;0,1
YNL178W;YDR064W;YLR167W;YGL123W;YJR123W;YMR116C;YHL015W;YOR369C;YOL040C,1;1;1;1;1;1;1;1;1;1;1;1;1;1;1;1;1;1;1;1;1;1;1;1;1;1;1;1;1;1;1;1;1,0
YGL103W;YJL189W;YLR340W;YFR032C-A;YGL030W;YOR063W;YPL131W;YBL092W;YLR075W;YLR325C,1;1;1;1;1;1;1;2;1;1;1;1;1;1;1;1;1;1;1;1;1;1;1;1;1;1;1;1;1;1;1;1;1;1;1;1;1;1;1;1;1;1;1;1;1,0
YPL183W-A;YNL005C;YKL138C;YMR225C;YMR286W;YJL063C;YKR085C;YGR076C;YCR003W;YCR046C;YCR071C;YGR220C;YDR405W;YKL167C;YEL050C;YHR147C;YKL170W;YMR024W;YLR439W;YDR237W;YNL284C;YDL202W;YLR312W-A;YMR193W;YBR282W;YDR462W;YNL252C;YBR122C;YBR268W;YML009C;YPL173W;YBL038W;YJL096W;YML025C;YGL068W;YNR022C;YNL185C;YNL177C;YNL122C;YKR006C;YDR115W;YDR116C;YPR100W;YDR296W;YDR322W;YOR150W,1;1;1;1;1;1;1;1;1;1;1;1;1;1;1;1;1;1;1;1;1;1;1;1;1;1;1;1;1;1;1;1;1;1;1;1;1;1;1;1;1;1;1;1;1;1,0
YDL045W-A;Q0140;YDR347W;YPR166C;YGR084C;YOR158W;YDR337W;YNL137C;YKL003C;YDR036C;YLR204W;YHL004W;YBR251W;YBR146W;YBL090W;YHR059W;YER050C;YIL093C;YNL306W;YJR101W;YJR113C;YGR165W;YGR215W;YNR036C;YNR037C;YNL081C;YGL129C;YPL013C;YPL118W;YDR041W;YMR188C;YDR494W;YMR158W;YDR175C,1;1;1;1;1;1;1;1;1;1;1;1;1;1;1;1;1;1;1;1;1;1;1;1;1;1;1;1;1;1;1;1;1;1,0
YOL010W;YPL217C,1;1,0
YBL002W;YBR009C;YBL003C;YBR010W,2;2;2;2,0
YDR224C;YBR009C;YBL003C;YBR010W,2;2;2;2,0
YDR224C;YBR009C;YDR225W;YBR010W,2;2;2;2,0
YDR224C;YBR009C;YBR010W;YOL012C,2;2;2;2,0
YBL002W;YBR009C;YBR010W;YOL012C,2;2;2;2,0
YGR167W;YGL206C,3;3,0
YCL005W;YLR404W,0;0,1
YKR063C;YGL246C;YOR048C;YLL035W,2;0;0;2,1
YAL041W;YBR200W;YNL298W,1;1;0,1
YGL106W;YMR032W;YPL242C,0;0;0,1
YER071C;YIR003W,0;0,1
YBR136W;YDR499W,2;2,0
YDR054C;YDR328C;YDR131C;YOL133W;YDL132W,1;1;1;1;1,0
YJL041W;YOR098C;YLR335W;YML031W;YFR002W;YKL057C;YKR082W;YBL079W;YMR129W;YAR002W;YER105C;YER107C;YJL061W;YIL149C;YIL115C;YJR042W;YJL039C;YGR119C;YDR192C;YML103C;YDL116W;YGL100W;YGL172W;YKR095W;YKL068W;YMR047C;YDR424C;YMR153W;YLR208W;YDL088C;YDL207W;YLR018C,0;0;0;0;0;0;0;0;0;0;0;0;0;0;0;0;0;0;0;0;0;0;0;0;0;0;0;0;0;0;0;0;0;0,1
YEL036C;YPL050C;YJL183W;YJR075W;YDR245W,0;0;0;0;0,1
YHL002W;YNR006W,0;0,1
YJR102C;YLR417W;YPL002C,2;1;1,0
YKL041W;YKL002W;YLR025W;YMR077C,0;0;0;0,1
YMR231W;YLR396C;YLR148W;YDR080W;YPL045W;YDL077C,0;0;0;0;0;0,1
YMR231W;YLR396C;YDR495C;YLR148W;YAL002W;YPL045W,0;0;0;0;0;0,1
YJR033C;YDR328C;YDR202C,0;0;0,1
YNL118C;YOL149W,0;0,1
YEL020W-A;YBR091C;YJL054W;YHR005C-A;YOR297C;YDL217C,3;0;0;3;0;0,1
YLR163C;YHR024C,1;1,0
YNL062C;YJL125C,2;2,0
YDR165W;YDL201W,1;1,0
YOR194C;YKL058W,1;1,0
YDL090C;YKL019W,1;1,0
YGL155W;YKL019W,1;1,0
YPR176C;YOR370C;YJL031C,1;0;1,1
YIL034C;YKL007W,1;1,0
YEL002C;YGL022W;YJL002C;YOR103C;YMR149W;YML019W;YGL226C-A;YDL232W,1;1;1;1;1;1;1;1,0
YEL002C;YGL022W;YJL002C;YOR103C;YOR085W;YMR149W;YGL226C-A;YDL232W,1;1;1;1;1;1;1;1,0
YER162C;YEL037C,1;1,0
YJL072C;YDR489W;YOL146W;YDR013W,1;1;1;1,0
YML098W;YER148W;YCR042C;YPL129W;YBR198C;YGR274C;YMR005W;YGL112C;YML114C;YDR145W;YML015C;YMR227C;YMR236W;YDR167W;YPL011C,1;1;1;3;2;1;2;2;1;2;1;1;2;2;1,0
YBR070C;YGL047W,1;1,0
YGL183C;YGL033W,1;1,0
YOR212W;YJR086W,1;1,0
YHR005C;YOR212W;YJR086W,1;1;1,0
YNL138W-A;YMR288W;YMR240C;YML049C;YPR094W;YOR319W,0;0;0;0;0;0,1
YDL030W;YJL203W;YDL043C,1;1;1,0
YIR005W;YGL174W;YLR016C,0;0;0,1
YDL030W;YJR050W;YER013W;YCR063W;YAL032C;YKL095W;YLL036C;YJL203W;YER172C;YHR165C;YKL173W;YBR065C;YBR188C;YER029C;YIR005W;YIR009W;YDR364C;YLR147C;YGL174W;YMR288W;YGL128C;YGR129W;YGR278W;YLR323C;YNL245C;YPR182W;YGR074W;YOR148C;YMR240C;YPL064C;YDR088C;YDR482C;YMR213W;YDR163W;YDR416W;YML049C;YPR101W;YLR275W;YDL043C;YPL213W;YDL209C;YLR117C;YPL151C,0;0;0;0;0;0;0;0;0;0;0;0;0;0;0;0;0;0;0;0;0;0;0;0;0;0;0;0;0;0;0;0;0;0;0;0;0;0;0;0;0;0;0,1
YNL287W;YIL076W;YDR238C;YGL137W;YFR051C;YPL010W;YDL145C,0;0;0;0;0;0;0,1
YOR132W;YJL154C;YHR012W;YJL053W;YOR069W,0;0;0;0;0,1
YER017C;YMR089C,0;0,1
YCL044C;YPR024W;YMR115W,0;0;0,1
YBR123C;YGR047C;YAL001C;YDR362C;YPL007C;YOR110W,0;0;0;0;0;0,1
YMR125W;YPL178W,1;1,0
YKL028W;YKR062W,2;2,0
YDL108W;YER171W;YDR311W;YPR025C;YIL143C;YPL122C;YDR460W;YLR005W;YOR352W;YPR056W;YDR079C-A,0;0;0;0;0;0;0;0;0;0;0,1
YDL108W;YPR025C;YDR460W,0;0;0,1
YML010W;YGR063C,1;1,0
YER159C;YDR397C,0;0,1
YBR112C;YCR084C,1;4,0
YPR110C;YOR341W;YBR154C;YPR187W;YOR224C;YPR010C;YOR210W;YNL113W;YJR063W;YHR143W-A;YOR340C;YJL148W;YDR156W;YNL248C,1;1;1;1;1;1;1;1;1;1;1;1;1;1,0
YGL090W;YOR005C,2;1,0
YNL082W;YMR167W,1;1,0
YMR167W;YLR035C,0;0,1
YMR167W;YPL164C,0;0,1
YDL042C;YJL076W;YFR028C,0;0;0,1
YBR098W;YDR386W,3;3,0
YEL003W;YJL179W;YGR078C;YLR200W;YNL153C;YML094W,1;1;1;1;1;1,0
YML115C;YPL050C,1;1,0
YNL273W;YMR048W,0;0,1
YBR131W;YGL124C,0;0,1
YCR002C;YLR314C;YJR076C;YHR107C;YDL225W,2;2;2;2;0,1
YGL180W;YLR423C;YPR185W;YPL166W;YDR022C,2;2;2;2;2,0
YBR097W;YLR240W;YPL120W;YLR360W,1;1;1;1,0
YIL079C;YJR036C;YJL050W;YOL115W,0;0;0;0,1
YJR036C;YJL050W;YOL115W;YDL175C,0;0;0;0,1
YIL079C;YJL050W;YNL299W,0;0;0,1
YCR086W;YPL204W;YER106W;YDR439W,0;0;0;0,1
YEL056W;YPL001W;YLL022C,0;0;0,1
YGR092W;YIL106W,1;1,0
YFL034C-B;YNL161W,0;0,1
YPR161C;YLR226W,0;0,1
YDR159W;YOL072W,0;0,1
YPL031C;YOL001W,1;1,0
YPL031C;YER059W,1;1,0
YPL031C;YIL050W,1;1,0
YPL031C;YPL219W,1;1,0
YPL031C;YGL134W,1;1,0
YPL031C;YGL215W,1;1,0
YPL031C;YDL127W,1;1,0
YPL031C;YNL289W,1;1,0
YPL031C;YHR071W,1;1,0
YPL031C;YDL179W,1;1,0
YGL200C;YAL007C;YML012W;YAR002C-A,0;0;0;0,1
YBR160W;YMR199W;YBR135W,0;0;0,1
YBR160W;YAL040C;YBR135W,0;0;0,1
YBR160W;YPR119W,0;0,1
YBR160W;YPR120C,0;0,1
YGR132C;YGR231C,0;0,1
YFL003C;YDL154W,1;1,0
YAR014C;YER133W,0;1,1
YKL008C;YHL003C;YMR298W,1;1;2,0
YPL111W;YJL088W,3;3,0
YPL022W;YML095C;YMR201C,0;0;0,1
YJR052W;YKL112W;YBR114W,0;0;0,1
YJL006C;YML112W;YKL139W,0;0;0,1
YHR085W;YHR197W;YNL182C,0;0;0,1
YKR048C;YCR002C;YLR314C;YJR076C;YHR107C;YNL166C;YDL225W;YDR507C,0;0;0;0;0;0;0;0,1
YJR066W;YHR186C;YNL006W;YPL180W,0;0;0;0,1
YKL203C;YHR186C;YNL006W;YPL180W,0;0;0;0,1
YKL203C;YER093C;YNL006W;YJL058C;YMR068W;YOL078W,0;0;0;0;0;0,1
YKR020W;YDR484W;YJL029C;YDR027C,0;0;0;0,1
YKR027W;YJL099W;YMR237W;YOR299W;YLR330W,0;0;2;0;2,1
YNL072W;YDR279W;YLR154C,0;0;0,1
Q0045;Q0275;YMR256C;YLR038C,1;1;1;1;1;1;2;1;1;1;1,0
Q0045;Q0275;YMR256C;YLR038C,1;1;1;1;1;1;2;1;1;1;1,0
YBR279W;YOR123C;YGL244W;YOL145C;YLR418C,0;0;0;0;0,1
YKL188C;YPL147W,0;0,1
YCL016C;YBR087W;YNL290W;YHR191C;YOL094C;YJR068W;YMR078C,0;0;0;0;0;0;0,1
YMR284W;YMR106C,1;1,0
YOR206W;YDR060W,0;0,1
YOR206W;YLR002C,0;0,1
YPR144C;YDL148C,0;0,1
YLR060W;YFL022C,2;2,0
YPL057C;YBR036C,0;0,1
YBR036C;YBR161W,0;0,1
YJR045C,1;1,0
YJL035C;YLR316C,1;1,0
YGR285C;YHR064C,1;1,0
YHR083W;YMR060C;YNL026W,0;0;0,1
YGL145W;YNL258C;YLR440C,0;0;0,1
YAL009W;YHR004C,0;0,1
YHR167W;YDR138W;YML062C;YNL139C;YNL253W;YDL084W;YDR381W,0;0;0;0;0;0;0,1
YMR150C;YMR035W;YEL059C-A,0;0;0,1
YLR268W;YDR498C;YOR075W;YGL098W,1;1;1;1,0
YOR327C;YDR468C;YMR197C;YOL018C,1;1;1;1,0
YAL030W;YDR468C;YMR197C;YOL018C,1;1;1;1,0
YPR111W;YIL106W,1;1,0
YGL212W;YKL196C;YMR197C;YOR106W,1;1;1;1,0
YGL212W;YMR197C;YOR106W;YLR093C,1;1;1;1,0
YAL014C;YOR036W;YKL196C;YMR197C,1;1;1;1,0
YOR036W;YKL196C;YDR468C;YMR197C,1;1;1;1,0
YAL030W;YOR036W;YDR468C;YMR197C,1;1;1;1,0
YAL030W;YAL014C;YOR036W;YMR197C,1;1;1;1,0
YHR153C;YGL249W,1;1,0
YHR153C;YIL073C;YGL249W,1;0;1,1
YAL014C;YOR036W;YOR327C;YMR197C,1;1;1;1,0
YOR036W;YOR327C;YDR468C;YMR197C,1;1;1;1,0
YAL030W;YPL232W;YGR009C,1;1;1,0
YPL232W;YOR327C;YGR009C,1;1;1,0
YAL030W;YPL232W;YMR017W,0;0;0,1
YOR327C;YMR183C;YGR009C,1;1;1,0
YPL232W;YOR327C;YMR017W,0;0;0,1
YAL030W;YMR183C;YGR009C,1;1;1,0
YPL232W;YGR009C;YLR093C,1;1;1,0
YDL165W;YIL038C;YCR093W;YAL021C;YER068W;YNR052C;YGR134W;YNL288W;YPR072W,0;0;0;0;0;0;0;0;0,1
YPL174C;YMR294W;YHR129C;YDR106W;YLL049W,0;0;0;0;0,1
YOR368W;YLR288C;YPL194W,1;1;1,0
YER173W;YBR087W;YNL290W;YOL094C;YJR068W,0;0;0;0;0,1
YGL195W;YFR009W,0;0,1
YJR021C;YER044C-A;YMR133W,0;0;0,1
YBL052C;YPL129W;YJR082C;YOR064C;YPR031W,0;0;0;0;0,1
YDL042C;YLR442C;YDR227W,1;1;1,0
YPR165W;YLR342W,0;0,1
YPR165W;YGR032W,0;0,1
YCR060W;YHR034C;YDR190C;YPL235W,0;0;0;0,1
YNR017W;YJL143W;YGR033C;YPL063W;YPL098C,0;0;0;0;0,1
YJR045C;YNR017W;YKR065C;YOR232W;YJL143W;YJL104W;YIL022W;YPL063W;YLR008C,0;0;0;0;0;0;0;0;0,1
YGL237C;YBL021C;YKL109W;YOR358W,1;1;1;1,0
YOR361C;YMR309C;YBR079C;YMR146C;YDR429C,1;1;1;1;1,0
YLR105C;YAR008W;YPL083C;YMR059W,1;1;1;1,0
YLR378C;YDR086C;YER087C-B,0;0;0,1
YDR086C;YBR283C;YER019C-A,1;1;1,0
YIR022W;YJR010C-A;YML055W;YLR066W,0;0;0;0,1
YBL014C;YJL025W;YML043C,0;0;0,1
YGR003W;YNL230C;YPL046C;YOL133W,0;0;0;0,1
YNR044W;YGL032C,1;1,0
YER157W;YGL223C;YGL005C;YGR120C;YNL051W;YNL041C;YML071C;YPR105C,0;0;0;0;0;0;0;0,1
YDR075W;YBL046W;YNL201C,0;0;0,1
YBR217W;YPL149W,1;1,0
YBR217W;YMR159C;YPL149W,4;4;4,0
YER090W;YKL211C,1;1,0
YOL004W;YNL330C;YPL139C;YMR075W;YPR023C,1;1;0;2;2,1
YOL004W;YAL013W;YNL330C;YBR095C;YMR263W;YIL084C;YNL097C;YPL139C;YDL076C;YPL181W,2;1;2;1;1;1;1;0;1;0,1
YCR081W;YDR443C;YPL042C;YNL025C,0;0;0;0,1
YLR268W;YIL004C;YLR078C;YLR026C,1;1;1;1,0
YKL196C;YHL031C;YKL006C-A;YLR026C,1;1;1;1,0
YDL134C;YAL016W;YGL190C,1;1;1,0
YDL134C;YAL016W;YOR014W,1;1;1,0
YDL188C;YAL016W;YOR014W,1;1;1,0
YDL188C;YAL016W;YGL190C,1;1;1,0
YLL026W;YBR137W;YOR007C;YOR164C;YOL111C,0;0;0;1;1,1
YGR103W;YMR049C;YOR272W,0;0;0,1
YDL047W;YIL153W;YMR028W,1;0;0,1
YDL047W;YFR040W,1;0,1
YDL047W;YJL098W,1;0,1
YDL047W;YKR028W,0;0,1
YFL008W;YIL026C;YJL074C;YDL003W,0;0;0;0,1
YER147C;YDR180W,1;1,0
YBL097W;YFR031C;YLR272C;YDR325W;YLR086W,1;1;1;1;1,0
YKR023W;YGL110C;YGR271W,0;0;0,1
YCL010C;YCR082W;YDR176W;YDR448W;YGR252W;YOR023C,0;0;0;0;0;0,1
YDR392W;YCL010C;YDR176W;YER164W;YBR081C;YBR198C;YHR099W;YMR223W;YOL148C;YGL112C;YGL066W;YDR448W;YPL047W;YGR252W;YDR145W;YMR236W;YDR167W;YPL254W;YBR111W-A,0;0;0;0;0;0;0;0;0;0;0;0;0;0;0;0;0;0;0,1
YCL017C;YKL192C;YPL135W;YDL120W;YPL252C;YER048W-A,2;2;2;2;2;2,0
YGL220W;YDR098C,1;1,0
YER174C;YGL220W,1;1,0
YPR170W-B;YBR127C;YDL185W;YOR332W;YHR026W;YEL027W;YKL080W;YLR447C;YEL051W;YPL234C;YMR054W;YGR020C;YPR036W;YHR039C-A;YGR106C;YCL005W-A,1;3;3;3;1;8;1;1;1;1;1;1;1;3;1;1,0
YPR170W-B;YBR127C;YDL185W;YOR332W;YHR026W;YEL027W;YKL080W;YLR447C;YOR270C;YEL051W;YPL234C;YGR020C;YPR036W;YHR039C-A;YGR106C;YCL005W-A,1;3;3;3;1;8;1;1;1;1;1;1;1;3;1;1,0
YER174C,2,0
YDR098C,2,0
YPL059W;YAL044W-A,1;1,0
YAL046C;YPL059W,1;1,0
YBR014C,2,0
YPL059W,2,0
YNL250W;YMR224C;YDR369C,2;2;0,1
YAL033W;YBL018C;YBR167C;YBR257W;YHR062C;YIR015W;YNL221C;YGR030C;YNL282W,1;1;1;1;1;1;1;1;1,0
YDR363W-A;YOR257W;YDR159W;YOL072W;YBR111W-A,0;0;0;0;0,1
YBR097W;YLR240W;YBR128C;YPL120W;YLR211C,0;0;0;0;2,1
YLR256W;YAL005C;YNL064C;YCL037C,2;3;1;5,0
YLR256W;YLL024C;YNL064C;YCL037C,2;0;1;5,1
YNL021W;YPR179C;YDR295C,2;1;1,0
YJR050W;YLL036C;YBR188C;YGR129W;YMR213W;YDR416W;YPR101W;YLR117C,0;0;0;0;0;0;0;0,1
YKR022C;YGL120C;YLR424W,0;0;0,1
YCR052W;YIL126W;YMR091C;YBL006C;YHR056C;YFR037C;YGR275W;YKR008W;YML127W;YMR033W;YLR321C;YLR357W;YDR303C;YLR033W;YPR034W;YCR020W-B,0;0;0;0;0;0;0;0;0;0;0;0;0;0;0;0,1
YCR052W;YIL126W;YMR091C;YBL006C;YHR056C;YFR037C;YGR056W;YGR275W;YKR008W;YML127W;YMR033W;YLR321C;YDR303C;YLR033W;YPR034W;YCR020W-B,0;0;0;0;0;0;0;0;0;0;0;0;0;0;0;0,1
YJL085W;YGL233W;YIL068C;YPR055W;YER008C;YBR102C;YDR166C;YLR166C,0;0;0;0;0;0;0;0,1
YJL140W;YDR404C,1;1,0
YHR148W;YJR002W;YNL075W,0;0;0,1
YIL071C;YJR084W;YDR179C;YMR025W;YOL117W;YDL216C,0;0;0;0;0;0,1
YMR061W;YGL044C;YDR228C;YOR250C,2;2;1;1,0
YMR061W;YGL044C;YDR228C;YOR250C;YOL123W,2;2;1;1;0,1
YDL140C;YOR151C;YIL021W;YJL140W;YBR154C;YPR187W;YOR224C;YOR210W;YGL070C;YDR404C;YOL005C;YHR143W-A,1;1;1;1;1;1;1;1;1;1;1;1,0
YGR140W;YMR094W;YMR168C;YDR328C,2;1;2;1,0
YGL093W;YDR532C,0;0,1
YBR156C;YPL209C;YJR089W;YHR199C-A,0;0;0;0,1
YDL014W;YCL031C;YCL059C;YCR057C;YHR148W;YLL011W;YKL099C;YBL004W;YKR060W;YBR247C;YHR196W;YEL026W;YER082C;YER127W;YJL069C;YIL019W;YJL109C;YJR002W;YGR145W;YGR090W;YGR128C;YNL132W;YNL075W;YDR449C;YPL126W;YDR398W;YMR128W;YMR093W;YML093W;YMR229C;YDR339C;YLR222C;YLR409C;YLR186W;YPR137W;YPR144C;YDR324C;YOL010W;YOR078W;YPL217C;YLR051C;YDL153C;YLR129W;YLR197W;YOR310C;YDL148C;YOR145C,0;0;0;0;0;0;0;0;0;0;0;0;0;0;0;0;0;0;0;0;0;0;0;0;0;0;0;0;0;0;0;0;0;0;0;0;0;0;0;0;0;0;0;0;0;0;0,1
YCL039W;YMR135C;YIL097W;YIL017C;YGL227W;YGR066C;YDR255C,1;1;1;1;1;1;1,0
YCL039W;YMR135C;YIL097W;YIL017C;YGL227W;YDR255C;YLR149C,1;1;1;1;1;1;1,0
YDL126C;YBL058W,6;1,0
YKL206C;YLR199C,1;1,0
YLR021W;YPL144W,1;1,0
YDR150W;YPR083W,0;0,1
YPL167C;YIL139C;YJR006W;YJR043C,1;2;1;1,0
YCL055W;YBR057C;YNL196C;YGL192W;YGL036W,0;0;0;0;0,1
YER072W;YJL012C;YPL019C,3;1;1,0
YER072W;YFL004W;YJL012C,3;1;1,0
YHR167W;YDR138W;YML062C;YNL139C;YNL253W,1;1;1;1;1,0
YAL038W;YLR180W;YDR502C;YLR058C;YER081W;YIL074C;YLR153C,0;0;0;0;0;0;0,1
YKL197C;YNL329C;YOL044W,3;3;0,1
YJL210W;YMR026C;YDR265W,0;0;0,1
YNL214W;YGL153W;YLR191W,0;0;0,1
YHR160C;YDR142C,0;0,1
YDR142C;YGR239C,0;0,1
YEL048C;YGR166W;YKR068C;YBR254C;YDR472W;YML077W;YMR218C;YDR246W;YDR407C;YOR115C,2;2;4;2;2;2;2;2;2;2,0
YKR068C;YBR254C;YDR472W;YML077W;YDR246W;YOR115C,2;1;1;1;1;1,0
YGR264C;YGL245W;YGL105W,1;1;1,0
YIR008C;YNL102W;YKL045W;YBL035C,1;1;1;1,0
YDL102W;YJR006W;YJR043C,1;1;1,0
YNL262W;YPR175W;YBR278W;YDR121W,1;1;1;1,0
YNL216W;YBR275C;YLR453C,0;0;0,1
YAL011W;YLR399C;YBR231C;YGR002C;YNL107W;YFL039C;YJL081C;YDR485C;YML041C;YDR190C;YDR334W;YLR385C;YPL235W;YLR085C,0;0;0;0;0;0;0;0;0;0;0;0;0;0,1
YPR193C,4,0
YCR030C,2,0
YHR079C,2,0
YNL231C,2,0
YDR212W;YIL142W;YJL014W;YDL143W;YDR188W;YJR064W;YJL111W;YJL008C,2;2;2;2;2;2;2;2,0
YBR109C;YOR326W;YGL106W,8;2;4,0
YLR421C;YDR363W-A;YOR362C;YGL011C;YER012W;YGR135W;YML092C;YBL041W;YOR157C;YER094C;YPR103W;YFR050C;YGR253C;YFR052W;YIL075C;YOR117W;YDR394W;YKL145W;YJL001W;YHR027C;YHR200W;YER021W;YMR314W;YOL038W;YDL007W;YFR004W;YOR259C;YGL048C;YDR427W;YPR108W;YOR261C;YDL147W;YDL097C,1;1;1;1;1;1;1;1;1;1;1;1;1;1;1;1;1;1;1;1;1;1;1;1;1;1;1;1;1;1;1;1;1,0
YJR104C;YMR038C,1;1,0
YEL020W-A;YHR005C-A,3;3,0
YHR122W;YIL128W;YDR267C,0;0;0,1
YGR181W;YJR135W-A,3;3,0
YPR181C;YPL218W;YDL195W;YIL109C;YLR208W,1;0;2;0;1,1
YKL089W;YBR107C;YBR211C;YDR254W;YFR046C;YJR135C;YGR179C;YPL018W;YLR315W;YDR318W;YPR046W;YDR383C;YLR381W;YDR374W-A;YDL160C-A;YOL086W-A,0;1;1;1;0;1;1;1;1;1;1;1;1;1;0;0,1
YDR092W;YGL087C,1;1,0
YBL002W;YBR009C;YDR225W;YBR010W,2;2;2;2,0
YKL191W;YIL103W,0;0,1
YOR116C;YPR110C;YNL151C;YBR154C;YPR187W;YOR224C;YOR210W;YOR207C;YDL150W;YNL113W;YPR190C;YNR003C;YKL144C;YKR025W;YHR143W-A;YJL011C;YDR045C,1;1;1;1;1;1;1;1;1;1;1;1;1;1;1;1;1,0
YJL062W;YDR302W,0;0,1
YDR302W;YLL031C,0;0,1
YJR122W;YLL027W;YPR067W,0;0;0,1
YDR477W;YGL115W;YGL208W,1;1;1,0
YDL010W,2,0
YPR080W;YPL048W;YAL003W,2;2;2,0
YKL004W;YDR367W,0;0,1
YMR038C,2,0
YJR104C,2,0
YGL058W;YCR066W,1;1,0
YGL058W;YDL074C,0;0,1
YDL074C,0,1
YGL058W;YGR184C,0;0,1
YER125W;YMR275C,0;0,1
YER125W;YML111W,0;0,1
YGL058W;YLR024C,0;0,1
YGL058W;YMR100W;YLR024C,0;0;0,1
YEL032W;YBL023C;YLR274W;YPR019W;YBR202W;YGL201C,1;1;1;1;1;1,0
YDL126C;YBR170C;YGR048W,6;1;1,0
YMR264W;YMR022W,1;1,0
YEL020W-A;YBR091C;YHR005C-A,0;0;0,1
YPR165W;YMR306W,0;0,1
YMR108W;YCL009C,2;2,0
YAL023C;YDL095W,1;1,0
YDL095W;YOR321W,1;1,0
YAL023C;YDL093W,1;1,0
YJR143C,2,0
YOR321W;YDL093W,1;1,0
YOR254C;YPL094C;YLR378C;YBR171W;YDR086C;YLR292C;YER087C-B,1;1;1;1;1;1;1,0
YOR254C;YPL094C;YBR171W;YLR292C,1;1;1;1,0
YDL126C;YBR170C;YDR049W,6;0;0,1
YBR201W;YML029W;YML013W;YLR207W;YOL013C;YDR057W,0;0;0;2;2;0,1
YIL030C;YML013W,0;0,1
YDR137W;YLR039C,0;0,1
YHL006C;YDR078C;YIL132C;YLR376C,1;1;1;1,0
YFR019W;YNL325C;YFR021W;YNL054W;YLR386W,0;0;0;0;0,1
YDR004W;YDR076W,1;1,0
YFL036W;YMR228W,1;1,0
YHR090C;YHR099W;YEL018W;YFL024C;YJR082C;YGR002C;YNL136W;YNL107W;YFL039C;YJL081C;YDR359C;YOR244W;YPR023C,0;0;0;0;0;0;0;0;0;0;0;0;0,1
YMR296C;YKL212W;YDR062W;YGR038W;YLR350W;YBR058C-A,0;0;0;0;0;0,1
YBR228W;YLR135W,0;0,1
YFR030W;YJR137C,2;2,0
YBR077C;YGR163W;YML121W;YKR007W;YCR075W-A,1;0;0;1;1,1
YDL013W;YER116C,1;1,0
YPL029W;YMR287C,1;1,0
YEL018W;YNL136W;YPR023C,0;0;0,1
YHR090C;YFL024C;YOR244W,0;0;0,1
YLL021W;YER149C;YLR319C;YNL271C;YNL293W;YOL112W,0;0;0;0;0;0,1
YAL010C;YAL048C;YLL006W;YGL219C;YOL009C,0;0;0;0;0,1
YFL018C;YNL071W;YER178W;YGR193C;YBR221C,12;60;24;12;24,0
YOR026W;YGL086W;YJL030W;YGR188C,1;1;1;1,0
YGL207W;YML069W,1;1,0
YLR071C;YOL051W;YBL093C;YNL236W;YER022W;YBR253W;YGR104C;YNR010W;YHR041C;YBR193C;YGL127C;YHR058C;YGL025C;YDR308C;YGL151W;YPR168W;YOL135C;YDL005C;YPR070W;YOR174W;YMR112C,0;0;0;0;0;0;0;0;0;0;0;0;0;0;0;0;0;0;0;0;0,1
YBL104C;YHL023C;YEL062W;YJR138W;YGL100W;YDR128W;YLR208W;YOL138C,3;1;1;1;3;1;1;1,0
YKL143W;YBR077C;YGR163W;YML121W;YKR007W,0;0;0;0;0,1
YFL009W;YDR054C;YDR328C;YOL133W;YDL132W,1;1;1;1;1,0
YDR390C;YPR180W,1;1,0
YDR054C;YJR090C;YDR328C;YOL133W;YDL132W,1;1;1;1;1,0
YDR054C;YDR328C;YLR368W;YOL133W;YDL132W,1;1;1;1;1,0
YDR054C;YDR328C;YML088W;YOL133W;YDL132W,1;1;1;1;1,0
YDR054C;YJL149W;YDR328C;YOL133W;YDL132W,1;1;1;1;1,0
YNL159C;YNL008C;YMR119W,0;0;0,1
YDR054C;YIL046W;YDR328C;YOL133W;YDL132W,1;1;1;1;1,0
YDR054C;YDR328C;YOL133W;YOR080W;YDL132W,1;1;1;1;1,0
YDR054C;YDR328C;YLR352W;YOL133W;YDL132W,1;1;1;1;1,0
YDR054C;YBR280C;YDR328C;YOL133W;YDL132W,1;1;1;1;1,0
YDR054C;YDR328C;YOL133W;YDL132W;YLR097C,1;1;1;1;1,0
YDL126C;YBR170C;YGR048W;YMR247C;YDR333C;YPL009C,6;1;1;0;0;0,1
YIR024C;YPL099C,0;0,1
YJR121W;Q0085;Q0080;YPL078C;YBL099W;YDR298C;YPL271W;YKL016C;YBR039W;Q0130;YDR322C-A;YML081C-A;YOL077W-A;YDR377W;YDL004W;YPR020W;YLR295C,3;1;1;1;3;1;1;1;1;10;1;1;1;1;1;1;1,0
YAL033W;YBL018C;YBR167C;YBR257W;YHR062C;YDR478W;YNL221C;YGR030C;YNL282W;YLR145W,1;1;1;1;2;1;1;1;1;1,0
YKL025C;YGL094C,2;1,0
YAL019W,2,0
YLR233C;YIL009C-A;YLR318W,1;1;1,0
